Customer_ID,Order_Date,Region,Product,Revenue,Cost,Discount,Return_Status
CUST00000,2025-01-01 00:00:00.000000,South,Product B,3809.71,2418.76,0.086,False
CUST00001,2025-01-01 01:18:21.100220,West,Product B,4099.85,2291.37,0.011,False
CUST00002,2025-01-01 02:36:42.200440,East,Product D,5311.06,3217.16,0.118,False
CUST00003,2025-01-01 03:55:03.300660,South,Product A,4060.9,2712.78,0.151,False
CUST00004,2025-01-01 05:13:24.400880,North,Product D,5890.11,3025.4,0.083,False
CUST00005,2025-01-01 06:31:45.501100,North,Product A,4943.1,2548.96,0.084,False
CUST00006,2025-01-01 07:50:06.601320,North,Product C,5068.48,3098.02,0.018,False
CUST00007,2025-01-01 09:08:27.701540,West,Product C,4777.3,2999.3,0.04,False
CUST00008,2025-01-01 10:26:48.801760,East,Product A,5618.28,3046.69,0.031,False
CUST00009,2025-01-01 11:45:09.901980,East,Product B,5626.53,3651.86,0.096,False
CUST00010,2025-01-01 13:03:31.002200,North,Product A,5268.04,3314.93,0.106,False
CUST00011,2025-01-01 14:21:52.102420,West,Product C,5451.83,3732.64,0.19,False
CUST00012,2025-01-01 15:40:13.202640,West,Product B,4830.33,2578.38,0.015,False
CUST00013,2025-01-01 16:58:34.302860,North,Product C,5433.76,3533.44,0.12,False
CUST00014,2025-01-01 18:16:55.403080,North,Product A,4729.7,2443.97,0.105,False
CUST00015,2025-01-01 19:35:16.503300,North,Product A,5001.79,3066.39,0.103,False
CUST00016,2025-01-01 20:53:37.603520,South,Product A,4780.29,2917.79,0.175,False
CUST00017,2025-01-01 22:11:58.703740,South,Product A,4634.23,2677.09,0.041,False
CUST00018,2025-01-01 23:30:19.803960,South,Product B,4448.71,2975.81,0.008,False
CUST00019,2025-01-02 00:48:40.904180,North,Product D,5374.15,2691.77,0.134,False
CUST00020,2025-01-02 02:07:02.004400,East,Product C,6048.48,3653.5,0.069,False
CUST00021,2025-01-02 03:25:23.104620,North,Product B,5936.88,3226.28,0.004,False
CUST00022,2025-01-02 04:43:44.204840,North,Product D,3994.75,2591.39,0.05,False
CUST00023,2025-01-02 06:02:05.305061,South,Product C,6031.36,3067.63,0.062,False
CUST00024,2025-01-02 07:20:26.405281,South,Product D,4745.47,3161.96,0.123,False
CUST00025,2025-01-02 08:38:47.505501,East,Product B,5480.59,3658.94,0.035,False
CUST00026,2025-01-02 09:57:08.605721,North,Product A,4275.03,2849.62,0.083,False
CUST00027,2025-01-02 11:15:29.705941,South,Product A,5113.58,2712.83,0.096,False
CUST00028,2025-01-02 12:33:50.806161,South,Product C,5250.98,3287.54,0.092,False
CUST00029,2025-01-02 13:52:11.906381,North,Product A,3812.32,1917.11,0.195,False
CUST00030,2025-01-02 15:10:33.006601,East,Product A,5486.61,3673.8,0.009,False
CUST00031,2025-01-02 16:28:54.106821,North,Product B,6076.75,3917.04,0.19,False
CUST00032,2025-01-02 17:47:15.207041,North,Product B,4860.28,2946.45,0.116,False
CUST00033,2025-01-02 19:05:36.307261,West,Product C,6088.13,3933.66,0.159,False
CUST00034,2025-01-02 20:23:57.407481,West,Product A,4848.25,2515.58,0.086,False
CUST00035,2025-01-02 21:42:18.507701,West,Product B,-5679.67,3440.35,0.091,False
CUST00036,2025-01-02 23:00:39.607921,South,Product C,3225.14,1800.45,0.176,False
CUST00037,2025-01-03 00:19:00.708141,North,Product D,6935.02,4816.54,0.179,False
CUST00038,2025-01-03 01:37:21.808361,East,Product C,6196.37,4160.39,0.048,False
CUST00039,2025-01-03 02:55:42.908581,South,Product D,4772.3,3086.03,0.04,False
CUST00040,2025-01-03 04:14:04.008801,North,Product C,3422.33,2350.28,0.099,False
CUST00041,2025-01-03 05:32:25.109021,South,Product B,5230.42,2978.04,0.18,False
CUST00042,2025-01-03 06:50:46.209241,North,Product A,3844.86,2615.18,0.064,False
CUST00043,2025-01-03 08:09:07.309461,West,Product C,5355.88,3026.33,0.13,True
CUST00044,2025-01-03 09:27:28.409681,North,Product C,5329.25,3445.68,0.142,False
CUST00045,2025-01-03 10:45:49.509901,East,Product C,4246.88,2748.93,0.156,True
CUST00046,2025-01-03 12:04:10.610122,South,Product B,5896.77,2970.03,0.113,False
CUST00047,2025-01-03 13:22:31.710342,South,Product B,5644.46,3229.83,0.08,False
CUST00048,2025-01-03 14:40:52.810562,South,Product A,5780.66,2912.8,0.193,False
CUST00049,2025-01-03 15:59:13.910782,North,Product B,5007.09,3502.05,0.122,False
CUST00050,2025-01-03 17:17:35.011002,West,Product A,3867.58,2028.31,0.146,False
CUST00051,2025-01-03 18:35:56.111222,East,Product C,5782.3,3518.89,0.069,False
CUST00052,2025-01-03 19:54:17.211442,West,Product A,4783.7,3148.21,0.134,False
CUST00053,2025-01-03 21:12:38.311662,West,Product A,3888.18,2100.6,0.052,False
CUST00054,2025-01-03 22:30:59.411882,South,Product B,6081.63,3630.8,0.049,False
CUST00055,2025-01-03 23:49:20.512102,West,Product C,6679.53,4151.23,0.143,False
CUST00056,2025-01-04 01:07:41.612322,North,Product B,4967.0,2642.65,0.104,False
CUST00057,2025-01-04 02:26:02.712542,North,Product A,6727.3,4411.16,0.137,False
CUST00058,2025-01-04 03:44:23.812762,North,Product B,5073.05,2840.24,0.054,False
CUST00059,2025-01-04 05:02:44.912982,South,Product A,4695.64,2546.0,0.12,False
CUST00060,2025-01-04 06:21:06.013202,South,Product D,4495.63,2749.79,0.089,False
CUST00061,2025-01-04 07:39:27.113422,North,Product D,6309.67,3672.62,0.119,False
CUST00062,2025-01-04 08:57:48.213642,West,Product B,4375.88,2993.36,0.058,False
CUST00063,2025-01-04 10:16:09.313862,South,Product A,5588.22,3777.7,0.143,False
CUST00064,2025-01-04 11:34:30.414082,North,Product C,4552.67,2716.44,0.161,False
CUST00065,2025-01-04 12:52:51.514302,South,Product A,4631.75,2648.68,0.052,True
CUST00066,2025-01-04 14:11:12.614522,North,Product B,5824.2,3291.28,0.06,False
CUST00067,2025-01-04 15:29:33.714742,West,Product A,4695.97,2599.28,0.132,False
CUST00068,2025-01-04 16:47:54.814962,North,Product D,4676.16,2847.36,0.139,False
CUST00069,2025-01-04 18:06:15.915183,West,Product A,5906.24,3904.0,0.141,False
CUST00070,2025-01-04 19:24:37.015403,East,Product B,6277.92,3529.14,0.137,False
CUST00071,2025-01-04 20:42:58.115623,North,Product C,5515.75,2967.58,0.079,False
CUST00072,2025-01-04 22:01:19.215843,North,Product B,4476.18,2663.76,0.079,False
CUST00073,2025-01-04 23:19:40.316063,West,Product A,4591.51,2359.15,0.051,False
CUST00074,2025-01-05 00:38:01.416283,East,Product D,5063.93,3242.21,0.031,False
CUST00075,2025-01-05 01:56:22.516503,East,Product B,5256.74,3173.35,0.139,False
CUST00076,2025-01-05 03:14:43.616723,East,Product C,4209.71,2522.77,0.019,False
CUST00077,2025-01-05 04:33:04.716943,North,Product A,5578.43,3124.42,0.188,False
CUST00078,2025-01-05 05:51:25.817163,South,Product B,5068.41,3451.26,0.165,False
CUST00079,2025-01-05 07:09:46.917383,North,Product B,3627.43,1879.36,0.172,False
CUST00080,2025-01-05 08:28:08.017603,West,Product A,4256.86,2868.97,0.181,False
CUST00081,2025-01-05 09:46:29.117823,East,Product A,4596.7,2644.67,0.082,False
CUST00082,2025-01-05 11:04:50.218043,South,Product C,4941.71,3341.21,0.169,False
CUST00083,2025-01-05 12:23:11.318263,North,Product A,6511.42,4204.77,0.032,False
CUST00084,2025-01-05 13:41:32.418483,South,Product A,5190.54,2703.41,0.004,False
CUST00085,2025-01-05 14:59:53.518703,South,Product B,4327.38,2883.37,0.157,False
CUST00086,2025-01-05 16:18:14.618923,East,Product C,5176.5,3294.51,0.015,False
CUST00087,2025-01-05 17:36:35.719143,East,Product A,4718.33,2389.65,0.198,False
CUST00088,2025-01-05 18:54:56.819363,West,Product B,-5259.81,2770.55,0.135,False
CUST00089,2025-01-05 20:13:17.919583,South,Product A,5464.45,3426.9,0.151,False
CUST00090,2025-01-05 21:31:39.019803,North,Product A,5967.38,3774.49,0.049,False
CUST00091,2025-01-05 22:50:00.120024,East,Product A,4980.57,3234.04,0.135,False
CUST00092,2025-01-06 00:08:21.220244,East,Product C,6311.17,4064.7,0.009,False
CUST00093,2025-01-06 01:26:42.320464,South,Product A,5726.42,3618.55,0.168,True
CUST00094,2025-01-06 02:45:03.420684,East,Product A,4434.05,2896.53,0.034,False
CUST00095,2025-01-06 04:03:24.520904,South,Product B,6767.88,4162.36,0.139,False
CUST00096,2025-01-06 05:21:45.621124,South,Product C,5261.6,2905.23,0.045,False
CUST00097,2025-01-06 06:40:06.721344,South,Product A,4331.9,2956.42,0.014,False
CUST00098,2025-01-06 07:58:27.821564,North,Product B,6322.33,3184.2,0.096,False
CUST00099,2025-01-06 09:16:48.921784,North,Product A,6662.22,3819.53,0.034,False
CUST00100,2025-01-06 10:35:10.022004,North,Product B,4973.58,3211.81,0.146,False
CUST00101,2025-01-06 11:53:31.122224,East,Product B,4597.08,2691.27,0.048,False
CUST00102,2025-01-06 13:11:52.222444,South,Product B,4862.1,2455.2,0.068,False
CUST00103,2025-01-06 14:30:13.322664,South,Product A,5571.79,2859.42,0.113,False
CUST00104,2025-01-06 15:48:34.422884,West,Product A,6022.29,3792.4,0.057,False
CUST00105,2025-01-06 17:06:55.523104,North,Product A,5456.39,3781.13,0.076,False
CUST00106,2025-01-06 18:25:16.623324,South,Product B,5081.38,3101.53,0.163,False
CUST00107,2025-01-06 19:43:37.723544,East,Product A,6198.41,3727.42,0.036,False
CUST00108,2025-01-06 21:01:58.823764,North,Product C,4749.73,2677.26,0.016,False
CUST00109,2025-01-06 22:20:19.923984,North,Product D,5824.74,3211.4,0.066,False
CUST00110,2025-01-06 23:38:41.024204,North,Product D,4769.55,2404.79,0.085,False
CUST00111,2025-01-07 00:57:02.124424,North,Product D,5344.82,2964.19,0.109,False
CUST00112,2025-01-07 02:15:23.224644,West,Product C,4909.15,2895.53,0.074,False
CUST00113,2025-01-07 03:33:44.324864,West,Product C,4955.32,2673.84,0.158,False
CUST00114,2025-01-07 04:52:05.425085,East,Product A,4698.09,2431.12,0.008,False
CUST00115,2025-01-07 06:10:26.525305,West,Product C,6075.88,3910.11,0.086,False
CUST00116,2025-01-07 07:28:47.625525,West,Product B,4413.66,2996.54,0.076,False
CUST00117,2025-01-07 08:47:08.725745,North,Product B,4407.81,3029.73,0.13,False
CUST00118,2025-01-07 10:05:29.825965,West,Product C,6696.79,4176.12,0.193,False
CUST00119,2025-01-07 11:23:50.926185,South,Product A,5782.28,2952.17,0.102,False
CUST00120,2025-01-07 12:42:12.026405,West,Product A,3091.91,2004.09,0.197,False
CUST00121,2025-01-07 14:00:33.126625,West,Product D,4547.79,2374.03,0.06,False
CUST00122,2025-01-07 15:18:54.226845,South,Product A,3550.41,2250.78,0.006,False
CUST00123,2025-01-07 16:37:15.327065,North,Product B,4239.45,2780.54,0.033,False
CUST00124,2025-01-07 17:55:36.427285,North,Product D,2489.19,1605.96,0.079,False
CUST00125,2025-01-07 19:13:57.527505,South,Product C,4890.41,3376.22,0.063,False
CUST00126,2025-01-07 20:32:18.627725,West,Product B,4086.45,2646.5,0.019,False
CUST00127,2025-01-07 21:50:39.727945,West,Product A,5047.92,3223.82,0.087,False
CUST00128,2025-01-07 23:09:00.828165,North,Product A,3699.9,2043.64,0.068,False
CUST00129,2025-01-08 00:27:21.928385,South,Product D,5066.33,3470.2,0.025,False
CUST00130,2025-01-08 01:45:43.028605,South,Product B,4668.07,2501.66,0.059,False
CUST00131,2025-01-08 03:04:04.128825,North,Product B,6201.56,4223.14,0.177,False
CUST00132,2025-01-08 04:22:25.229045,North,Product A,6129.09,3447.81,0.06,False
CUST00133,2025-01-08 05:40:46.329265,South,Product A,5628.28,2960.66,0.143,False
CUST00134,2025-01-08 06:59:07.429485,West,Product D,4738.71,3152.84,0.122,False
CUST00135,2025-01-08 08:17:28.529705,South,Product B,6588.3,3297.44,0.085,False
CUST00136,2025-01-08 09:35:49.629925,South,Product C,3757.57,2504.11,0.048,False
CUST00137,2025-01-08 10:54:10.730146,East,Product A,3877.15,2141.98,0.074,False
CUST00138,2025-01-08 12:12:31.830366,South,Product C,4932.97,3339.35,0.118,False
CUST00139,2025-01-08 13:30:52.930586,West,Product D,6803.23,4342.47,0.07,False
CUST00140,2025-01-08 14:49:14.030806,West,Product B,4838.13,3063.68,0.043,False
CUST00141,2025-01-08 16:07:35.131026,North,Product A,4853.4,2781.31,0.023,False
CUST00142,2025-01-08 17:25:56.231246,South,Product B,3846.47,1968.93,0.176,True
CUST00143,2025-01-08 18:44:17.331466,South,Product C,5756.74,3834.08,0.088,False
CUST00144,2025-01-08 20:02:38.431686,North,Product B,5762.54,3078.24,0.125,False
CUST00145,2025-01-08 21:20:59.531906,North,Product D,5631.26,3234.89,0.098,False
CUST00146,2025-01-08 22:39:20.632126,East,Product C,4496.62,2788.23,0.175,False
CUST00147,2025-01-08 23:57:41.732346,South,Product D,4434.63,2645.04,0.109,False
CUST00148,2025-01-09 01:16:02.832566,North,Product C,3965.5,2140.31,0.096,False
CUST00149,2025-01-09 02:34:23.932786,North,Product A,5067.1,2676.05,0.185,False
CUST00150,2025-01-09 03:52:45.033006,West,Product A,4135.67,2169.78,0.144,False
CUST00151,2025-01-09 05:11:06.133226,North,Product A,4058.07,2729.46,0.022,False
CUST00152,2025-01-09 06:29:27.233446,North,Product D,4661.05,2359.94,0.036,True
CUST00153,2025-01-09 07:47:48.333666,South,Product C,4608.68,3204.89,0.157,False
CUST00154,2025-01-09 09:06:09.433886,West,Product C,4569.62,2466.25,0.167,False
CUST00155,2025-01-09 10:24:30.534106,North,Product A,5373.16,2805.13,0.109,True
CUST00156,2025-01-09 11:42:51.634326,East,Product A,5063.24,3115.89,0.111,False
CUST00157,2025-01-09 13:01:12.734546,East,Product C,4769.48,2461.04,0.126,False
CUST00158,2025-01-09 14:19:33.834766,North,Product B,5146.41,3193.3,0.088,False
CUST00159,2025-01-09 15:37:54.934986,East,Product A,4206.78,2819.07,0.136,False
CUST00160,2025-01-09 16:56:16.035207,South,Product C,5084.22,2590.82,0.022,False
CUST00161,2025-01-09 18:14:37.135427,East,Product A,5120.48,3379.38,0.192,False
CUST00162,2025-01-09 19:32:58.235647,East,Product A,3797.56,2198.39,0.15,True
CUST00163,2025-01-09 20:51:19.335867,South,Product B,5796.56,3083.18,0.126,False
CUST00164,2025-01-09 22:09:40.436087,North,Product A,4294.85,2298.69,0.063,False
CUST00165,2025-01-09 23:28:01.536307,West,Product D,5072.25,3468.16,0.032,False
CUST00166,2025-01-10 00:46:22.636527,South,Product A,5931.53,3096.98,0.082,False
CUST00167,2025-01-10 02:04:43.736747,North,Product A,5740.54,3865.43,0.132,False
CUST00168,2025-01-10 03:23:04.836967,North,Product A,5027.47,3060.97,0.127,False
CUST00169,2025-01-10 04:41:25.937187,South,Product C,4710.0,2391.79,0.077,False
CUST00170,2025-01-10 05:59:47.037407,East,Product B,5758.01,3413.9,0.123,False
CUST00171,2025-01-10 07:18:08.137627,North,Product B,5539.76,3675.57,0.163,False
CUST00172,2025-01-10 08:36:29.237847,South,Product A,4505.31,2907.01,0.005,False
CUST00173,2025-01-10 09:54:50.338067,North,Product A,4364.09,2608.66,0.09,False
CUST00174,2025-01-10 11:13:11.438287,East,Product B,3342.12,2245.94,0.152,False
CUST00175,2025-01-10 12:31:32.538507,North,Product C,5123.23,2684.94,0.109,False
CUST00176,2025-01-10 13:49:53.638727,East,Product D,4933.84,3364.82,0.13,False
CUST00177,2025-01-10 15:08:14.738947,South,Product A,5908.95,3954.79,0.103,False
CUST00178,2025-01-10 16:26:35.839167,West,Product B,5287.24,3392.59,0.198,False
CUST00179,2025-01-10 17:44:56.939387,North,Product D,6067.38,4026.18,0.011,False
CUST00180,2025-01-10 19:03:18.039607,South,Product B,4442.11,2704.19,0.098,False
CUST00181,2025-01-10 20:21:39.139827,North,Product C,5910.52,3753.37,0.018,False
CUST00182,2025-01-10 21:40:00.240048,West,Product A,4576.87,2801.59,0.032,False
CUST00183,2025-01-10 22:58:21.340268,West,Product D,5622.08,3210.69,0.077,False
CUST00184,2025-01-11 00:16:42.440488,North,Product C,3832.99,2352.58,0.031,True
CUST00185,2025-01-11 01:35:03.540708,East,Product D,5188.11,2861.21,0.193,False
CUST00186,2025-01-11 02:53:24.640928,West,Product C,3412.25,2006.59,0.189,False
CUST00187,2025-01-11 04:11:45.741148,South,Product B,4786.29,2661.92,0.067,False
CUST00188,2025-01-11 05:30:06.841368,South,Product D,5352.28,2807.69,0.128,False
CUST00189,2025-01-11 06:48:27.941588,North,Product A,4583.23,2586.65,0.107,False
CUST00190,2025-01-11 08:06:49.041808,North,Product A,4159.65,2788.62,0.163,True
CUST00191,2025-01-11 09:25:10.142028,West,Product C,5676.89,3271.12,0.125,False
CUST00192,2025-01-11 10:43:31.242248,West,Product C,4917.23,3194.24,0.0,False
CUST00193,2025-01-11 12:01:52.342468,East,Product D,4608.34,2465.65,0.153,False
CUST00194,2025-01-11 13:20:13.442688,South,Product A,5033.52,2944.02,0.149,False
CUST00195,2025-01-11 14:38:34.542908,South,Product C,7109.34,3717.98,0.102,False
CUST00196,2025-01-11 15:56:55.643128,East,Product C,5922.8,3125.61,0.181,False
CUST00197,2025-01-11 17:15:16.743348,West,Product A,5930.06,3697.32,0.182,False
CUST00198,2025-01-11 18:33:37.843568,West,Product B,5348.44,3324.03,0.105,False
CUST00199,2025-01-11 19:51:58.943788,East,Product A,5133.19,2785.65,0.122,False
CUST00200,2025-01-11 21:10:20.044008,East,Product A,3083.13,1834.11,0.199,False
CUST00201,2025-01-11 22:28:41.144228,North,Product D,4456.82,2997.93,0.06,False
CUST00202,2025-01-11 23:47:02.244448,North,Product C,4615.54,2468.58,0.065,True
CUST00203,2025-01-12 01:05:23.344668,West,Product C,3500.09,1763.49,0.037,False
CUST00204,2025-01-12 02:23:44.444888,East,Product D,4074.07,2568.29,0.179,False
CUST00205,2025-01-12 03:42:05.545109,North,Product B,3415.33,1744.21,0.149,False
CUST00206,2025-01-12 05:00:26.645329,North,Product C,4969.34,3458.6,0.021,False
CUST00207,2025-01-12 06:18:47.745549,East,Product B,5655.01,3516.99,0.196,False
CUST00208,2025-01-12 07:37:08.845769,North,Product D,5885.42,3496.41,0.146,False
CUST00209,2025-01-12 08:55:29.945989,North,Product A,5331.83,3124.44,0.17,False
CUST00210,2025-01-12 10:13:51.046209,South,Product D,4229.28,2599.38,0.01,False
CUST00211,2025-01-12 11:32:12.146429,East,Product A,3454.35,1789.78,0.101,False
CUST00212,2025-01-12 12:50:33.246649,East,Product A,3594.51,2465.84,0.14,False
CUST00213,2025-01-12 14:08:54.346869,North,Product C,3984.81,2491.02,0.109,False
CUST00214,2025-01-12 15:27:15.447089,East,Product B,4288.91,2302.27,0.133,False
CUST00215,2025-01-12 16:45:36.547309,North,Product C,4872.2,2984.3,0.164,False
CUST00216,2025-01-12 18:03:57.647529,South,Product B,4188.67,2205.97,0.075,False
CUST00217,2025-01-12 19:22:18.747749,East,Product C,5271.18,2654.1,0.17,False
CUST00218,2025-01-12 20:40:39.847969,East,Product A,4814.18,3014.18,0.033,False
CUST00219,2025-01-12 21:59:00.948189,West,Product A,5008.44,3153.8,0.054,False
CUST00220,2025-01-12 23:17:22.048409,East,Product A,5912.2,3646.29,0.009,False
CUST00221,2025-01-13 00:35:43.148629,South,Product B,4055.81,2176.74,0.073,False
CUST00222,2025-01-13 01:54:04.248849,North,Product A,5334.96,3311.34,0.076,False
CUST00223,2025-01-13 03:12:25.349069,South,Product B,4988.82,2550.8,0.161,False
CUST00224,2025-01-13 04:30:46.449289,North,Product B,4733.21,2943.34,0.131,False
CUST00225,2025-01-13 05:49:07.549509,North,Product A,5708.21,3486.59,0.087,False
CUST00226,2025-01-13 07:07:28.649729,West,Product B,5703.21,3599.02,0.13,True
CUST00227,2025-01-13 08:25:49.749949,South,Product D,4242.81,2881.27,0.011,False
CUST00228,2025-01-13 09:44:10.850170,West,Product A,4854.27,3252.71,0.036,False
CUST00229,2025-01-13 11:02:31.950390,East,Product B,5224.97,3637.26,0.125,False
CUST00230,2025-01-13 12:20:53.050610,East,Product C,4781.59,3324.4,0.128,False
CUST00231,2025-01-13 13:39:14.150830,South,Product B,5468.02,3578.62,0.155,False
CUST00232,2025-01-13 14:57:35.251050,South,Product C,5224.95,3611.93,0.081,False
CUST00233,2025-01-13 16:15:56.351270,South,Product B,6466.05,4354.6,0.145,False
CUST00234,2025-01-13 17:34:17.451490,North,Product B,3775.78,2437.33,0.137,False
CUST00235,2025-01-13 18:52:38.551710,East,Product A,4902.05,2524.93,0.193,False
CUST00236,2025-01-13 20:10:59.651930,North,Product C,4273.2,2178.52,0.043,False
CUST00237,2025-01-13 21:29:20.752150,North,Product C,5483.29,3660.2,0.11,False
CUST00238,2025-01-13 22:47:41.852370,East,Product A,3706.26,2216.09,0.12,False
CUST00239,2025-01-14 00:06:02.952590,North,Product B,5277.05,3498.27,0.2,False
CUST00240,2025-01-14 01:24:24.052810,West,Product D,4495.96,2529.35,0.04,False
CUST00241,2025-01-14 02:42:45.153030,West,Product B,4412.67,2557.27,0.105,False
CUST00242,2025-01-14 04:01:06.253250,West,Product B,3842.8,2459.54,0.069,False
CUST00243,2025-01-14 05:19:27.353470,South,Product D,4627.94,3161.18,0.105,True
CUST00244,2025-01-14 06:37:48.453690,North,Product C,5867.6,3036.79,0.046,False
CUST00245,2025-01-14 07:56:09.553910,West,Product B,4979.85,3347.93,0.01,False
CUST00246,2025-01-14 09:14:30.654130,South,Product C,5502.14,3623.73,0.115,False
CUST00247,2025-01-14 10:32:51.754350,West,Product D,6331.71,3565.44,0.067,False
CUST00248,2025-01-14 11:51:12.854570,West,Product B,5211.0,2975.71,0.036,False
CUST00249,2025-01-14 13:09:33.954790,West,Product B,4552.96,2318.79,0.065,False
CUST00250,2025-01-14 14:27:55.055011,North,Product B,5373.8,2703.82,0.01,False
CUST00251,2025-01-14 15:46:16.155231,South,Product D,4564.56,2717.75,0.19,False
CUST00252,2025-01-14 17:04:37.255451,West,Product C,4596.46,2386.06,0.116,False
CUST00253,2025-01-14 18:22:58.355671,South,Product A,3784.09,2038.87,0.163,False
CUST00254,2025-01-14 19:41:19.455891,North,Product D,5741.01,3842.76,0.085,False
CUST00255,2025-01-14 20:59:40.556111,South,Product B,4691.2,2881.36,0.181,False
CUST00256,2025-01-14 22:18:01.656331,West,Product A,5145.68,3224.93,0.097,False
CUST00257,2025-01-14 23:36:22.756551,East,Product B,4171.23,2242.02,0.115,False
CUST00258,2025-01-15 00:54:43.856771,South,Product B,5348.76,3560.84,0.098,False
CUST00259,2025-01-15 02:13:04.956991,North,Product D,4390.45,2957.39,0.147,False
CUST00260,2025-01-15 03:31:26.057211,East,Product A,4886.63,2954.78,0.113,True
CUST00261,2025-01-15 04:49:47.157431,West,Product C,5702.26,3891.86,0.054,True
CUST00262,2025-01-15 06:08:08.257651,North,Product B,5632.61,3768.02,0.029,False
CUST00263,2025-01-15 07:26:29.357871,South,Product A,4982.38,3219.93,0.121,False
CUST00264,2025-01-15 08:44:50.458091,West,Product D,3585.5,2319.15,0.098,False
CUST00265,2025-01-15 10:03:11.558311,East,Product B,7394.25,3852.99,0.019,False
CUST00266,2025-01-15 11:21:32.658531,East,Product A,6396.69,3544.83,0.079,False
CUST00267,2025-01-15 12:39:53.758751,East,Product B,5578.14,2863.65,0.103,False
CUST00268,2025-01-15 13:58:14.858971,South,Product D,4397.44,2206.35,0.165,False
CUST00269,2025-01-15 15:16:35.959191,North,Product A,4909.13,2610.0,0.015,True
CUST00270,2025-01-15 16:34:57.059411,West,Product A,4565.26,3086.56,0.07,False
CUST00271,2025-01-15 17:53:18.159631,West,Product A,6011.08,3293.92,0.165,False
CUST00272,2025-01-15 19:11:39.259851,West,Product A,5210.0,3615.9,0.13,False
CUST00273,2025-01-15 20:30:00.360072,West,Product C,4372.67,2708.69,0.058,False
CUST00274,2025-01-15 21:48:21.460292,South,Product B,4623.4,2531.09,0.169,False
CUST00275,2025-01-15 23:06:42.560512,South,Product A,5896.95,3534.79,0.099,False
CUST00276,2025-01-16 00:25:03.660732,East,Product A,6280.08,3415.23,0.1,False
CUST00277,2025-01-16 01:43:24.760952,East,Product A,6222.67,4335.92,0.195,False
CUST00278,2025-01-16 03:01:45.861172,East,Product D,5605.63,3752.7,0.189,False
CUST00279,2025-01-16 04:20:06.961392,East,Product A,4797.9,2424.13,0.072,False
CUST00280,2025-01-16 05:38:28.061612,West,Product D,2406.79,1659.61,0.028,False
CUST00281,2025-01-16 06:56:49.161832,South,Product B,5237.73,3374.21,0.065,False
CUST00282,2025-01-16 08:15:10.262052,South,Product A,4998.54,2581.63,0.006,False
CUST00283,2025-01-16 09:33:31.362272,North,Product D,5111.99,3241.65,0.004,False
CUST00284,2025-01-16 10:51:52.462492,South,Product B,5043.12,3174.06,0.079,False
CUST00285,2025-01-16 12:10:13.562712,North,Product C,3938.99,2141.86,0.188,False
CUST00286,2025-01-16 13:28:34.662932,South,Product D,5445.93,3549.05,0.174,False
CUST00287,2025-01-16 14:46:55.763152,South,Product A,5505.77,2848.76,0.102,False
CUST00288,2025-01-16 16:05:16.863372,North,Product A,5545.87,3315.82,0.113,False
CUST00289,2025-01-16 17:23:37.963592,South,Product C,5757.26,2890.06,0.001,False
CUST00290,2025-01-16 18:41:59.063812,North,Product A,5483.24,3803.98,0.043,False
CUST00291,2025-01-16 20:00:20.164032,North,Product A,4671.98,3038.25,0.005,False
CUST00292,2025-01-16 21:18:41.264252,West,Product A,4943.33,2628.72,0.151,False
CUST00293,2025-01-16 22:37:02.364472,South,Product A,5072.9,2883.11,0.029,False
CUST00294,2025-01-16 23:55:23.464692,North,Product C,5086.16,2706.41,0.174,False
CUST00295,2025-01-17 01:13:44.564912,South,Product A,5798.57,3788.34,0.129,False
CUST00296,2025-01-17 02:32:05.665133,East,Product B,5514.94,2822.43,0.046,False
CUST00297,2025-01-17 03:50:26.765353,North,Product C,6661.87,4450.67,0.032,False
CUST00298,2025-01-17 05:08:47.865573,East,Product B,6765.18,4657.41,0.126,False
CUST00299,2025-01-17 06:27:08.965793,North,Product A,5063.72,3217.11,0.18,False
CUST00300,2025-01-17 07:45:30.066013,North,Product C,1930.68,1047.57,0.144,False
CUST00301,2025-01-17 09:03:51.166233,South,Product A,5989.47,3426.08,0.07,False
CUST00302,2025-01-17 10:22:12.266453,South,Product C,4567.7,2719.83,0.117,True
CUST00303,2025-01-17 11:40:33.366673,East,Product D,4358.81,2706.5,0.062,False
CUST00304,2025-01-17 12:58:54.466893,East,Product B,4681.24,2966.66,0.2,False
CUST00305,2025-01-17 14:17:15.567113,West,Product B,4642.69,2835.95,0.15,False
CUST00306,2025-01-17 15:35:36.667333,South,Product B,5489.82,3130.64,0.123,False
CUST00307,2025-01-17 16:53:57.767553,South,Product B,3752.45,2544.85,0.085,True
CUST00308,2025-01-17 18:12:18.867773,East,Product D,4137.82,2136.27,0.124,False
CUST00309,2025-01-17 19:30:39.967993,North,Product D,5274.53,3129.12,0.068,True
CUST00310,2025-01-17 20:49:01.068213,South,Product A,5498.36,3602.04,0.006,False
CUST00311,2025-01-17 22:07:22.168433,North,Product C,5513.23,2823.74,0.079,False
CUST00312,2025-01-17 23:25:43.268653,North,Product D,4370.37,2801.7,0.186,False
CUST00313,2025-01-18 00:44:04.368873,West,Product D,4217.39,2800.1,0.125,False
CUST00314,2025-01-18 02:02:25.469093,West,Product B,4594.69,2904.61,0.017,False
CUST00315,2025-01-18 03:20:46.569313,East,Product B,5191.9,2609.38,0.177,False
CUST00316,2025-01-18 04:39:07.669533,South,Product A,6188.38,3317.14,0.054,False
CUST00317,2025-01-18 05:57:28.769753,North,Product D,-3362.05,1911.07,0.049,False
CUST00318,2025-01-18 07:15:49.869973,North,Product A,4823.42,2637.15,0.059,False
CUST00319,2025-01-18 08:34:10.970194,North,Product B,3933.86,2724.32,0.115,False
CUST00320,2025-01-18 09:52:32.070414,South,Product A,3678.21,2318.44,0.109,False
CUST00321,2025-01-18 11:10:53.170634,East,Product A,5773.57,3229.7,0.098,False
CUST00322,2025-01-18 12:29:14.270854,East,Product B,5435.7,3728.56,0.144,False
CUST00323,2025-01-18 13:47:35.371074,North,Product D,5359.55,3473.62,0.063,True
CUST00324,2025-01-18 15:05:56.471294,West,Product A,5736.82,3194.96,0.156,False
CUST00325,2025-01-18 16:24:17.571514,East,Product B,4616.22,2657.91,0.035,False
CUST00326,2025-01-18 17:42:38.671734,South,Product A,4653.89,2512.57,0.157,False
CUST00327,2025-01-18 19:00:59.771954,East,Product A,6748.58,4684.97,0.133,False
CUST00328,2025-01-18 20:19:20.872174,South,Product B,4802.74,2898.26,0.137,False
CUST00329,2025-01-18 21:37:41.972394,North,Product B,5588.11,3795.5,0.096,True
CUST00330,2025-01-18 22:56:03.072614,South,Product A,5005.11,2849.41,0.133,False
CUST00331,2025-01-19 00:14:24.172834,East,Product A,3521.39,2366.97,0.016,False
CUST00332,2025-01-19 01:32:45.273054,North,Product A,3364.3,1718.41,0.17,False
CUST00333,2025-01-19 02:51:06.373274,North,Product A,4536.81,3159.52,0.011,False
CUST00334,2025-01-19 04:09:27.473494,North,Product D,5844.88,3988.59,0.03,False
CUST00335,2025-01-19 05:27:48.573714,North,Product D,5630.63,3224.33,0.115,False
CUST00336,2025-01-19 06:46:09.673934,West,Product A,5731.26,3753.66,0.148,True
CUST00337,2025-01-19 08:04:30.774154,East,Product B,4210.36,2738.64,0.015,False
CUST00338,2025-01-19 09:22:51.874374,South,Product D,6292.7,4280.61,0.184,False
CUST00339,2025-01-19 10:41:12.974594,North,Product A,4228.09,2373.86,0.195,False
CUST00340,2025-01-19 11:59:34.074814,South,Product C,5170.26,3066.5,0.121,False
CUST00341,2025-01-19 13:17:55.175035,South,Product D,4991.72,3359.43,0.096,False
CUST00342,2025-01-19 14:36:16.275255,North,Product A,4860.9,3187.37,0.148,False
CUST00343,2025-01-19 15:54:37.375475,South,Product A,6070.87,3513.17,0.066,False
CUST00344,2025-01-19 17:12:58.475695,South,Product D,4435.91,2968.27,0.099,False
CUST00345,2025-01-19 18:31:19.575915,East,Product B,3920.32,1996.97,0.183,False
CUST00346,2025-01-19 19:49:40.676135,East,Product A,5016.0,3292.55,0.191,False
CUST00347,2025-01-19 21:08:01.776355,North,Product A,4680.14,2533.61,0.185,False
CUST00348,2025-01-19 22:26:22.876575,South,Product B,,4291.69,0.052,False
CUST00349,2025-01-19 23:44:43.976795,East,Product C,5541.21,3317.2,0.046,False
CUST00350,2025-01-20 01:03:05.077015,South,Product C,4672.53,2756.54,0.06,False
CUST00351,2025-01-20 02:21:26.177235,West,Product D,4155.11,2510.16,0.088,False
CUST00352,2025-01-20 03:39:47.277455,East,Product A,3495.77,2128.77,0.063,False
CUST00353,2025-01-20 04:58:08.377675,North,Product B,4179.82,2367.06,0.075,False
CUST00354,2025-01-20 06:16:29.477895,North,Product B,5091.95,2724.43,0.124,False
CUST00355,2025-01-20 07:34:50.578115,East,Product B,6141.86,4014.91,0.153,False
CUST00356,2025-01-20 08:53:11.678335,North,Product A,5897.35,3420.44,0.147,False
CUST00357,2025-01-20 10:11:32.778555,South,Product D,5183.28,3116.02,0.163,False
CUST00358,2025-01-20 11:29:53.878775,West,Product D,4741.47,2982.09,0.006,False
CUST00359,2025-01-20 12:48:14.978995,South,Product B,5215.05,3556.29,0.01,False
CUST00360,2025-01-20 14:06:36.079215,South,Product C,4585.09,2941.38,0.158,False
CUST00361,2025-01-20 15:24:57.179435,East,Product A,6374.69,3245.3,0.107,False
CUST00362,2025-01-20 16:43:18.279655,South,Product B,4848.65,3237.5,0.116,False
CUST00363,2025-01-20 18:01:39.379875,South,Product C,4930.93,3441.15,0.011,False
CUST00364,2025-01-20 19:20:00.480096,West,Product B,3227.34,1918.65,0.051,False
CUST00365,2025-01-20 20:38:21.580316,South,Product D,4843.65,3361.1,0.128,False
CUST00366,2025-01-20 21:56:42.680536,West,Product C,5669.19,3455.18,0.172,False
CUST00367,2025-01-20 23:15:03.780756,West,Product B,4145.82,2454.01,0.183,False
CUST00368,2025-01-21 00:33:24.880976,North,Product C,4399.42,2491.31,0.1,False
CUST00369,2025-01-21 01:51:45.981196,North,Product A,5634.17,3558.04,0.109,False
CUST00370,2025-01-21 03:10:07.081416,North,Product B,3818.67,2084.86,0.167,False
CUST00371,2025-01-21 04:28:28.181636,North,Product A,5846.24,3045.81,0.108,False
CUST00372,2025-01-21 05:46:49.281856,North,Product B,4574.28,2312.06,0.103,False
CUST00373,2025-01-21 07:05:10.382076,East,Product C,4689.15,2618.78,0.181,True
CUST00374,2025-01-21 08:23:31.482296,North,Product B,4100.9,2375.05,0.158,False
CUST00375,2025-01-21 09:41:52.582516,South,Product C,5302.44,3236.69,0.182,False
CUST00376,2025-01-21 11:00:13.682736,West,Product B,6967.9,3891.92,0.044,False
CUST00377,2025-01-21 12:18:34.782956,North,Product A,5625.2,3919.7,0.105,False
CUST00378,2025-01-21 13:36:55.883176,West,Product C,4308.57,2405.69,0.168,False
CUST00379,2025-01-21 14:55:16.983396,North,Product A,5908.5,3475.35,0.022,False
CUST00380,2025-01-21 16:13:38.083616,North,Product A,4746.66,2471.37,0.159,False
CUST00381,2025-01-21 17:31:59.183836,East,Product B,6099.59,3367.74,0.037,False
CUST00382,2025-01-21 18:50:20.284056,East,Product A,5645.34,2877.24,0.162,False
CUST00383,2025-01-21 20:08:41.384276,West,Product A,2645.49,1618.78,0.122,False
CUST00384,2025-01-21 21:27:02.484496,East,Product C,4196.74,2728.77,0.039,False
CUST00385,2025-01-21 22:45:23.584716,West,Product B,5755.51,3103.04,0.095,False
CUST00386,2025-01-22 00:03:44.684936,North,Product B,5121.33,2937.5,0.136,False
CUST00387,2025-01-22 01:22:05.785157,North,Product D,4181.0,2104.39,0.127,False
CUST00388,2025-01-22 02:40:26.885377,East,Product B,4493.13,3000.98,0.085,False
CUST00389,2025-01-22 03:58:47.985597,West,Product D,3475.01,2279.58,0.18,False
CUST00390,2025-01-22 05:17:09.085817,West,Product A,4929.3,2527.01,0.104,False
CUST00391,2025-01-22 06:35:30.186037,South,Product B,6768.55,3878.2,0.101,False
CUST00392,2025-01-22 07:53:51.286257,South,Product D,5643.95,3900.29,0.012,False
CUST00393,2025-01-22 09:12:12.386477,East,Product B,6752.33,3905.59,0.184,False
CUST00394,2025-01-22 10:30:33.486697,South,Product C,5705.92,3453.46,0.035,False
CUST00395,2025-01-22 11:48:54.586917,West,Product B,5821.98,3324.64,0.106,False
CUST00396,2025-01-22 13:07:15.687137,West,Product A,6579.26,4074.05,0.161,False
CUST00397,2025-01-22 14:25:36.787357,South,Product B,5301.81,3688.11,0.043,False
CUST00398,2025-01-22 15:43:57.887577,East,Product B,4850.22,3392.73,0.105,False
CUST00399,2025-01-22 17:02:18.987797,East,Product D,5826.13,3815.78,0.048,False
CUST00400,2025-01-22 18:20:40.088017,North,Product A,6163.07,3579.9,0.152,False
CUST00401,2025-01-22 19:39:01.188237,West,Product D,4616.03,2764.48,0.113,False
CUST00402,2025-01-22 20:57:22.288457,South,Product D,4422.74,2526.92,0.171,False
CUST00403,2025-01-22 22:15:43.388677,West,Product A,5111.08,3563.01,0.179,False
CUST00404,2025-01-22 23:34:04.488897,South,Product A,5665.2,3634.52,0.13,False
CUST00405,2025-01-23 00:52:25.589117,West,Product D,5638.47,3325.49,0.145,False
CUST00406,2025-01-23 02:10:46.689337,South,Product D,3860.67,1939.69,0.11,False
CUST00407,2025-01-23 03:29:07.789557,North,Product B,6529.28,3944.32,0.077,False
CUST00408,2025-01-23 04:47:28.889777,West,Product A,4487.07,3126.52,0.13,False
CUST00409,2025-01-23 06:05:49.989997,North,Product B,4787.95,2894.85,0.182,False
CUST00410,2025-01-23 07:24:11.090218,South,Product C,4277.88,2295.02,0.083,False
CUST00411,2025-01-23 08:42:32.190438,West,Product A,7158.66,3610.96,0.063,False
CUST00412,2025-01-23 10:00:53.290658,West,Product C,5193.66,2965.27,0.078,False
CUST00413,2025-01-23 11:19:14.390878,South,Product A,4319.22,2952.82,0.087,False
CUST00414,2025-01-23 12:37:35.491098,East,Product A,5691.14,3979.87,0.015,False
CUST00415,2025-01-23 13:55:56.591318,South,Product B,5615.31,3869.36,0.1,True
CUST00416,2025-01-23 15:14:17.691538,North,Product B,4849.82,3132.42,0.099,False
CUST00417,2025-01-23 16:32:38.791758,South,Product A,5672.49,3469.45,0.118,False
CUST00418,2025-01-23 17:50:59.891978,East,Product B,4339.77,2682.57,0.073,False
CUST00419,2025-01-23 19:09:20.992198,East,Product A,4605.67,2799.32,0.123,False
CUST00420,2025-01-23 20:27:42.092418,East,Product A,3391.83,2175.55,0.176,False
CUST00421,2025-01-23 21:46:03.192638,East,Product A,3940.84,2300.56,0.191,False
CUST00422,2025-01-23 23:04:24.292858,North,Product D,6446.1,4085.8,0.117,False
CUST00423,2025-01-24 00:22:45.393078,South,Product B,6313.14,3310.12,0.009,False
CUST00424,2025-01-24 01:41:06.493298,North,Product B,5052.63,2794.81,0.194,False
CUST00425,2025-01-24 02:59:27.593518,South,Product B,6330.35,4223.61,0.141,False
CUST00426,2025-01-24 04:17:48.693738,South,Product D,4871.94,3316.57,0.067,False
CUST00427,2025-01-24 05:36:09.793958,West,Product A,4805.27,2920.65,0.029,False
CUST00428,2025-01-24 06:54:30.894178,South,Product C,5045.21,2554.53,0.029,False
CUST00429,2025-01-24 08:12:51.994398,North,Product C,4900.06,3358.48,0.034,False
CUST00430,2025-01-24 09:31:13.094618,North,Product C,4827.84,3091.81,0.009,False
CUST00431,2025-01-24 10:49:34.194838,East,Product A,5914.72,3447.13,0.18,False
CUST00432,2025-01-24 12:07:55.295059,East,Product C,5120.11,3172.81,0.108,False
CUST00433,2025-01-24 13:26:16.395279,North,Product A,5569.99,3263.76,0.14,False
CUST00434,2025-01-24 14:44:37.495499,North,Product B,5825.1,3454.68,0.166,False
CUST00435,2025-01-24 16:02:58.595719,East,Product C,5310.55,3597.16,0.158,False
CUST00436,2025-01-24 17:21:19.695939,North,Product A,4223.78,2247.97,0.177,False
CUST00437,2025-01-24 18:39:40.796159,West,Product C,3917.71,2040.08,0.193,False
CUST00438,2025-01-24 19:58:01.896379,East,Product A,5119.02,2562.31,0.088,False
CUST00439,2025-01-24 21:16:22.996599,North,Product C,4862.99,2736.89,0.19,False
CUST00440,2025-01-24 22:34:44.096819,North,Product B,5069.91,2684.43,0.145,False
CUST00441,2025-01-24 23:53:05.197039,West,Product A,4987.16,2713.0,0.014,False
CUST00442,2025-01-25 01:11:26.297259,South,Product A,7066.86,3549.31,0.136,False
CUST00443,2025-01-25 02:29:47.397479,South,Product D,3935.82,2146.75,0.137,False
CUST00444,2025-01-25 03:48:08.497699,West,Product A,3408.04,1930.8,0.181,False
CUST00445,2025-01-25 05:06:29.597919,West,Product A,5265.9,2666.2,0.075,True
CUST00446,2025-01-25 06:24:50.698139,West,Product A,4698.86,2920.72,0.117,False
CUST00447,2025-01-25 07:43:11.798359,East,Product C,5252.85,3223.99,0.002,True
CUST00448,2025-01-25 09:01:32.898579,South,Product B,5467.11,2839.65,0.066,False
CUST00449,2025-01-25 10:19:53.998799,North,Product A,6027.28,3730.9,0.012,False
CUST00450,2025-01-25 11:38:15.099019,East,Product A,3794.22,2654.93,0.104,False
CUST00451,2025-01-25 12:56:36.199239,South,Product A,4554.63,3137.65,0.163,False
CUST00452,2025-01-25 14:14:57.299459,South,Product A,5343.01,2674.36,0.041,False
CUST00453,2025-01-25 15:33:18.399679,West,Product B,5616.37,3701.61,0.105,False
CUST00454,2025-01-25 16:51:39.499899,North,Product C,6754.76,3855.08,0.041,False
CUST00455,2025-01-25 18:10:00.600120,South,Product A,5764.56,2955.67,0.024,True
CUST00456,2025-01-25 19:28:21.700340,North,Product B,4954.57,2770.58,0.102,False
CUST00457,2025-01-25 20:46:42.800560,South,Product B,4287.65,2419.72,0.016,False
CUST00458,2025-01-25 22:05:03.900780,North,Product D,4548.57,2750.29,0.117,False
CUST00459,2025-01-25 23:23:25.001000,North,Product D,4525.84,2861.31,0.006,False
CUST00460,2025-01-26 00:41:46.101220,North,Product C,5524.19,3589.68,0.021,False
CUST00461,2025-01-26 02:00:07.201440,East,Product A,5205.6,2858.81,0.11,False
CUST00462,2025-01-26 03:18:28.301660,East,Product A,3941.08,2224.16,0.118,False
CUST00463,2025-01-26 04:36:49.401880,South,Product A,4651.28,2612.51,0.006,False
CUST00464,2025-01-26 05:55:10.502100,West,Product A,5702.04,3264.69,0.115,False
CUST00465,2025-01-26 07:13:31.602320,South,Product B,5281.33,3696.57,0.168,False
CUST00466,2025-01-26 08:31:52.702540,North,Product C,5454.92,3576.18,0.144,False
CUST00467,2025-01-26 09:50:13.802760,West,Product D,5306.34,3687.89,0.026,False
CUST00468,2025-01-26 11:08:34.902980,North,Product C,6301.14,4024.05,0.118,False
CUST00469,2025-01-26 12:26:56.003200,West,Product B,5188.83,3016.03,0.134,False
CUST00470,2025-01-26 13:45:17.103420,North,Product C,4691.18,2711.26,0.007,False
CUST00471,2025-01-26 15:03:38.203640,West,Product A,4267.4,2550.69,0.171,False
CUST00472,2025-01-26 16:21:59.303860,North,Product A,5199.69,3033.36,0.181,False
CUST00473,2025-01-26 17:40:20.404080,West,Product C,3047.44,2028.57,0.17,False
CUST00474,2025-01-26 18:58:41.504300,South,Product A,4852.57,2877.58,0.165,False
CUST00475,2025-01-26 20:17:02.604520,West,Product B,4835.33,2703.54,0.149,True
CUST00476,2025-01-26 21:35:23.704740,North,Product A,3908.42,2559.91,0.127,False
CUST00477,2025-01-26 22:53:44.804960,South,Product C,4257.39,2856.21,0.136,True
CUST00478,2025-01-27 00:12:05.905181,West,Product C,5647.73,3298.76,0.161,False
CUST00479,2025-01-27 01:30:27.005401,South,Product A,5184.57,3284.74,0.132,False
CUST00480,2025-01-27 02:48:48.105621,East,Product C,5081.43,2600.48,0.066,False
CUST00481,2025-01-27 04:07:09.205841,East,Product A,5245.08,3177.96,0.075,False
CUST00482,2025-01-27 05:25:30.306061,South,Product B,5074.1,2582.7,0.179,False
CUST00483,2025-01-27 06:43:51.406281,East,Product C,5994.29,3032.14,0.003,False
CUST00484,2025-01-27 08:02:12.506501,South,Product C,5098.74,3174.4,0.14,False
CUST00485,2025-01-27 09:20:33.606721,West,Product D,3833.43,2149.28,0.191,False
CUST00486,2025-01-27 10:38:54.706941,North,Product A,6304.1,4088.26,0.141,False
CUST00487,2025-01-27 11:57:15.807161,North,Product C,5296.27,3597.32,0.199,False
CUST00488,2025-01-27 13:15:36.907381,West,Product C,4528.6,2390.55,0.138,False
CUST00489,2025-01-27 14:33:58.007601,West,Product D,3997.28,2577.86,0.007,False
CUST00490,2025-01-27 15:52:19.107821,South,Product A,5316.73,3205.48,0.165,False
CUST00491,2025-01-27 17:10:40.208041,East,Product C,4906.26,2563.15,0.057,False
CUST00492,2025-01-27 18:29:01.308261,North,Product B,6259.32,3945.36,0.089,False
CUST00493,2025-01-27 19:47:22.408481,North,Product A,4723.27,2937.37,0.062,False
CUST00494,2025-01-27 21:05:43.508701,South,Product B,4330.1,2611.6,0.054,False
CUST00495,2025-01-27 22:24:04.608921,South,Product A,5716.64,3917.58,0.086,True
CUST00496,2025-01-27 23:42:25.709141,South,Product B,5740.23,3468.34,0.076,False
CUST00497,2025-01-28 01:00:46.809361,North,Product D,5134.92,3584.7,0.127,False
CUST00498,2025-01-28 02:19:07.909581,West,Product B,5541.09,3334.88,0.163,False
CUST00499,2025-01-28 03:37:29.009801,West,Product C,4969.85,2600.08,0.059,False
CUST00500,2025-01-28 04:55:50.110022,East,Product B,5187.09,3081.62,0.043,False
CUST00501,2025-01-28 06:14:11.210242,South,Product A,5931.99,3182.31,0.133,False
CUST00502,2025-01-28 07:32:32.310462,South,Product A,5500.25,3407.0,0.134,False
CUST00503,2025-01-28 08:50:53.410682,West,Product B,,3106.65,0.18,False
CUST00504,2025-01-28 10:09:14.510902,East,Product A,6081.89,3610.74,0.003,False
CUST00505,2025-01-28 11:27:35.611122,North,Product A,3108.12,1614.79,0.171,False
CUST00506,2025-01-28 12:45:56.711342,West,Product B,6641.66,3943.34,0.104,True
CUST00507,2025-01-28 14:04:17.811562,West,Product A,3635.23,1876.84,0.124,False
CUST00508,2025-01-28 15:22:38.911782,West,Product A,4498.33,2862.85,0.018,False
CUST00509,2025-01-28 16:41:00.012002,East,Product B,4967.27,3268.83,0.087,False
CUST00510,2025-01-28 17:59:21.112222,East,Product A,4882.82,3381.23,0.045,False
CUST00511,2025-01-28 19:17:42.212442,South,Product D,5805.13,3075.33,0.051,False
CUST00512,2025-01-28 20:36:03.312662,West,Product D,4153.73,2519.17,0.101,False
CUST00513,2025-01-28 21:54:24.412882,West,Product C,5208.61,3195.52,0.162,False
CUST00514,2025-01-28 23:12:45.513102,North,Product A,4537.43,3105.85,0.149,False
CUST00515,2025-01-29 00:31:06.613322,North,Product C,5236.11,3274.95,0.118,True
CUST00516,2025-01-29 01:49:27.713542,South,Product C,4948.18,2618.09,0.108,False
CUST00517,2025-01-29 03:07:48.813762,West,Product C,5074.35,2980.01,0.085,False
CUST00518,2025-01-29 04:26:09.913982,West,Product A,4560.06,2877.18,0.195,False
CUST00519,2025-01-29 05:44:31.014202,North,Product C,4591.95,2939.11,0.112,False
CUST00520,2025-01-29 07:02:52.114422,South,Product C,5229.82,3517.65,0.051,False
CUST00521,2025-01-29 08:21:13.214642,South,Product B,5754.97,3085.25,0.046,False
CUST00522,2025-01-29 09:39:34.314862,West,Product C,4521.38,3121.14,0.122,False
CUST00523,2025-01-29 10:57:55.415083,West,Product B,4304.99,2203.41,0.105,False
CUST00524,2025-01-29 12:16:16.515303,West,Product B,5490.77,3825.71,0.002,False
CUST00525,2025-01-29 13:34:37.615523,South,Product A,4974.0,3340.3,0.166,False
CUST00526,2025-01-29 14:52:58.715743,South,Product C,5664.4,3580.21,0.141,True
CUST00527,2025-01-29 16:11:19.815963,North,Product A,4275.36,2766.16,0.132,False
CUST00528,2025-01-29 17:29:40.916183,North,Product B,3576.45,1840.22,0.014,False
CUST00529,2025-01-29 18:48:02.016403,West,Product A,4573.6,2324.74,0.072,False
CUST00530,2025-01-29 20:06:23.116623,West,Product B,4386.92,2282.75,0.187,False
CUST00531,2025-01-29 21:24:44.216843,West,Product A,4936.97,2554.74,0.173,False
CUST00532,2025-01-29 22:43:05.317063,West,Product C,4490.52,2736.87,0.057,False
CUST00533,2025-01-30 00:01:26.417283,South,Product C,5592.81,3037.39,0.031,False
CUST00534,2025-01-30 01:19:47.517503,East,Product A,4769.48,3205.29,0.09,False
CUST00535,2025-01-30 02:38:08.617723,West,Product A,5120.38,3016.67,0.071,False
CUST00536,2025-01-30 03:56:29.717943,West,Product A,5126.11,3276.11,0.136,False
CUST00537,2025-01-30 05:14:50.818163,North,Product D,5155.96,3251.22,0.193,False
CUST00538,2025-01-30 06:33:11.918383,South,Product B,4980.7,2808.97,0.073,False
CUST00539,2025-01-30 07:51:33.018603,North,Product B,5408.48,2967.27,0.012,False
CUST00540,2025-01-30 09:09:54.118823,West,Product A,4363.48,2480.6,0.18,False
CUST00541,2025-01-30 10:28:15.219043,East,Product C,6119.53,4034.8,0.008,False
CUST00542,2025-01-30 11:46:36.319263,North,Product D,4810.77,2969.47,0.191,False
CUST00543,2025-01-30 13:04:57.419483,East,Product C,3950.76,2175.71,0.133,False
CUST00544,2025-01-30 14:23:18.519703,East,Product C,5150.46,3417.69,0.188,False
CUST00545,2025-01-30 15:41:39.619923,South,Product A,4319.06,2206.83,0.04,False
CUST00546,2025-01-30 17:00:00.720144,North,Product A,5532.27,3539.75,0.008,False
CUST00547,2025-01-30 18:18:21.820364,East,Product A,6767.68,3978.18,0.098,False
CUST00548,2025-01-30 19:36:42.920584,South,Product A,4370.74,2824.63,0.09,False
CUST00549,2025-01-30 20:55:04.020804,East,Product A,-5265.9,3609.73,0.066,False
CUST00550,2025-01-30 22:13:25.121024,South,Product A,3595.6,2337.16,0.192,False
CUST00551,2025-01-30 23:31:46.221244,West,Product B,5363.12,3155.63,0.165,False
CUST00552,2025-01-31 00:50:07.321464,South,Product D,4291.43,2275.29,0.132,False
CUST00553,2025-01-31 02:08:28.421684,South,Product C,4500.13,2975.8,0.033,False
CUST00554,2025-01-31 03:26:49.521904,West,Product C,4118.97,2439.01,0.147,False
CUST00555,2025-01-31 04:45:10.622124,South,Product C,5585.72,2877.0,0.145,False
CUST00556,2025-01-31 06:03:31.722344,North,Product A,5805.84,3737.87,0.085,False
CUST00557,2025-01-31 07:21:52.822564,North,Product C,5018.71,2802.3,0.185,False
CUST00558,2025-01-31 08:40:13.922784,East,Product A,4308.46,2196.36,0.033,False
CUST00559,2025-01-31 09:58:35.023004,East,Product C,6271.62,4268.15,0.053,False
CUST00560,2025-01-31 11:16:56.123224,East,Product A,4399.67,2624.93,0.013,False
CUST00561,2025-01-31 12:35:17.223444,North,Product D,3270.37,1818.96,0.159,False
CUST00562,2025-01-31 13:53:38.323664,North,Product A,5366.71,3452.28,0.124,False
CUST00563,2025-01-31 15:11:59.423884,North,Product A,-4116.18,2787.4,0.063,True
CUST00564,2025-01-31 16:30:20.524104,South,Product D,5790.89,2895.8,0.033,False
CUST00565,2025-01-31 17:48:41.624324,South,Product A,4695.09,2993.45,0.008,True
CUST00566,2025-01-31 19:07:02.724544,South,Product C,5482.97,3582.59,0.033,False
CUST00567,2025-01-31 20:25:23.824764,South,Product C,6121.2,3317.6,0.091,False
CUST00568,2025-01-31 21:43:44.924984,West,Product C,4032.91,2411.38,0.049,False
CUST00569,2025-01-31 23:02:06.025205,South,Product D,4547.25,2354.83,0.052,False
CUST00570,2025-02-01 00:20:27.125425,South,Product D,4939.46,3207.44,0.175,False
CUST00571,2025-02-01 01:38:48.225645,East,Product A,6230.04,4170.96,0.103,False
CUST00572,2025-02-01 02:57:09.325865,South,Product C,4473.29,2333.44,0.146,False
CUST00573,2025-02-01 04:15:30.426085,East,Product C,4524.4,3001.0,0.007,False
CUST00574,2025-02-01 05:33:51.526305,West,Product C,5382.51,3521.85,0.073,False
CUST00575,2025-02-01 06:52:12.626525,West,Product A,4538.22,2583.98,0.096,False
CUST00576,2025-02-01 08:10:33.726745,North,Product C,5122.02,3268.15,0.037,False
CUST00577,2025-02-01 09:28:54.826965,West,Product D,3758.77,1879.42,0.024,False
CUST00578,2025-02-01 10:47:15.927185,South,Product D,6771.46,4647.66,0.174,False
CUST00579,2025-02-01 12:05:37.027405,North,Product B,3921.83,2392.62,0.188,False
CUST00580,2025-02-01 13:23:58.127625,South,Product A,4742.6,2959.7,0.016,True
CUST00581,2025-02-01 14:42:19.227845,West,Product B,4974.02,3148.21,0.07,False
CUST00582,2025-02-01 16:00:40.328065,South,Product C,6530.15,3998.24,0.192,True
CUST00583,2025-02-01 17:19:01.428285,South,Product C,3940.12,2645.21,0.017,False
CUST00584,2025-02-01 18:37:22.528505,East,Product B,6586.96,4096.7,0.129,False
CUST00585,2025-02-01 19:55:43.628725,North,Product A,5605.74,3820.6,0.194,False
CUST00586,2025-02-01 21:14:04.728945,North,Product B,5333.68,3288.03,0.196,False
CUST00587,2025-02-01 22:32:25.829165,North,Product B,4212.29,2250.31,0.094,False
CUST00588,2025-02-01 23:50:46.929385,North,Product D,5456.91,3725.5,0.033,False
CUST00589,2025-02-02 01:09:08.029605,North,Product C,4421.21,2813.33,0.04,False
CUST00590,2025-02-02 02:27:29.129825,North,Product A,6013.33,3847.62,0.178,False
CUST00591,2025-02-02 03:45:50.230046,East,Product B,4223.15,2943.94,0.182,False
CUST00592,2025-02-02 05:04:11.330266,North,Product A,4909.47,2528.57,0.122,False
CUST00593,2025-02-02 06:22:32.430486,South,Product D,4555.78,2668.41,0.153,False
CUST00594,2025-02-02 07:40:53.530706,West,Product B,4209.98,2306.31,0.148,False
CUST00595,2025-02-02 08:59:14.630926,South,Product B,5593.06,3501.73,0.132,False
CUST00596,2025-02-02 10:17:35.731146,East,Product B,5428.37,3590.12,0.165,False
CUST00597,2025-02-02 11:35:56.831366,North,Product C,5967.21,4136.84,0.137,False
CUST00598,2025-02-02 12:54:17.931586,North,Product C,3576.1,2113.19,0.107,False
CUST00599,2025-02-02 14:12:39.031806,North,Product C,5851.34,3845.75,0.047,False
CUST00600,2025-02-02 15:31:00.132026,North,Product A,7004.36,4786.85,0.149,False
CUST00601,2025-02-02 16:49:21.232246,North,Product A,4638.69,2953.29,0.095,False
CUST00602,2025-02-02 18:07:42.332466,North,Product A,6516.12,3574.39,0.059,False
CUST00603,2025-02-02 19:26:03.432686,North,Product C,4789.47,2977.0,0.16,False
CUST00604,2025-02-02 20:44:24.532906,North,Product A,3902.07,2708.0,0.139,False
CUST00605,2025-02-02 22:02:45.633126,South,Product B,4755.49,3317.01,0.187,False
CUST00606,2025-02-02 23:21:06.733346,North,Product D,5838.56,3669.37,0.033,False
CUST00607,2025-02-03 00:39:27.833566,South,Product D,4329.46,2932.76,0.13,False
CUST00608,2025-02-03 01:57:48.933786,South,Product B,,2440.97,0.049,False
CUST00609,2025-02-03 03:16:10.034006,East,Product B,5474.83,3006.86,0.181,False
CUST00610,2025-02-03 04:34:31.134226,North,Product A,5002.45,3454.58,0.02,False
CUST00611,2025-02-03 05:52:52.234446,East,Product C,5467.7,2881.73,0.131,False
CUST00612,2025-02-03 07:11:13.334666,East,Product C,5190.26,2793.51,0.158,True
CUST00613,2025-02-03 08:29:34.434886,North,Product A,5383.7,3144.67,0.071,False
CUST00614,2025-02-03 09:47:55.535107,West,Product B,4654.16,2875.88,0.191,True
CUST00615,2025-02-03 11:06:16.635327,West,Product C,5185.38,3218.9,0.17,False
CUST00616,2025-02-03 12:24:37.735547,North,Product D,4258.1,2377.7,0.059,False
CUST00617,2025-02-03 13:42:58.835767,North,Product A,6030.75,4125.77,0.002,False
CUST00618,2025-02-03 15:01:19.935987,West,Product B,4492.58,3068.52,0.059,False
CUST00619,2025-02-03 16:19:41.036207,East,Product A,5903.08,3414.42,0.056,True
CUST00620,2025-02-03 17:38:02.136427,North,Product A,4813.11,2824.62,0.178,False
CUST00621,2025-02-03 18:56:23.236647,North,Product D,5161.6,3306.0,0.193,False
CUST00622,2025-02-03 20:14:44.336867,South,Product C,4604.03,2912.5,0.014,False
CUST00623,2025-02-03 21:33:05.437087,South,Product C,4187.2,2413.75,0.094,True
CUST00624,2025-02-03 22:51:26.537307,East,Product A,3604.19,2100.7,0.11,False
CUST00625,2025-02-04 00:09:47.637527,South,Product C,4155.74,2367.14,0.019,False
CUST00626,2025-02-04 01:28:08.737747,South,Product B,4740.87,2593.62,0.075,False
CUST00627,2025-02-04 02:46:29.837967,East,Product A,5169.5,3058.42,0.063,False
CUST00628,2025-02-04 04:04:50.938187,North,Product B,5808.3,3701.56,0.107,False
CUST00629,2025-02-04 05:23:12.038407,North,Product A,4643.39,3010.75,0.132,False
CUST00630,2025-02-04 06:41:33.138627,East,Product C,4294.43,2816.18,0.141,False
CUST00631,2025-02-04 07:59:54.238847,West,Product B,3845.83,2211.15,0.027,False
CUST00632,2025-02-04 09:18:15.339067,South,Product A,5384.05,3515.39,0.163,False
CUST00633,2025-02-04 10:36:36.439287,South,Product A,6106.56,3061.24,0.136,True
CUST00634,2025-02-04 11:54:57.539507,North,Product A,6013.06,3580.24,0.178,False
CUST00635,2025-02-04 13:13:18.639727,South,Product A,5567.95,3668.06,0.09,False
CUST00636,2025-02-04 14:31:39.739947,South,Product B,,3449.83,0.179,False
CUST00637,2025-02-04 15:50:00.840168,North,Product C,6358.1,3781.88,0.173,False
CUST00638,2025-02-04 17:08:21.940388,North,Product A,5265.67,3311.73,0.088,False
CUST00639,2025-02-04 18:26:43.040608,South,Product A,5516.9,3759.16,0.076,False
CUST00640,2025-02-04 19:45:04.140828,North,Product B,4743.37,2909.0,0.187,False
CUST00641,2025-02-04 21:03:25.241048,South,Product C,3910.37,2580.67,0.143,False
CUST00642,2025-02-04 22:21:46.341268,North,Product A,4452.92,3099.89,0.186,False
CUST00643,2025-02-04 23:40:07.441488,South,Product A,4992.67,3200.87,0.159,False
CUST00644,2025-02-05 00:58:28.541708,North,Product B,5048.63,3103.22,0.122,False
CUST00645,2025-02-05 02:16:49.641928,West,Product A,6541.03,3319.55,0.023,False
CUST00646,2025-02-05 03:35:10.742148,South,Product A,5065.02,2911.86,0.058,False
CUST00647,2025-02-05 04:53:31.842368,East,Product C,5943.07,3643.63,0.194,False
CUST00648,2025-02-05 06:11:52.942588,East,Product C,4651.94,3067.68,0.064,False
CUST00649,2025-02-05 07:30:14.042808,South,Product B,4750.66,2791.59,0.019,False
CUST00650,2025-02-05 08:48:35.143028,North,Product C,3936.79,2724.31,0.142,False
CUST00651,2025-02-05 10:06:56.243248,South,Product C,4406.14,2442.58,0.147,False
CUST00652,2025-02-05 11:25:17.343468,South,Product A,5421.59,3518.14,0.057,False
CUST00653,2025-02-05 12:43:38.443688,East,Product B,5006.05,2922.56,0.06,False
CUST00654,2025-02-05 14:01:59.543908,South,Product A,5754.35,3436.49,0.094,False
CUST00655,2025-02-05 15:20:20.644128,North,Product A,5145.0,3398.28,0.004,False
CUST00656,2025-02-05 16:38:41.744348,North,Product C,4718.04,2638.53,0.158,True
CUST00657,2025-02-05 17:57:02.844568,South,Product D,6718.64,3489.41,0.063,False
CUST00658,2025-02-05 19:15:23.944788,East,Product D,4924.88,2974.88,0.171,False
CUST00659,2025-02-05 20:33:45.045009,South,Product C,5930.4,3592.39,0.161,False
CUST00660,2025-02-05 21:52:06.145229,South,Product A,4679.03,3085.51,0.132,False
CUST00661,2025-02-05 23:10:27.245449,West,Product A,5567.68,3862.1,0.065,False
CUST00662,2025-02-06 00:28:48.345669,East,Product C,5742.41,2934.72,0.103,False
CUST00663,2025-02-06 01:47:09.445889,North,Product B,5166.79,3194.82,0.089,False
CUST00664,2025-02-06 03:05:30.546109,North,Product C,3116.41,1982.84,0.068,False
CUST00665,2025-02-06 04:23:51.646329,North,Product C,5014.6,3495.98,0.17,False
CUST00666,2025-02-06 05:42:12.746549,North,Product C,5984.37,4120.35,0.097,False
CUST00667,2025-02-06 07:00:33.846769,North,Product C,5421.98,3483.57,0.167,False
CUST00668,2025-02-06 08:18:54.946989,North,Product A,5356.67,3237.35,0.021,False
CUST00669,2025-02-06 09:37:16.047209,North,Product C,3622.19,1928.11,0.028,False
CUST00670,2025-02-06 10:55:37.147429,North,Product D,4423.64,2551.71,0.195,False
CUST00671,2025-02-06 12:13:58.247649,West,Product A,-5329.09,3288.18,0.118,False
CUST00672,2025-02-06 13:32:19.347869,North,Product C,5328.31,3436.97,0.102,False
CUST00673,2025-02-06 14:50:40.448089,South,Product A,5971.73,3744.75,0.105,False
CUST00674,2025-02-06 16:09:01.548309,South,Product D,4884.11,3139.62,0.043,False
CUST00675,2025-02-06 17:27:22.648529,West,Product A,5324.66,3119.35,0.144,False
CUST00676,2025-02-06 18:45:43.748749,North,Product B,5013.1,3236.08,0.017,False
CUST00677,2025-02-06 20:04:04.848969,South,Product A,4210.45,2226.27,0.115,False
CUST00678,2025-02-06 21:22:25.949189,West,Product C,3195.37,1701.59,0.114,True
CUST00679,2025-02-06 22:40:47.049409,West,Product A,5344.81,2846.47,0.183,False
CUST00680,2025-02-06 23:59:08.149629,West,Product A,5139.16,3485.24,0.105,False
CUST00681,2025-02-07 01:17:29.249849,North,Product B,4505.46,2321.24,0.027,False
CUST00682,2025-02-07 02:35:50.350070,North,Product D,3704.66,2446.19,0.115,False
CUST00683,2025-02-07 03:54:11.450290,East,Product A,5503.79,3009.0,0.018,False
CUST00684,2025-02-07 05:12:32.550510,West,Product A,4787.26,2842.13,0.041,False
CUST00685,2025-02-07 06:30:53.650730,South,Product C,5445.5,3720.32,0.006,False
CUST00686,2025-02-07 07:49:14.750950,South,Product B,6491.24,4006.31,0.103,False
CUST00687,2025-02-07 09:07:35.851170,North,Product D,3286.86,1781.55,0.017,False
CUST00688,2025-02-07 10:25:56.951390,East,Product A,4440.32,2472.45,0.094,False
CUST00689,2025-02-07 11:44:18.051610,North,Product C,4832.5,3305.86,0.187,False
CUST00690,2025-02-07 13:02:39.151830,South,Product A,6163.86,3608.5,0.144,False
CUST00691,2025-02-07 14:21:00.252050,South,Product A,3690.88,2278.74,0.015,False
CUST00692,2025-02-07 15:39:21.352270,South,Product C,6548.69,3876.73,0.045,False
CUST00693,2025-02-07 16:57:42.452490,North,Product B,5108.68,2941.01,0.135,False
CUST00694,2025-02-07 18:16:03.552710,North,Product C,4923.2,2681.45,0.179,False
CUST00695,2025-02-07 19:34:24.652930,East,Product A,4841.55,3085.22,0.007,False
CUST00696,2025-02-07 20:52:45.753150,North,Product B,4650.99,2993.6,0.162,False
CUST00697,2025-02-07 22:11:06.853370,South,Product B,5838.49,3240.23,0.112,False
CUST00698,2025-02-07 23:29:27.953590,North,Product D,4145.18,2726.71,0.109,False
CUST00699,2025-02-08 00:47:49.053810,South,Product A,5276.33,3539.93,0.192,False
CUST00700,2025-02-08 02:06:10.154030,South,Product A,4692.65,3210.41,0.15,False
CUST00701,2025-02-08 03:24:31.254250,North,Product B,4390.29,2336.7,0.17,False
CUST00702,2025-02-08 04:42:52.354470,South,Product B,7068.78,3964.06,0.071,False
CUST00703,2025-02-08 06:01:13.454690,North,Product A,5335.24,3585.66,0.111,False
CUST00704,2025-02-08 07:19:34.554910,North,Product D,5490.61,2963.33,0.123,False
CUST00705,2025-02-08 08:37:55.655131,West,Product A,5910.22,2959.21,0.064,False
CUST00706,2025-02-08 09:56:16.755351,South,Product D,3862.92,2604.25,0.114,False
CUST00707,2025-02-08 11:14:37.855571,West,Product A,6401.83,3618.89,0.047,False
CUST00708,2025-02-08 12:32:58.955791,North,Product C,2992.83,1744.52,0.029,False
CUST00709,2025-02-08 13:51:20.056011,East,Product D,4384.99,2583.93,0.075,True
CUST00710,2025-02-08 15:09:41.156231,East,Product A,4632.77,3102.36,0.148,False
CUST00711,2025-02-08 16:28:02.256451,South,Product D,5465.38,3102.03,0.183,False
CUST00712,2025-02-08 17:46:23.356671,South,Product B,5174.97,3510.99,0.092,False
CUST00713,2025-02-08 19:04:44.456891,South,Product D,4866.55,3033.75,0.129,False
CUST00714,2025-02-08 20:23:05.557111,South,Product C,4990.4,3021.48,0.021,False
CUST00715,2025-02-08 21:41:26.657331,West,Product A,4217.58,2383.45,0.181,False
CUST00716,2025-02-08 22:59:47.757551,West,Product A,3802.21,2086.44,0.114,False
CUST00717,2025-02-09 00:18:08.857771,West,Product A,5581.21,3487.2,0.156,False
CUST00718,2025-02-09 01:36:29.957991,North,Product A,5554.96,3273.98,0.159,False
CUST00719,2025-02-09 02:54:51.058211,East,Product A,6267.6,4275.15,0.051,False
CUST00720,2025-02-09 04:13:12.158431,West,Product A,4367.99,2613.49,0.106,False
CUST00721,2025-02-09 05:31:33.258651,North,Product B,5554.25,3345.65,0.192,False
CUST00722,2025-02-09 06:49:54.358871,North,Product C,4773.03,2784.32,0.018,False
CUST00723,2025-02-09 08:08:15.459091,East,Product A,5952.38,3915.79,0.137,False
CUST00724,2025-02-09 09:26:36.559311,South,Product A,5817.57,3403.09,0.192,False
CUST00725,2025-02-09 10:44:57.659531,West,Product C,5168.97,2862.93,0.06,False
CUST00726,2025-02-09 12:03:18.759751,North,Product A,4728.38,3179.39,0.172,False
CUST00727,2025-02-09 13:21:39.859971,East,Product A,5768.75,3572.96,0.187,False
CUST00728,2025-02-09 14:40:00.960192,North,Product A,5517.52,3411.5,0.149,False
CUST00729,2025-02-09 15:58:22.060412,North,Product D,4452.45,2770.15,0.046,False
CUST00730,2025-02-09 17:16:43.160632,North,Product C,3937.76,2535.0,0.067,False
CUST00731,2025-02-09 18:35:04.260852,West,Product B,4769.17,2683.2,0.007,False
CUST00732,2025-02-09 19:53:25.361072,East,Product C,6212.33,3148.22,0.166,False
CUST00733,2025-02-09 21:11:46.461292,South,Product B,5917.19,3917.88,0.17,False
CUST00734,2025-02-09 22:30:07.561512,South,Product C,4110.14,2161.03,0.127,False
CUST00735,2025-02-09 23:48:28.661732,West,Product C,4065.79,2619.85,0.071,False
CUST00736,2025-02-10 01:06:49.761952,South,Product C,6019.75,3108.98,0.015,False
CUST00737,2025-02-10 02:25:10.862172,West,Product A,4091.49,2352.86,0.151,False
CUST00738,2025-02-10 03:43:31.962392,South,Product A,-5407.44,2771.88,0.145,False
CUST00739,2025-02-10 05:01:53.062612,South,Product B,4507.14,2724.31,0.183,False
CUST00740,2025-02-10 06:20:14.162832,South,Product D,6293.64,3968.94,0.146,False
CUST00741,2025-02-10 07:38:35.263052,South,Product B,4383.66,2342.13,0.166,False
CUST00742,2025-02-10 08:56:56.363272,East,Product C,5914.69,3396.96,0.149,False
CUST00743,2025-02-10 10:15:17.463492,South,Product D,5147.89,3531.7,0.126,False
CUST00744,2025-02-10 11:33:38.563712,North,Product A,5201.76,3061.12,0.085,False
CUST00745,2025-02-10 12:51:59.663932,West,Product C,3423.75,2261.42,0.18,False
CUST00746,2025-02-10 14:10:20.764152,South,Product C,3237.67,2219.22,0.13,False
CUST00747,2025-02-10 15:28:41.864372,South,Product D,4823.55,3351.73,0.08,False
CUST00748,2025-02-10 16:47:02.964592,West,Product D,5197.52,3532.57,0.017,False
CUST00749,2025-02-10 18:05:24.064812,East,Product C,4099.84,2310.18,0.058,False
CUST00750,2025-02-10 19:23:45.165033,North,Product A,4129.05,2859.42,0.109,False
CUST00751,2025-02-10 20:42:06.265253,West,Product C,5449.18,3609.97,0.055,False
CUST00752,2025-02-10 22:00:27.365473,East,Product A,5450.28,3637.71,0.044,False
CUST00753,2025-02-10 23:18:48.465693,South,Product C,4889.81,2459.74,0.105,False
CUST00754,2025-02-11 00:37:09.565913,North,Product D,5624.16,3885.44,0.034,False
CUST00755,2025-02-11 01:55:30.666133,East,Product B,4060.64,2662.23,0.16,False
CUST00756,2025-02-11 03:13:51.766353,East,Product C,4715.25,3081.86,0.097,False
CUST00757,2025-02-11 04:32:12.866573,South,Product B,6318.3,3262.17,0.115,False
CUST00758,2025-02-11 05:50:33.966793,West,Product B,5054.66,2762.44,0.029,False
CUST00759,2025-02-11 07:08:55.067013,East,Product A,,3532.23,0.065,False
CUST00760,2025-02-11 08:27:16.167233,North,Product C,6844.76,4107.78,0.082,False
CUST00761,2025-02-11 09:45:37.267453,South,Product D,3880.53,2249.04,0.162,False
CUST00762,2025-02-11 11:03:58.367673,North,Product D,5637.14,3765.55,0.154,False
CUST00763,2025-02-11 12:22:19.467893,East,Product A,,3276.19,0.045,False
CUST00764,2025-02-11 13:40:40.568113,North,Product D,4740.11,2765.33,0.123,False
CUST00765,2025-02-11 14:59:01.668333,South,Product C,5687.7,3271.23,0.049,False
CUST00766,2025-02-11 16:17:22.768553,East,Product A,4214.38,2402.07,0.198,False
CUST00767,2025-02-11 17:35:43.868773,West,Product A,4450.61,2499.19,0.19,False
CUST00768,2025-02-11 18:54:04.968993,South,Product A,5307.97,2877.0,0.113,False
CUST00769,2025-02-11 20:12:26.069213,West,Product D,5638.85,3014.43,0.14,False
CUST00770,2025-02-11 21:30:47.169433,North,Product C,5896.75,3703.64,0.16,False
CUST00771,2025-02-11 22:49:08.269653,West,Product C,6255.7,4278.14,0.144,False
CUST00772,2025-02-12 00:07:29.369873,North,Product A,4946.04,2976.38,0.14,False
CUST00773,2025-02-12 01:25:50.470094,South,Product C,5954.89,3332.33,0.192,False
CUST00774,2025-02-12 02:44:11.570314,East,Product A,4726.16,2513.52,0.119,False
CUST00775,2025-02-12 04:02:32.670534,North,Product B,5721.67,3810.8,0.127,False
CUST00776,2025-02-12 05:20:53.770754,North,Product C,5165.99,3586.74,0.17,False
CUST00777,2025-02-12 06:39:14.870974,East,Product A,5356.54,3052.32,0.134,False
CUST00778,2025-02-12 07:57:35.971194,East,Product C,5338.81,2980.07,0.147,False
CUST00779,2025-02-12 09:15:57.071414,East,Product A,3716.24,2305.18,0.047,False
CUST00780,2025-02-12 10:34:18.171634,East,Product C,4100.7,2686.23,0.074,False
CUST00781,2025-02-12 11:52:39.271854,South,Product B,5082.03,3003.89,0.029,False
CUST00782,2025-02-12 13:11:00.372074,North,Product B,3650.18,2285.06,0.101,False
CUST00783,2025-02-12 14:29:21.472294,South,Product A,5664.97,3644.33,0.091,False
CUST00784,2025-02-12 15:47:42.572514,North,Product A,5697.24,3943.17,0.199,False
CUST00785,2025-02-12 17:06:03.672734,West,Product D,5261.74,2804.54,0.122,False
CUST00786,2025-02-12 18:24:24.772954,South,Product A,4103.09,2870.02,0.157,False
CUST00787,2025-02-12 19:42:45.873174,South,Product C,6104.11,3530.81,0.067,False
CUST00788,2025-02-12 21:01:06.973394,South,Product D,6629.77,4273.81,0.166,False
CUST00789,2025-02-12 22:19:28.073614,West,Product A,5117.66,3144.72,0.123,False
CUST00790,2025-02-12 23:37:49.173834,North,Product A,5408.43,3230.64,0.139,False
CUST00791,2025-02-13 00:56:10.274054,South,Product C,5161.39,3301.3,0.059,False
CUST00792,2025-02-13 02:14:31.374274,South,Product D,,3141.48,0.11,False
CUST00793,2025-02-13 03:32:52.474494,East,Product D,4904.35,2575.87,0.127,False
CUST00794,2025-02-13 04:51:13.574714,North,Product B,4972.35,2972.36,0.118,False
CUST00795,2025-02-13 06:09:34.674934,West,Product C,5724.57,3459.84,0.183,False
CUST00796,2025-02-13 07:27:55.775155,West,Product A,6876.5,3715.93,0.18,False
CUST00797,2025-02-13 08:46:16.875375,South,Product D,3879.94,2666.0,0.194,False
CUST00798,2025-02-13 10:04:37.975595,East,Product D,4916.95,2682.17,0.133,False
CUST00799,2025-02-13 11:22:59.075815,West,Product A,4055.63,2359.75,0.194,False
CUST00800,2025-02-13 12:41:20.176035,East,Product A,6273.62,3331.2,0.166,False
CUST00801,2025-02-13 13:59:41.276255,North,Product A,4529.81,2750.32,0.054,False
CUST00802,2025-02-13 15:18:02.376475,South,Product A,3845.44,2159.32,0.085,False
CUST00803,2025-02-13 16:36:23.476695,East,Product C,5510.55,3294.51,0.048,False
CUST00804,2025-02-13 17:54:44.576915,South,Product B,,3485.03,0.001,False
CUST00805,2025-02-13 19:13:05.677135,East,Product A,5530.88,2824.92,0.038,False
CUST00806,2025-02-13 20:31:26.777355,West,Product A,5163.84,3386.68,0.001,False
CUST00807,2025-02-13 21:49:47.877575,West,Product D,5327.31,3346.71,0.144,False
CUST00808,2025-02-13 23:08:08.977795,South,Product C,6131.87,3483.81,0.085,False
CUST00809,2025-02-14 00:26:30.078015,North,Product B,4300.64,2191.17,0.063,False
CUST00810,2025-02-14 01:44:51.178235,West,Product A,4910.52,3305.35,0.152,False
CUST00811,2025-02-14 03:03:12.278455,West,Product D,4637.85,2476.42,0.166,False
CUST00812,2025-02-14 04:21:33.378675,North,Product C,4065.71,2789.68,0.195,False
CUST00813,2025-02-14 05:39:54.478895,West,Product A,4737.3,2822.1,0.128,False
CUST00814,2025-02-14 06:58:15.579115,West,Product A,5886.18,3343.8,0.092,False
CUST00815,2025-02-14 08:16:36.679335,South,Product A,5453.28,3535.65,0.061,False
CUST00816,2025-02-14 09:34:57.779555,South,Product A,5515.45,3724.96,0.044,False
CUST00817,2025-02-14 10:53:18.879775,South,Product B,5117.18,2937.99,0.043,False
CUST00818,2025-02-14 12:11:39.979995,North,Product D,5418.66,3150.78,0.082,False
CUST00819,2025-02-14 13:30:01.080216,South,Product B,4359.53,2557.44,0.198,False
CUST00820,2025-02-14 14:48:22.180436,West,Product C,4752.39,3252.84,0.0,False
CUST00821,2025-02-14 16:06:43.280656,North,Product B,5153.6,3290.64,0.039,False
CUST00822,2025-02-14 17:25:04.380876,South,Product C,5222.01,2869.65,0.038,False
CUST00823,2025-02-14 18:43:25.481096,South,Product C,5256.15,2822.55,0.143,False
CUST00824,2025-02-14 20:01:46.581316,South,Product A,4889.33,2669.93,0.07,False
CUST00825,2025-02-14 21:20:07.681536,West,Product B,4698.06,2596.68,0.091,False
CUST00826,2025-02-14 22:38:28.781756,South,Product C,7526.22,4109.59,0.03,False
CUST00827,2025-02-14 23:56:49.881976,South,Product A,5725.43,3616.76,0.081,False
CUST00828,2025-02-15 01:15:10.982196,East,Product B,5330.52,2788.86,0.021,False
CUST00829,2025-02-15 02:33:32.082416,South,Product B,4813.43,2779.62,0.107,False
CUST00830,2025-02-15 03:51:53.182636,North,Product D,4639.02,2899.44,0.02,False
CUST00831,2025-02-15 05:10:14.282856,South,Product B,4895.36,2732.45,0.158,False
CUST00832,2025-02-15 06:28:35.383076,North,Product C,5234.26,2685.46,0.113,False
CUST00833,2025-02-15 07:46:56.483296,North,Product B,3495.65,1805.03,0.145,False
CUST00834,2025-02-15 09:05:17.583516,South,Product C,3744.49,1966.58,0.084,False
CUST00835,2025-02-15 10:23:38.683736,South,Product B,4490.49,2995.92,0.076,False
CUST00836,2025-02-15 11:41:59.783956,West,Product D,5165.71,3262.52,0.02,True
CUST00837,2025-02-15 13:00:20.884176,South,Product B,4808.58,2466.34,0.105,False
CUST00838,2025-02-15 14:18:41.984396,South,Product C,6182.5,3574.8,0.103,False
CUST00839,2025-02-15 15:37:03.084616,East,Product C,3814.08,2119.55,0.094,False
CUST00840,2025-02-15 16:55:24.184836,North,Product B,4398.92,2708.01,0.148,False
CUST00841,2025-02-15 18:13:45.285057,East,Product A,6216.07,3758.0,0.167,False
CUST00842,2025-02-15 19:32:06.385277,North,Product A,5104.9,3043.67,0.15,False
CUST00843,2025-02-15 20:50:27.485497,West,Product A,5707.87,3212.98,0.029,True
CUST00844,2025-02-15 22:08:48.585717,North,Product D,6641.0,3503.52,0.124,False
CUST00845,2025-02-15 23:27:09.685937,South,Product A,4444.96,2882.44,0.016,False
CUST00846,2025-02-16 00:45:30.786157,North,Product A,4920.55,3326.15,0.139,False
CUST00847,2025-02-16 02:03:51.886377,West,Product C,4782.06,3294.03,0.076,False
CUST00848,2025-02-16 03:22:12.986597,South,Product A,3436.33,1758.45,0.026,False
CUST00849,2025-02-16 04:40:34.086817,South,Product B,4751.68,3079.0,0.172,False
CUST00850,2025-02-16 05:58:55.187037,North,Product A,5704.85,3681.34,0.123,False
CUST00851,2025-02-16 07:17:16.287257,East,Product D,5432.47,3745.27,0.071,False
CUST00852,2025-02-16 08:35:37.387477,North,Product D,5495.27,3025.6,0.006,False
CUST00853,2025-02-16 09:53:58.487697,West,Product D,4699.59,3047.38,0.107,False
CUST00854,2025-02-16 11:12:19.587917,North,Product B,4475.12,2286.45,0.185,False
CUST00855,2025-02-16 12:30:40.688137,North,Product C,6015.4,3767.14,0.119,False
CUST00856,2025-02-16 13:49:01.788357,North,Product A,4602.15,2624.0,0.194,True
CUST00857,2025-02-16 15:07:22.888577,South,Product A,5235.27,3422.72,0.027,True
CUST00858,2025-02-16 16:25:43.988797,South,Product A,5130.67,3451.2,0.114,False
CUST00859,2025-02-16 17:44:05.089017,North,Product B,6169.37,3534.83,0.16,False
CUST00860,2025-02-16 19:02:26.189237,East,Product B,5777.13,3495.84,0.105,False
CUST00861,2025-02-16 20:20:47.289457,South,Product B,3963.79,2074.97,0.018,False
CUST00862,2025-02-16 21:39:08.389677,South,Product A,4049.96,2362.67,0.117,False
CUST00863,2025-02-16 22:57:29.489897,South,Product B,5463.13,3125.78,0.122,False
CUST00864,2025-02-17 00:15:50.590118,South,Product C,4948.53,2655.5,0.146,True
CUST00865,2025-02-17 01:34:11.690338,South,Product B,4635.86,3147.27,0.152,False
CUST00866,2025-02-17 02:52:32.790558,North,Product C,5812.5,3078.4,0.154,False
CUST00867,2025-02-17 04:10:53.890778,North,Product A,5149.97,3229.79,0.133,False
CUST00868,2025-02-17 05:29:14.990998,West,Product C,5041.97,3418.6,0.043,False
CUST00869,2025-02-17 06:47:36.091218,West,Product B,5623.86,3837.69,0.081,False
CUST00870,2025-02-17 08:05:57.191438,South,Product A,4699.91,3095.59,0.155,False
CUST00871,2025-02-17 09:24:18.291658,North,Product A,6254.82,3347.75,0.191,False
CUST00872,2025-02-17 10:42:39.391878,East,Product C,4369.56,2899.14,0.016,True
CUST00873,2025-02-17 12:01:00.492098,South,Product C,5525.54,3068.41,0.107,False
CUST00874,2025-02-17 13:19:21.592318,North,Product B,6147.07,4207.54,0.063,False
CUST00875,2025-02-17 14:37:42.692538,North,Product A,3898.16,2501.91,0.045,False
CUST00876,2025-02-17 15:56:03.792758,East,Product D,4725.33,3104.8,0.101,False
CUST00877,2025-02-17 17:14:24.892978,East,Product C,5913.77,3057.46,0.121,False
CUST00878,2025-02-17 18:32:45.993198,North,Product B,5925.8,3653.57,0.002,False
CUST00879,2025-02-17 19:51:07.093418,North,Product B,4862.8,3230.01,0.156,False
CUST00880,2025-02-17 21:09:28.193638,North,Product A,4412.26,2966.44,0.164,False
CUST00881,2025-02-17 22:27:49.293858,East,Product C,5764.75,2915.39,0.193,False
CUST00882,2025-02-17 23:46:10.394078,North,Product B,5946.84,4090.43,0.036,True
CUST00883,2025-02-18 01:04:31.494298,North,Product D,4068.27,2069.4,0.119,False
CUST00884,2025-02-18 02:22:52.594518,East,Product B,4036.87,2514.58,0.085,False
CUST00885,2025-02-18 03:41:13.694738,North,Product B,5180.21,3308.48,0.067,False
CUST00886,2025-02-18 04:59:34.794958,East,Product B,5503.49,2869.9,0.113,False
CUST00887,2025-02-18 06:17:55.895179,North,Product D,4760.74,2426.09,0.156,False
CUST00888,2025-02-18 07:36:16.995399,North,Product C,5543.44,3641.94,0.005,False
CUST00889,2025-02-18 08:54:38.095619,North,Product B,4431.89,2556.91,0.194,True
CUST00890,2025-02-18 10:12:59.195839,East,Product C,3308.25,1724.99,0.162,False
CUST00891,2025-02-18 11:31:20.296059,West,Product B,4660.88,3041.38,0.15,False
CUST00892,2025-02-18 12:49:41.396279,West,Product B,5050.59,3383.05,0.152,False
CUST00893,2025-02-18 14:08:02.496499,South,Product A,4779.33,2951.13,0.078,False
CUST00894,2025-02-18 15:26:23.596719,East,Product B,4073.12,2167.91,0.15,False
CUST00895,2025-02-18 16:44:44.696939,North,Product A,3547.48,1784.54,0.077,False
CUST00896,2025-02-18 18:03:05.797159,North,Product D,4588.73,2937.52,0.18,False
CUST00897,2025-02-18 19:21:26.897379,West,Product A,5718.12,3488.22,0.035,False
CUST00898,2025-02-18 20:39:47.997599,North,Product D,6004.96,3784.08,0.058,False
CUST00899,2025-02-18 21:58:09.097819,North,Product B,5950.17,3942.8,0.11,False
CUST00900,2025-02-18 23:16:30.198039,North,Product C,4347.27,2551.18,0.064,False
CUST00901,2025-02-19 00:34:51.298259,North,Product B,4077.03,2140.05,0.085,True
CUST00902,2025-02-19 01:53:12.398479,North,Product A,5397.31,3713.33,0.098,False
CUST00903,2025-02-19 03:11:33.498699,South,Product B,5508.08,3354.71,0.171,False
CUST00904,2025-02-19 04:29:54.598919,South,Product A,5320.14,3314.76,0.105,False
CUST00905,2025-02-19 05:48:15.699139,West,Product C,3388.75,2326.99,0.072,True
CUST00906,2025-02-19 07:06:36.799359,West,Product B,4306.49,2955.62,0.05,False
CUST00907,2025-02-19 08:24:57.899579,South,Product C,4976.25,3057.5,0.082,False
CUST00908,2025-02-19 09:43:18.999799,North,Product A,5389.77,3015.7,0.103,False
CUST00909,2025-02-19 11:01:40.100020,South,Product A,5613.85,3926.45,0.149,False
CUST00910,2025-02-19 12:20:01.200240,South,Product B,5115.4,3254.23,0.024,False
CUST00911,2025-02-19 13:38:22.300460,North,Product D,5264.63,3062.37,0.044,False
CUST00912,2025-02-19 14:56:43.400680,East,Product C,5067.89,3101.38,0.076,False
CUST00913,2025-02-19 16:15:04.500900,South,Product B,5548.5,3235.7,0.072,False
CUST00914,2025-02-19 17:33:25.601120,South,Product B,5250.29,3557.92,0.078,False
CUST00915,2025-02-19 18:51:46.701340,South,Product A,5052.59,3013.87,0.159,False
CUST00916,2025-02-19 20:10:07.801560,North,Product D,4785.3,3180.82,0.065,True
CUST00917,2025-02-19 21:28:28.901780,West,Product C,5065.03,3383.62,0.1,False
CUST00918,2025-02-19 22:46:50.002000,East,Product A,5387.67,3582.08,0.125,False
CUST00919,2025-02-20 00:05:11.102220,North,Product B,5213.98,3360.09,0.046,False
CUST00920,2025-02-20 01:23:32.202440,West,Product A,5304.66,3559.3,0.144,False
CUST00921,2025-02-20 02:41:53.302660,South,Product D,6074.18,3507.51,0.109,False
CUST00922,2025-02-20 04:00:14.402880,West,Product A,5212.13,2725.59,0.089,False
CUST00923,2025-02-20 05:18:35.503100,East,Product C,4480.8,2995.37,0.162,False
CUST00924,2025-02-20 06:36:56.603320,South,Product A,5706.89,3422.04,0.049,False
CUST00925,2025-02-20 07:55:17.703540,North,Product C,3907.04,2053.05,0.177,False
CUST00926,2025-02-20 09:13:38.803760,North,Product C,4134.87,2162.8,0.112,False
CUST00927,2025-02-20 10:31:59.903980,South,Product C,5268.68,2802.14,0.122,False
CUST00928,2025-02-20 11:50:21.004200,East,Product C,5413.12,3519.58,0.175,False
CUST00929,2025-02-20 13:08:42.104420,North,Product D,-4003.96,2571.23,0.164,False
CUST00930,2025-02-20 14:27:03.204640,North,Product A,4693.75,2538.21,0.12,False
CUST00931,2025-02-20 15:45:24.304860,West,Product A,4515.13,3022.36,0.151,False
CUST00932,2025-02-20 17:03:45.405081,West,Product A,,2564.72,0.087,False
CUST00933,2025-02-20 18:22:06.505301,South,Product D,5754.88,3790.15,0.109,False
CUST00934,2025-02-20 19:40:27.605521,North,Product B,5565.2,3326.66,0.012,False
CUST00935,2025-02-20 20:58:48.705741,North,Product C,4984.7,3221.66,0.018,False
CUST00936,2025-02-20 22:17:09.805961,North,Product C,4563.23,2629.69,0.166,False
CUST00937,2025-02-20 23:35:30.906181,West,Product A,3920.28,2232.32,0.012,False
CUST00938,2025-02-21 00:53:52.006401,North,Product A,-6136.15,4100.62,0.034,False
CUST00939,2025-02-21 02:12:13.106621,South,Product A,5473.69,2775.49,0.159,False
CUST00940,2025-02-21 03:30:34.206841,North,Product B,4434.66,3081.86,0.0,False
CUST00941,2025-02-21 04:48:55.307061,South,Product A,5575.68,3510.65,0.056,False
CUST00942,2025-02-21 06:07:16.407281,East,Product A,4943.82,2899.53,0.117,False
CUST00943,2025-02-21 07:25:37.507501,West,Product D,4770.31,2984.36,0.119,True
CUST00944,2025-02-21 08:43:58.607721,North,Product D,5348.17,2805.37,0.155,False
CUST00945,2025-02-21 10:02:19.707941,North,Product A,4406.8,2656.47,0.101,False
CUST00946,2025-02-21 11:20:40.808161,North,Product A,4724.99,3293.41,0.102,True
CUST00947,2025-02-21 12:39:01.908381,West,Product A,5097.17,2788.43,0.145,False
CUST00948,2025-02-21 13:57:23.008601,West,Product C,4600.44,2964.78,0.1,False
CUST00949,2025-02-21 15:15:44.108821,South,Product C,5535.27,3249.17,0.122,False
CUST00950,2025-02-21 16:34:05.209041,East,Product A,6495.25,4095.2,0.18,False
CUST00951,2025-02-21 17:52:26.309261,East,Product A,4396.56,2378.44,0.08,False
CUST00952,2025-02-21 19:10:47.409481,North,Product C,3667.9,2179.07,0.077,False
CUST00953,2025-02-21 20:29:08.509701,West,Product C,3398.61,2365.49,0.001,False
CUST00954,2025-02-21 21:47:29.609921,South,Product A,4879.63,2630.4,0.123,False
CUST00955,2025-02-21 23:05:50.710142,South,Product C,4469.47,2803.65,0.006,False
CUST00956,2025-02-22 00:24:11.810362,South,Product A,5166.29,3177.88,0.101,False
CUST00957,2025-02-22 01:42:32.910582,North,Product B,5106.08,3130.08,0.161,False
CUST00958,2025-02-22 03:00:54.010802,North,Product C,3717.43,2316.05,0.11,False
CUST00959,2025-02-22 04:19:15.111022,East,Product C,3548.09,2130.44,0.054,False
CUST00960,2025-02-22 05:37:36.211242,North,Product B,5236.75,2636.11,0.157,False
CUST00961,2025-02-22 06:55:57.311462,East,Product D,5108.34,3473.77,0.054,False
CUST00962,2025-02-22 08:14:18.411682,North,Product B,4659.35,3100.31,0.147,False
CUST00963,2025-02-22 09:32:39.511902,South,Product C,3674.29,1965.13,0.122,False
CUST00964,2025-02-22 10:51:00.612122,North,Product B,5377.11,3133.0,0.034,False
CUST00965,2025-02-22 12:09:21.712342,South,Product D,6017.52,3936.12,0.181,False
CUST00966,2025-02-22 13:27:42.812562,East,Product D,-5222.39,3634.85,0.04,False
CUST00967,2025-02-22 14:46:03.912782,North,Product A,4322.02,2983.18,0.198,False
CUST00968,2025-02-22 16:04:25.013002,South,Product D,5035.64,3423.59,0.001,False
CUST00969,2025-02-22 17:22:46.113222,South,Product C,3907.11,2077.31,0.053,True
CUST00970,2025-02-22 18:41:07.213442,East,Product C,5846.37,3992.46,0.04,False
CUST00971,2025-02-22 19:59:28.313662,West,Product A,5065.48,3422.69,0.003,False
CUST00972,2025-02-22 21:17:49.413882,East,Product C,3585.47,2063.05,0.146,False
CUST00973,2025-02-22 22:36:10.514102,North,Product D,4759.46,2755.27,0.139,False
CUST00974,2025-02-22 23:54:31.614322,North,Product A,5370.64,3179.32,0.158,False
CUST00975,2025-02-23 01:12:52.714542,North,Product D,4733.56,2987.99,0.051,False
CUST00976,2025-02-23 02:31:13.814762,South,Product A,4779.28,2638.96,0.089,False
CUST00977,2025-02-23 03:49:34.914982,North,Product A,4020.48,2028.69,0.132,False
CUST00978,2025-02-23 05:07:56.015203,South,Product B,5453.23,2880.65,0.088,False
CUST00979,2025-02-23 06:26:17.115423,South,Product B,4481.22,2635.06,0.139,False
CUST00980,2025-02-23 07:44:38.215643,South,Product C,3274.84,1822.12,0.127,False
CUST00981,2025-02-23 09:02:59.315863,East,Product A,4702.99,3070.6,0.023,False
CUST00982,2025-02-23 10:21:20.416083,North,Product D,5784.92,3015.9,0.156,False
CUST00983,2025-02-23 11:39:41.516303,North,Product A,4690.46,3205.89,0.144,False
CUST00984,2025-02-23 12:58:02.616523,East,Product A,6390.39,4339.49,0.131,False
CUST00985,2025-02-23 14:16:23.716743,South,Product A,5343.17,3642.72,0.031,False
CUST00986,2025-02-23 15:34:44.816963,East,Product B,5271.01,3415.2,0.054,False
CUST00987,2025-02-23 16:53:05.917183,South,Product D,4897.28,2553.44,0.079,False
CUST00988,2025-02-23 18:11:27.017403,North,Product C,,2906.04,0.056,False
CUST00989,2025-02-23 19:29:48.117623,West,Product C,4789.26,2520.5,0.046,True
CUST00990,2025-02-23 20:48:09.217843,East,Product A,4758.18,3319.02,0.161,False
CUST00991,2025-02-23 22:06:30.318063,East,Product B,5424.69,3073.67,0.128,False
CUST00992,2025-02-23 23:24:51.418283,North,Product B,4251.34,2623.35,0.113,False
CUST00993,2025-02-24 00:43:12.518503,South,Product B,4139.28,2714.87,0.045,False
CUST00994,2025-02-24 02:01:33.618723,South,Product A,4101.44,2805.89,0.184,True
CUST00995,2025-02-24 03:19:54.718943,North,Product C,6636.52,4321.1,0.038,False
CUST00996,2025-02-24 04:38:15.819163,West,Product B,5424.27,3443.88,0.159,False
CUST00997,2025-02-24 05:56:36.919383,North,Product C,5243.59,3110.48,0.193,False
CUST00998,2025-02-24 07:14:58.019603,West,Product B,4153.99,2579.96,0.145,False
CUST00999,2025-02-24 08:33:19.119823,South,Product A,5498.67,2852.89,0.199,False
CUST01000,2025-02-24 09:51:40.220044,North,Product C,4906.74,3320.81,0.13,False
CUST01001,2025-02-24 11:10:01.320264,South,Product A,5171.34,3148.08,0.043,False
CUST01002,2025-02-24 12:28:22.420484,West,Product D,4218.7,2143.22,0.041,False
CUST01003,2025-02-24 13:46:43.520704,East,Product C,5128.22,3507.6,0.065,False
CUST01004,2025-02-24 15:05:04.620924,West,Product A,4660.93,2786.59,0.001,False
CUST01005,2025-02-24 16:23:25.721144,East,Product D,4387.51,2955.94,0.136,False
CUST01006,2025-02-24 17:41:46.821364,East,Product B,5587.29,3751.18,0.054,True
CUST01007,2025-02-24 19:00:07.921584,West,Product A,3769.83,2499.97,0.163,False
CUST01008,2025-02-24 20:18:29.021804,North,Product C,5451.82,2792.86,0.072,False
CUST01009,2025-02-24 21:36:50.122024,South,Product A,5547.59,3047.92,0.096,False
CUST01010,2025-02-24 22:55:11.222244,North,Product C,4296.29,2900.46,0.193,False
CUST01011,2025-02-25 00:13:32.322464,West,Product C,4343.74,2952.86,0.048,False
CUST01012,2025-02-25 01:31:53.422684,West,Product D,4821.58,2852.51,0.144,False
CUST01013,2025-02-25 02:50:14.522904,North,Product B,5225.63,3072.71,0.151,False
CUST01014,2025-02-25 04:08:35.623124,East,Product B,4877.72,2609.72,0.044,False
CUST01015,2025-02-25 05:26:56.723344,West,Product C,5346.85,3709.01,0.1,False
CUST01016,2025-02-25 06:45:17.823564,North,Product A,6410.38,3478.45,0.07,False
CUST01017,2025-02-25 08:03:38.923784,South,Product B,4593.83,2472.34,0.154,False
CUST01018,2025-02-25 09:22:00.024004,West,Product B,3627.86,2293.33,0.124,False
CUST01019,2025-02-25 10:40:21.124224,North,Product A,5660.74,3105.31,0.095,False
CUST01020,2025-02-25 11:58:42.224444,East,Product B,6346.65,4364.94,0.156,False
CUST01021,2025-02-25 13:17:03.324664,North,Product D,5314.21,2668.7,0.047,False
CUST01022,2025-02-25 14:35:24.424884,West,Product D,4129.8,2069.65,0.151,False
CUST01023,2025-02-25 15:53:45.525105,West,Product A,4900.89,2945.31,0.173,False
CUST01024,2025-02-25 17:12:06.625325,West,Product A,4105.18,2453.31,0.176,False
CUST01025,2025-02-25 18:30:27.725545,South,Product A,-5514.28,2937.31,0.157,False
CUST01026,2025-02-25 19:48:48.825765,West,Product D,3918.97,2347.09,0.082,False
CUST01027,2025-02-25 21:07:09.925985,West,Product A,4759.9,2771.84,0.196,False
CUST01028,2025-02-25 22:25:31.026205,South,Product C,4196.53,2845.52,0.076,True
CUST01029,2025-02-25 23:43:52.126425,West,Product A,5101.46,2560.17,0.128,False
CUST01030,2025-02-26 01:02:13.226645,North,Product C,4706.93,3272.51,0.032,False
CUST01031,2025-02-26 02:20:34.326865,South,Product B,5141.41,3212.76,0.196,False
CUST01032,2025-02-26 03:38:55.427085,North,Product C,5017.88,2661.33,0.141,False
CUST01033,2025-02-26 04:57:16.527305,North,Product A,4210.67,2144.71,0.151,False
CUST01034,2025-02-26 06:15:37.627525,North,Product C,5501.5,3342.83,0.013,False
CUST01035,2025-02-26 07:33:58.727745,East,Product A,4960.99,2713.55,0.153,False
CUST01036,2025-02-26 08:52:19.827965,South,Product C,4209.18,2358.12,0.155,False
CUST01037,2025-02-26 10:10:40.928185,East,Product D,6792.74,3729.39,0.134,False
CUST01038,2025-02-26 11:29:02.028405,North,Product A,5381.14,3390.31,0.058,False
CUST01039,2025-02-26 12:47:23.128625,South,Product D,4877.39,2978.65,0.098,False
CUST01040,2025-02-26 14:05:44.228845,South,Product B,6132.16,3161.71,0.022,True
CUST01041,2025-02-26 15:24:05.329065,East,Product A,6473.45,3918.42,0.094,False
CUST01042,2025-02-26 16:42:26.429285,South,Product B,4883.72,3214.65,0.049,False
CUST01043,2025-02-26 18:00:47.529505,East,Product A,5277.92,2724.67,0.07,True
CUST01044,2025-02-26 19:19:08.629725,West,Product C,4209.6,2853.89,0.033,False
CUST01045,2025-02-26 20:37:29.729945,East,Product C,4882.25,3005.81,0.046,False
CUST01046,2025-02-26 21:55:50.830166,North,Product A,4840.75,3340.72,0.015,False
CUST01047,2025-02-26 23:14:11.930386,North,Product B,5147.86,2726.45,0.184,True
CUST01048,2025-02-27 00:32:33.030606,West,Product C,5266.21,3679.57,0.106,False
CUST01049,2025-02-27 01:50:54.130826,North,Product D,5447.86,3425.91,0.079,False
CUST01050,2025-02-27 03:09:15.231046,West,Product B,5190.11,3184.13,0.107,False
CUST01051,2025-02-27 04:27:36.331266,South,Product D,4031.41,2431.16,0.126,False
CUST01052,2025-02-27 05:45:57.431486,West,Product B,4249.23,2144.72,0.184,False
CUST01053,2025-02-27 07:04:18.531706,East,Product B,4562.87,3138.93,0.036,False
CUST01054,2025-02-27 08:22:39.631926,West,Product C,4774.21,3002.02,0.059,False
CUST01055,2025-02-27 09:41:00.732146,South,Product B,5840.62,3027.34,0.195,False
CUST01056,2025-02-27 10:59:21.832366,East,Product B,4069.65,2051.88,0.074,False
CUST01057,2025-02-27 12:17:42.932586,South,Product B,4714.07,2404.91,0.005,False
CUST01058,2025-02-27 13:36:04.032806,South,Product C,5762.41,3583.52,0.03,False
CUST01059,2025-02-27 14:54:25.133026,East,Product C,4760.1,2964.6,0.005,False
CUST01060,2025-02-27 16:12:46.233246,West,Product B,5368.33,3220.64,0.198,False
CUST01061,2025-02-27 17:31:07.333466,West,Product A,4888.37,2744.1,0.056,False
CUST01062,2025-02-27 18:49:28.433686,East,Product B,5205.43,3156.3,0.185,False
CUST01063,2025-02-27 20:07:49.533906,South,Product B,4817.22,2906.04,0.199,False
CUST01064,2025-02-27 21:26:10.634126,South,Product A,5533.65,2788.31,0.12,False
CUST01065,2025-02-27 22:44:31.734346,East,Product C,3763.95,2094.62,0.007,False
CUST01066,2025-02-28 00:02:52.834566,North,Product B,4709.35,2404.77,0.016,False
CUST01067,2025-02-28 01:21:13.934786,North,Product A,5237.26,3561.5,0.096,False
CUST01068,2025-02-28 02:39:35.035007,South,Product A,5426.96,3500.63,0.081,False
CUST01069,2025-02-28 03:57:56.135227,North,Product A,6194.36,4331.24,0.121,False
CUST01070,2025-02-28 05:16:17.235447,North,Product D,4687.18,2626.86,0.088,False
CUST01071,2025-02-28 06:34:38.335667,North,Product A,-6183.59,4178.23,0.187,False
CUST01072,2025-02-28 07:52:59.435887,North,Product A,4472.78,2775.86,0.107,False
CUST01073,2025-02-28 09:11:20.536107,North,Product B,6062.92,3580.91,0.139,False
CUST01074,2025-02-28 10:29:41.636327,West,Product A,5653.97,3078.67,0.179,False
CUST01075,2025-02-28 11:48:02.736547,South,Product A,4269.23,2765.09,0.029,False
CUST01076,2025-02-28 13:06:23.836767,South,Product A,5245.63,3571.37,0.046,False
CUST01077,2025-02-28 14:24:44.936987,East,Product B,4959.01,2712.89,0.021,False
CUST01078,2025-02-28 15:43:06.037207,North,Product B,5500.47,2943.18,0.028,False
CUST01079,2025-02-28 17:01:27.137427,West,Product B,4821.38,3082.04,0.103,False
CUST01080,2025-02-28 18:19:48.237647,East,Product B,4754.2,3306.05,0.064,True
CUST01081,2025-02-28 19:38:09.337867,North,Product D,6095.28,3961.87,0.085,False
CUST01082,2025-02-28 20:56:30.438087,South,Product B,4921.02,2740.6,0.196,False
CUST01083,2025-02-28 22:14:51.538307,West,Product A,5661.14,3306.05,0.031,False
CUST01084,2025-02-28 23:33:12.638527,West,Product A,4819.72,2780.32,0.108,False
CUST01085,2025-03-01 00:51:33.738747,South,Product B,6333.33,4245.99,0.02,False
CUST01086,2025-03-01 02:09:54.838967,East,Product C,4457.33,2916.32,0.064,False
CUST01087,2025-03-01 03:28:15.939187,North,Product A,4508.69,2785.44,0.106,False
CUST01088,2025-03-01 04:46:37.039407,West,Product C,6219.61,3451.83,0.189,False
CUST01089,2025-03-01 06:04:58.139627,North,Product A,4644.04,3193.23,0.078,False
CUST01090,2025-03-01 07:23:19.239847,West,Product B,6280.86,3961.11,0.013,False
CUST01091,2025-03-01 08:41:40.340068,East,Product C,5713.47,3965.69,0.078,False
CUST01092,2025-03-01 10:00:01.440288,East,Product A,4876.28,3003.9,0.029,False
CUST01093,2025-03-01 11:18:22.540508,South,Product B,3549.37,2357.63,0.046,False
CUST01094,2025-03-01 12:36:43.640728,North,Product A,,3302.86,0.124,False
CUST01095,2025-03-01 13:55:04.740948,North,Product C,5081.3,2883.47,0.013,False
CUST01096,2025-03-01 15:13:25.841168,North,Product A,5933.77,4110.94,0.093,False
CUST01097,2025-03-01 16:31:46.941388,North,Product D,6270.76,3162.9,0.122,False
CUST01098,2025-03-01 17:50:08.041608,East,Product A,4452.01,2910.47,0.084,False
CUST01099,2025-03-01 19:08:29.141828,South,Product D,5640.95,3909.8,0.004,False
CUST01100,2025-03-01 20:26:50.242048,North,Product B,5612.32,3186.57,0.197,False
CUST01101,2025-03-01 21:45:11.342268,West,Product C,5858.73,3688.79,0.073,False
CUST01102,2025-03-01 23:03:32.442488,West,Product A,5398.95,3306.56,0.156,False
CUST01103,2025-03-02 00:21:53.542708,West,Product D,3446.0,2247.83,0.065,False
CUST01104,2025-03-02 01:40:14.642928,West,Product A,4875.66,3282.47,0.095,False
CUST01105,2025-03-02 02:58:35.743148,North,Product A,4075.43,2529.25,0.078,False
CUST01106,2025-03-02 04:16:56.843368,South,Product B,4837.92,3208.41,0.069,True
CUST01107,2025-03-02 05:35:17.943588,East,Product A,5784.0,3253.25,0.004,False
CUST01108,2025-03-02 06:53:39.043808,East,Product A,5244.12,2861.81,0.072,False
CUST01109,2025-03-02 08:12:00.144028,North,Product D,5918.47,3469.02,0.178,False
CUST01110,2025-03-02 09:30:21.244248,West,Product D,5273.4,3351.5,0.138,False
CUST01111,2025-03-02 10:48:42.344468,North,Product B,3961.34,2129.02,0.029,False
CUST01112,2025-03-02 12:07:03.444688,North,Product D,2983.32,1897.6,0.118,False
CUST01113,2025-03-02 13:25:24.544908,South,Product B,5119.05,2963.0,0.178,True
CUST01114,2025-03-02 14:43:45.645129,South,Product A,4828.86,3182.77,0.14,False
CUST01115,2025-03-02 16:02:06.745349,South,Product C,4218.44,2140.3,0.03,False
CUST01116,2025-03-02 17:20:27.845569,North,Product C,3639.5,2305.97,0.174,False
CUST01117,2025-03-02 18:38:48.945789,West,Product D,4412.21,2779.53,0.06,False
CUST01118,2025-03-02 19:57:10.046009,North,Product A,4844.41,3333.86,0.091,False
CUST01119,2025-03-02 21:15:31.146229,North,Product C,5532.7,3555.72,0.105,False
CUST01120,2025-03-02 22:33:52.246449,West,Product A,5150.9,3395.79,0.17,False
CUST01121,2025-03-02 23:52:13.346669,West,Product A,6286.45,4280.56,0.186,False
CUST01122,2025-03-03 01:10:34.446889,West,Product A,4171.52,2648.96,0.186,False
CUST01123,2025-03-03 02:28:55.547109,West,Product D,5704.85,3183.48,0.002,False
CUST01124,2025-03-03 03:47:16.647329,East,Product C,5037.84,3395.28,0.184,False
CUST01125,2025-03-03 05:05:37.747549,South,Product C,5555.74,3608.54,0.011,False
CUST01126,2025-03-03 06:23:58.847769,North,Product B,4650.79,2720.19,0.053,False
CUST01127,2025-03-03 07:42:19.947989,South,Product A,5857.34,3761.03,0.103,False
CUST01128,2025-03-03 09:00:41.048209,South,Product A,5236.18,3526.76,0.096,False
CUST01129,2025-03-03 10:19:02.148429,North,Product A,4456.44,3097.81,0.121,False
CUST01130,2025-03-03 11:37:23.248649,East,Product B,-4990.38,3445.71,0.096,False
CUST01131,2025-03-03 12:55:44.348869,South,Product C,4808.36,2717.04,0.187,False
CUST01132,2025-03-03 14:14:05.449089,North,Product B,,3150.37,0.048,False
CUST01133,2025-03-03 15:32:26.549309,North,Product A,4056.18,2116.95,0.055,False
CUST01134,2025-03-03 16:50:47.649529,East,Product A,4976.52,2734.64,0.184,False
CUST01135,2025-03-03 18:09:08.749749,North,Product A,5316.25,3596.36,0.015,False
CUST01136,2025-03-03 19:27:29.849969,West,Product B,5026.42,2875.97,0.122,True
CUST01137,2025-03-03 20:45:50.950190,South,Product D,6077.55,3793.06,0.136,False
CUST01138,2025-03-03 22:04:12.050410,South,Product C,5619.22,3558.05,0.101,False
CUST01139,2025-03-03 23:22:33.150630,South,Product C,4994.02,3277.9,0.139,False
CUST01140,2025-03-04 00:40:54.250850,West,Product B,5173.35,2775.81,0.035,False
CUST01141,2025-03-04 01:59:15.351070,South,Product B,5236.53,2937.5,0.171,False
CUST01142,2025-03-04 03:17:36.451290,East,Product A,5322.64,3138.59,0.028,False
CUST01143,2025-03-04 04:35:57.551510,South,Product D,3539.47,2028.01,0.08,False
CUST01144,2025-03-04 05:54:18.651730,North,Product C,4758.78,3314.88,0.015,False
CUST01145,2025-03-04 07:12:39.751950,West,Product A,3812.45,2542.86,0.109,False
CUST01146,2025-03-04 08:31:00.852170,East,Product B,6022.62,3589.11,0.134,True
CUST01147,2025-03-04 09:49:21.952390,East,Product B,4951.32,3346.37,0.188,False
CUST01148,2025-03-04 11:07:43.052610,West,Product C,4845.33,2759.56,0.148,False
CUST01149,2025-03-04 12:26:04.152830,West,Product D,5717.44,3757.3,0.108,False
CUST01150,2025-03-04 13:44:25.253050,East,Product B,5337.86,2907.72,0.187,False
CUST01151,2025-03-04 15:02:46.353270,West,Product B,4097.09,2681.4,0.096,False
CUST01152,2025-03-04 16:21:07.453490,East,Product A,4943.28,2922.91,0.112,False
CUST01153,2025-03-04 17:39:28.553710,East,Product A,4731.87,2467.67,0.119,False
CUST01154,2025-03-04 18:57:49.653930,East,Product A,3604.37,1999.17,0.082,False
CUST01155,2025-03-04 20:16:10.754150,East,Product A,4447.78,2581.74,0.168,False
CUST01156,2025-03-04 21:34:31.854370,North,Product C,4853.17,3153.87,0.037,False
CUST01157,2025-03-04 22:52:52.954590,West,Product C,4908.04,2525.66,0.111,False
CUST01158,2025-03-05 00:11:14.054810,West,Product A,3814.21,2410.24,0.144,False
CUST01159,2025-03-05 01:29:35.155031,North,Product C,5921.33,3808.62,0.181,False
CUST01160,2025-03-05 02:47:56.255251,West,Product A,4918.32,3102.4,0.177,False
CUST01161,2025-03-05 04:06:17.355471,North,Product A,5030.04,3280.26,0.102,False
CUST01162,2025-03-05 05:24:38.455691,South,Product A,5320.51,2849.85,0.129,False
CUST01163,2025-03-05 06:42:59.555911,East,Product B,4369.54,2697.84,0.079,False
CUST01164,2025-03-05 08:01:20.656131,North,Product A,5365.08,3692.41,0.094,False
CUST01165,2025-03-05 09:19:41.756351,West,Product B,4706.34,2928.08,0.181,False
CUST01166,2025-03-05 10:38:02.856571,West,Product B,4282.73,2665.0,0.186,False
CUST01167,2025-03-05 11:56:23.956791,South,Product D,5458.76,3533.39,0.179,False
CUST01168,2025-03-05 13:14:45.057011,North,Product A,6193.34,3509.4,0.028,False
CUST01169,2025-03-05 14:33:06.157231,North,Product A,5579.86,3571.64,0.17,False
CUST01170,2025-03-05 15:51:27.257451,East,Product A,5738.38,3920.73,0.19,False
CUST01171,2025-03-05 17:09:48.357671,West,Product C,4583.5,2301.74,0.072,False
CUST01172,2025-03-05 18:28:09.457891,East,Product A,3721.9,2508.65,0.104,False
CUST01173,2025-03-05 19:46:30.558111,North,Product C,6192.11,3366.8,0.156,False
CUST01174,2025-03-05 21:04:51.658331,East,Product B,6643.61,3927.6,0.112,False
CUST01175,2025-03-05 22:23:12.758551,South,Product B,6234.25,4179.87,0.199,False
CUST01176,2025-03-05 23:41:33.858771,East,Product B,4731.37,3145.33,0.091,True
CUST01177,2025-03-06 00:59:54.958991,North,Product A,4076.29,2765.3,0.143,False
CUST01178,2025-03-06 02:18:16.059211,East,Product A,4147.45,2853.79,0.159,False
CUST01179,2025-03-06 03:36:37.159431,South,Product A,,2153.2,0.099,False
CUST01180,2025-03-06 04:54:58.259651,West,Product B,4914.1,3102.14,0.171,False
CUST01181,2025-03-06 06:13:19.359871,South,Product A,6284.54,3633.07,0.109,False
CUST01182,2025-03-06 07:31:40.460092,East,Product A,4886.67,2786.1,0.082,False
CUST01183,2025-03-06 08:50:01.560312,West,Product D,5241.86,3073.4,0.022,False
CUST01184,2025-03-06 10:08:22.660532,North,Product A,6100.48,3956.86,0.079,False
CUST01185,2025-03-06 11:26:43.760752,West,Product C,,2807.38,0.147,True
CUST01186,2025-03-06 12:45:04.860972,East,Product C,6628.43,4393.4,0.184,False
CUST01187,2025-03-06 14:03:25.961192,North,Product A,6593.68,4279.58,0.05,False
CUST01188,2025-03-06 15:21:47.061412,South,Product A,4895.11,2467.6,0.071,False
CUST01189,2025-03-06 16:40:08.161632,East,Product A,4537.97,2840.99,0.031,False
CUST01190,2025-03-06 17:58:29.261852,North,Product C,5557.79,3264.17,0.138,False
CUST01191,2025-03-06 19:16:50.362072,South,Product C,4721.98,2792.23,0.192,False
CUST01192,2025-03-06 20:35:11.462292,South,Product C,4074.76,2704.31,0.128,True
CUST01193,2025-03-06 21:53:32.562512,East,Product D,6024.99,3672.36,0.123,False
CUST01194,2025-03-06 23:11:53.662732,North,Product C,5973.16,4044.57,0.111,False
CUST01195,2025-03-07 00:30:14.762952,West,Product A,5124.41,3292.75,0.018,False
CUST01196,2025-03-07 01:48:35.863172,West,Product A,3989.71,2435.99,0.146,False
CUST01197,2025-03-07 03:06:56.963392,West,Product C,4016.38,2614.29,0.12,False
CUST01198,2025-03-07 04:25:18.063612,East,Product A,5085.78,2581.9,0.132,False
CUST01199,2025-03-07 05:43:39.163832,North,Product A,4600.1,2324.97,0.18,False
CUST01200,2025-03-07 07:02:00.264052,East,Product C,4727.13,2442.36,0.157,False
CUST01201,2025-03-07 08:20:21.364272,North,Product B,5817.57,3417.9,0.156,False
CUST01202,2025-03-07 09:38:42.464492,North,Product D,5586.54,3056.34,0.185,False
CUST01203,2025-03-07 10:57:03.564712,South,Product C,6102.51,4252.55,0.198,True
CUST01204,2025-03-07 12:15:24.664932,South,Product A,4207.5,2560.09,0.116,False
CUST01205,2025-03-07 13:33:45.765153,East,Product D,4725.45,2988.77,0.022,False
CUST01206,2025-03-07 14:52:06.865373,East,Product A,5607.19,3116.27,0.092,False
CUST01207,2025-03-07 16:10:27.965593,South,Product A,5358.46,3024.1,0.158,False
CUST01208,2025-03-07 17:28:49.065813,North,Product B,6225.9,3530.66,0.006,False
CUST01209,2025-03-07 18:47:10.166033,West,Product A,5336.43,3413.97,0.011,False
CUST01210,2025-03-07 20:05:31.266253,South,Product B,6478.49,3853.02,0.013,False
CUST01211,2025-03-07 21:23:52.366473,South,Product A,5432.01,3278.42,0.146,True
CUST01212,2025-03-07 22:42:13.466693,North,Product B,5849.73,3617.48,0.1,False
CUST01213,2025-03-08 00:00:34.566913,East,Product B,,3099.61,0.074,False
CUST01214,2025-03-08 01:18:55.667133,East,Product C,5011.43,2596.29,0.021,False
CUST01215,2025-03-08 02:37:16.767353,North,Product C,5728.76,3754.48,0.146,False
CUST01216,2025-03-08 03:55:37.867573,North,Product A,,3853.78,0.064,False
CUST01217,2025-03-08 05:13:58.967793,East,Product B,5583.39,3538.86,0.053,False
CUST01218,2025-03-08 06:32:20.068013,East,Product B,4933.46,2789.92,0.13,False
CUST01219,2025-03-08 07:50:41.168233,North,Product A,6101.87,3550.54,0.112,False
CUST01220,2025-03-08 09:09:02.268453,West,Product C,3246.42,1773.3,0.072,False
CUST01221,2025-03-08 10:27:23.368673,North,Product C,3862.21,2687.56,0.128,False
CUST01222,2025-03-08 11:45:44.468893,South,Product A,5545.31,3323.86,0.054,False
CUST01223,2025-03-08 13:04:05.569113,West,Product B,5011.29,3503.97,0.159,False
CUST01224,2025-03-08 14:22:26.669333,South,Product A,5484.41,3279.44,0.046,False
CUST01225,2025-03-08 15:40:47.769553,East,Product C,5051.53,2747.78,0.032,False
CUST01226,2025-03-08 16:59:08.869773,South,Product A,5456.76,3282.19,0.156,False
CUST01227,2025-03-08 18:17:29.969993,North,Product D,4348.48,2208.67,0.142,False
CUST01228,2025-03-08 19:35:51.070214,West,Product C,5456.39,3715.55,0.037,False
CUST01229,2025-03-08 20:54:12.170434,South,Product B,5795.53,3846.55,0.023,False
CUST01230,2025-03-08 22:12:33.270654,West,Product B,5976.44,3855.78,0.168,False
CUST01231,2025-03-08 23:30:54.370874,North,Product D,6610.84,4111.72,0.155,False
CUST01232,2025-03-09 00:49:15.471094,North,Product B,5195.28,3200.12,0.065,False
CUST01233,2025-03-09 02:07:36.571314,North,Product A,5219.13,3649.98,0.132,True
CUST01234,2025-03-09 03:25:57.671534,East,Product B,3781.46,2100.98,0.025,False
CUST01235,2025-03-09 04:44:18.771754,South,Product C,4574.87,3000.83,0.101,False
CUST01236,2025-03-09 06:02:39.871974,West,Product C,4845.53,2986.21,0.004,False
CUST01237,2025-03-09 07:21:00.972194,South,Product C,5840.26,4060.01,0.078,False
CUST01238,2025-03-09 08:39:22.072414,West,Product D,4511.2,3002.48,0.015,False
CUST01239,2025-03-09 09:57:43.172634,North,Product D,5637.07,3944.29,0.095,False
CUST01240,2025-03-09 11:16:04.272854,West,Product D,4998.7,3087.52,0.084,False
CUST01241,2025-03-09 12:34:25.373074,East,Product A,4858.27,2627.88,0.089,False
CUST01242,2025-03-09 13:52:46.473294,East,Product B,5199.12,3123.3,0.009,False
CUST01243,2025-03-09 15:11:07.573514,West,Product C,4687.07,3010.14,0.072,False
CUST01244,2025-03-09 16:29:28.673734,East,Product C,4656.77,3049.59,0.151,False
CUST01245,2025-03-09 17:47:49.773954,East,Product C,3636.17,1818.46,0.074,False
CUST01246,2025-03-09 19:06:10.874174,North,Product A,4801.64,2885.81,0.143,False
CUST01247,2025-03-09 20:24:31.974394,North,Product C,4616.03,2525.18,0.074,False
CUST01248,2025-03-09 21:42:53.074614,West,Product C,4587.22,3096.29,0.085,False
CUST01249,2025-03-09 23:01:14.174834,East,Product A,5333.5,2829.85,0.113,False
CUST01250,2025-03-10 00:19:35.275055,East,Product B,5526.91,3500.14,0.19,True
CUST01251,2025-03-10 01:37:56.375275,South,Product A,5185.76,2868.82,0.022,False
CUST01252,2025-03-10 02:56:17.475495,North,Product A,5796.33,3311.49,0.007,False
CUST01253,2025-03-10 04:14:38.575715,North,Product A,5460.45,3757.4,0.122,False
CUST01254,2025-03-10 05:32:59.675935,East,Product B,4763.96,2611.07,0.19,False
CUST01255,2025-03-10 06:51:20.776155,South,Product B,4629.71,2402.82,0.198,False
CUST01256,2025-03-10 08:09:41.876375,North,Product C,5250.26,2697.88,0.097,False
CUST01257,2025-03-10 09:28:02.976595,South,Product C,5459.01,3280.45,0.094,False
CUST01258,2025-03-10 10:46:24.076815,North,Product C,6118.28,3844.37,0.129,False
CUST01259,2025-03-10 12:04:45.177035,South,Product A,5952.94,3366.14,0.111,False
CUST01260,2025-03-10 13:23:06.277255,North,Product A,4566.82,2913.87,0.127,True
CUST01261,2025-03-10 14:41:27.377475,East,Product D,4918.39,2519.24,0.175,False
CUST01262,2025-03-10 15:59:48.477695,South,Product A,5536.81,3717.79,0.149,False
CUST01263,2025-03-10 17:18:09.577915,South,Product D,5854.4,3883.3,0.099,False
CUST01264,2025-03-10 18:36:30.678135,North,Product C,5751.18,4009.14,0.092,False
CUST01265,2025-03-10 19:54:51.778355,North,Product B,4948.9,3401.38,0.128,False
CUST01266,2025-03-10 21:13:12.878575,South,Product D,3996.78,2283.12,0.091,False
CUST01267,2025-03-10 22:31:33.978795,South,Product A,4200.85,2435.88,0.092,False
CUST01268,2025-03-10 23:49:55.079015,East,Product A,5218.11,3387.56,0.003,True
CUST01269,2025-03-11 01:08:16.179235,North,Product C,5273.78,2778.31,0.035,False
CUST01270,2025-03-11 02:26:37.279455,East,Product B,4121.06,2319.34,0.098,False
CUST01271,2025-03-11 03:44:58.379675,West,Product D,5035.66,2637.21,0.165,False
CUST01272,2025-03-11 05:03:19.479895,East,Product A,5504.98,3253.32,0.056,False
CUST01273,2025-03-11 06:21:40.580116,North,Product B,4079.02,2489.84,0.105,False
CUST01274,2025-03-11 07:40:01.680336,South,Product B,5884.0,3190.49,0.069,False
CUST01275,2025-03-11 08:58:22.780556,North,Product C,4697.98,2374.01,0.021,False
CUST01276,2025-03-11 10:16:43.880776,North,Product A,6006.09,3867.15,0.192,False
CUST01277,2025-03-11 11:35:04.980996,West,Product B,4573.24,2304.92,0.171,False
CUST01278,2025-03-11 12:53:26.081216,North,Product C,4178.7,2902.86,0.016,False
CUST01279,2025-03-11 14:11:47.181436,South,Product A,4633.49,2522.11,0.144,False
CUST01280,2025-03-11 15:30:08.281656,East,Product C,4923.88,3115.73,0.07,False
CUST01281,2025-03-11 16:48:29.381876,East,Product B,4689.22,2752.34,0.199,False
CUST01282,2025-03-11 18:06:50.482096,South,Product C,4827.2,2471.21,0.06,False
CUST01283,2025-03-11 19:25:11.582316,North,Product C,5267.17,3131.0,0.048,False
CUST01284,2025-03-11 20:43:32.682536,South,Product A,4863.06,2934.14,0.114,False
CUST01285,2025-03-11 22:01:53.782756,South,Product B,4947.11,3319.2,0.167,False
CUST01286,2025-03-11 23:20:14.882976,North,Product D,3632.62,2348.38,0.039,False
CUST01287,2025-03-12 00:38:35.983196,South,Product B,5313.36,2740.95,0.142,False
CUST01288,2025-03-12 01:56:57.083416,North,Product D,4928.64,2670.5,0.012,False
CUST01289,2025-03-12 03:15:18.183636,North,Product B,6288.23,3536.36,0.184,False
CUST01290,2025-03-12 04:33:39.283856,South,Product A,4248.35,2223.08,0.016,False
CUST01291,2025-03-12 05:52:00.384076,North,Product B,3553.36,2101.39,0.183,False
CUST01292,2025-03-12 07:10:21.484296,South,Product D,5494.45,3828.88,0.098,False
CUST01293,2025-03-12 08:28:42.584516,East,Product A,5277.22,3181.76,0.09,False
CUST01294,2025-03-12 09:47:03.684736,West,Product D,4193.25,2718.81,0.195,False
CUST01295,2025-03-12 11:05:24.784956,North,Product D,3776.2,2403.88,0.198,False
CUST01296,2025-03-12 12:23:45.885177,North,Product B,6229.92,4173.93,0.13,False
CUST01297,2025-03-12 13:42:06.985397,North,Product A,6131.29,3330.18,0.025,False
CUST01298,2025-03-12 15:00:28.085617,East,Product C,3010.03,1958.83,0.101,False
CUST01299,2025-03-12 16:18:49.185837,East,Product A,4633.42,3133.45,0.106,False
CUST01300,2025-03-12 17:37:10.286057,North,Product C,6331.35,3382.85,0.103,False
CUST01301,2025-03-12 18:55:31.386277,West,Product B,4619.15,2629.96,0.114,False
CUST01302,2025-03-12 20:13:52.486497,North,Product B,4607.51,3197.71,0.004,False
CUST01303,2025-03-12 21:32:13.586717,South,Product C,4773.79,3132.36,0.142,False
CUST01304,2025-03-12 22:50:34.686937,East,Product B,4103.28,2283.55,0.142,False
CUST01305,2025-03-13 00:08:55.787157,West,Product B,3636.18,2228.21,0.023,False
CUST01306,2025-03-13 01:27:16.887377,East,Product B,5842.04,3393.44,0.114,False
CUST01307,2025-03-13 02:45:37.987597,West,Product B,3525.65,2108.31,0.114,False
CUST01308,2025-03-13 04:03:59.087817,South,Product B,5197.82,2968.13,0.136,False
CUST01309,2025-03-13 05:22:20.188037,West,Product C,5709.26,3173.59,0.017,False
CUST01310,2025-03-13 06:40:41.288257,North,Product B,3839.02,2437.6,0.125,False
CUST01311,2025-03-13 07:59:02.388477,West,Product B,4260.59,2793.7,0.056,False
CUST01312,2025-03-13 09:17:23.488697,South,Product C,5970.54,4028.87,0.101,False
CUST01313,2025-03-13 10:35:44.588917,West,Product A,5426.31,2881.73,0.155,False
CUST01314,2025-03-13 11:54:05.689137,South,Product A,4506.17,2994.67,0.141,False
CUST01315,2025-03-13 13:12:26.789357,East,Product D,5961.8,3284.71,0.024,False
CUST01316,2025-03-13 14:30:47.889577,South,Product C,5965.23,3492.45,0.118,False
CUST01317,2025-03-13 15:49:08.989797,East,Product B,5215.24,3547.87,0.194,True
CUST01318,2025-03-13 17:07:30.090018,North,Product C,4279.87,2528.98,0.031,False
CUST01319,2025-03-13 18:25:51.190238,North,Product A,4669.24,2518.65,0.171,False
CUST01320,2025-03-13 19:44:12.290458,North,Product C,5229.11,2781.75,0.141,False
CUST01321,2025-03-13 21:02:33.390678,North,Product B,4849.12,2883.27,0.155,False
CUST01322,2025-03-13 22:20:54.490898,West,Product B,5751.17,3752.83,0.056,False
CUST01323,2025-03-13 23:39:15.591118,North,Product B,3776.18,2641.22,0.058,False
CUST01324,2025-03-14 00:57:36.691338,West,Product A,3804.59,2501.45,0.181,False
CUST01325,2025-03-14 02:15:57.791558,South,Product A,5144.7,3474.74,0.072,False
CUST01326,2025-03-14 03:34:18.891778,North,Product D,4606.76,2992.4,0.013,False
CUST01327,2025-03-14 04:52:39.991998,East,Product B,4498.36,3054.78,0.12,False
CUST01328,2025-03-14 06:11:01.092218,East,Product B,3585.55,1847.49,0.025,False
CUST01329,2025-03-14 07:29:22.192438,South,Product A,5015.64,3440.66,0.159,False
CUST01330,2025-03-14 08:47:43.292658,South,Product A,4957.8,2871.96,0.128,True
CUST01331,2025-03-14 10:06:04.392878,East,Product C,5522.78,3779.37,0.175,False
CUST01332,2025-03-14 11:24:25.493098,North,Product B,5055.12,2604.13,0.157,False
CUST01333,2025-03-14 12:42:46.593318,West,Product B,4893.92,3147.03,0.022,False
CUST01334,2025-03-14 14:01:07.693538,West,Product A,5941.6,3845.03,0.076,False
CUST01335,2025-03-14 15:19:28.793758,East,Product C,3950.03,2762.58,0.155,False
CUST01336,2025-03-14 16:37:49.893978,North,Product A,5429.11,3549.4,0.083,False
CUST01337,2025-03-14 17:56:10.994198,East,Product A,3663.08,2111.82,0.194,False
CUST01338,2025-03-14 19:14:32.094418,North,Product B,4329.31,2647.16,0.147,False
CUST01339,2025-03-14 20:32:53.194638,North,Product A,4029.87,2310.37,0.003,False
CUST01340,2025-03-14 21:51:14.294858,North,Product A,5625.55,3033.32,0.176,False
CUST01341,2025-03-14 23:09:35.395079,South,Product C,4947.67,2719.74,0.02,True
CUST01342,2025-03-15 00:27:56.495299,West,Product C,4989.2,2716.13,0.028,False
CUST01343,2025-03-15 01:46:17.595519,East,Product C,4114.61,2508.94,0.147,False
CUST01344,2025-03-15 03:04:38.695739,East,Product B,4760.25,3242.83,0.173,False
CUST01345,2025-03-15 04:22:59.795959,South,Product A,4389.23,2995.85,0.107,False
CUST01346,2025-03-15 05:41:20.896179,South,Product A,5306.76,2711.51,0.058,False
CUST01347,2025-03-15 06:59:41.996399,South,Product D,4207.13,2170.79,0.07,False
CUST01348,2025-03-15 08:18:03.096619,West,Product B,6063.84,3329.19,0.069,False
CUST01349,2025-03-15 09:36:24.196839,North,Product C,3659.54,2016.45,0.065,True
CUST01350,2025-03-15 10:54:45.297059,West,Product A,4354.78,2260.04,0.049,False
CUST01351,2025-03-15 12:13:06.397279,South,Product B,6341.76,3663.59,0.122,False
CUST01352,2025-03-15 13:31:27.497499,South,Product A,4651.89,2872.75,0.18,False
CUST01353,2025-03-15 14:49:48.597719,East,Product B,3948.1,2430.58,0.061,False
CUST01354,2025-03-15 16:08:09.697939,South,Product D,5175.26,3150.11,0.037,False
CUST01355,2025-03-15 17:26:30.798159,West,Product D,,2622.75,0.168,False
CUST01356,2025-03-15 18:44:51.898379,West,Product B,4331.3,2777.63,0.148,False
CUST01357,2025-03-15 20:03:12.998599,South,Product B,4123.3,2743.22,0.186,False
CUST01358,2025-03-15 21:21:34.098819,North,Product D,7214.7,4107.0,0.033,False
CUST01359,2025-03-15 22:39:55.199039,South,Product C,4798.76,2481.47,0.029,True
CUST01360,2025-03-15 23:58:16.299259,West,Product A,3459.55,1934.81,0.108,True
CUST01361,2025-03-16 01:16:37.399479,North,Product B,6194.97,3267.68,0.123,False
CUST01362,2025-03-16 02:34:58.499699,East,Product A,5488.86,3257.48,0.096,False
CUST01363,2025-03-16 03:53:19.599919,East,Product B,4386.83,2330.23,0.12,False
CUST01364,2025-03-16 05:11:40.700140,East,Product B,4253.5,2520.49,0.036,False
CUST01365,2025-03-16 06:30:01.800360,North,Product B,5538.78,3014.21,0.096,False
CUST01366,2025-03-16 07:48:22.900580,East,Product B,4802.47,3110.78,0.132,False
CUST01367,2025-03-16 09:06:44.000800,West,Product A,3459.22,1748.68,0.087,False
CUST01368,2025-03-16 10:25:05.101020,North,Product B,6429.79,3928.28,0.136,False
CUST01369,2025-03-16 11:43:26.201240,North,Product C,4652.81,2484.12,0.09,False
CUST01370,2025-03-16 13:01:47.301460,West,Product C,6196.46,3099.46,0.067,False
CUST01371,2025-03-16 14:20:08.401680,North,Product A,6022.75,4058.37,0.061,False
CUST01372,2025-03-16 15:38:29.501900,West,Product D,4199.19,2663.57,0.082,False
CUST01373,2025-03-16 16:56:50.602120,South,Product D,5826.55,3028.58,0.005,False
CUST01374,2025-03-16 18:15:11.702340,North,Product A,4478.85,2834.28,0.134,False
CUST01375,2025-03-16 19:33:32.802560,West,Product A,3506.64,2182.29,0.169,False
CUST01376,2025-03-16 20:51:53.902780,South,Product C,4660.32,2771.36,0.071,False
CUST01377,2025-03-16 22:10:15.003000,South,Product C,5318.11,3104.99,0.009,False
CUST01378,2025-03-16 23:28:36.103220,South,Product D,4629.81,3136.3,0.197,False
CUST01379,2025-03-17 00:46:57.203440,South,Product D,4754.36,2610.29,0.053,False
CUST01380,2025-03-17 02:05:18.303660,North,Product C,5914.85,3428.62,0.025,False
CUST01381,2025-03-17 03:23:39.403880,South,Product B,5085.2,2877.32,0.074,False
CUST01382,2025-03-17 04:42:00.504100,West,Product A,4325.36,2829.83,0.148,False
CUST01383,2025-03-17 06:00:21.604320,North,Product A,5561.62,3800.22,0.059,False
CUST01384,2025-03-17 07:18:42.704540,East,Product B,5158.14,3455.73,0.115,False
CUST01385,2025-03-17 08:37:03.804760,South,Product C,2982.72,1967.22,0.083,False
CUST01386,2025-03-17 09:55:24.904980,East,Product B,5342.68,3725.76,0.024,False
CUST01387,2025-03-17 11:13:46.005201,North,Product C,5313.46,3397.58,0.066,True
CUST01388,2025-03-17 12:32:07.105421,West,Product A,5016.1,3261.52,0.145,False
CUST01389,2025-03-17 13:50:28.205641,South,Product B,5713.36,3979.7,0.122,True
CUST01390,2025-03-17 15:08:49.305861,North,Product A,4462.09,2237.28,0.024,False
CUST01391,2025-03-17 16:27:10.406081,North,Product B,5269.2,3302.79,0.033,False
CUST01392,2025-03-17 17:45:31.506301,North,Product C,3746.43,2426.92,0.128,False
CUST01393,2025-03-17 19:03:52.606521,South,Product C,5325.67,3640.45,0.163,False
CUST01394,2025-03-17 20:22:13.706741,South,Product D,6562.45,4441.26,0.07,False
CUST01395,2025-03-17 21:40:34.806961,West,Product A,4204.11,2810.0,0.119,False
CUST01396,2025-03-17 22:58:55.907181,South,Product B,4392.16,3026.89,0.034,False
CUST01397,2025-03-18 00:17:17.007401,North,Product A,4431.99,2692.33,0.062,False
CUST01398,2025-03-18 01:35:38.107621,East,Product B,5104.0,2559.06,0.004,False
CUST01399,2025-03-18 02:53:59.207841,East,Product D,4149.57,2083.96,0.154,False
CUST01400,2025-03-18 04:12:20.308061,North,Product C,5337.0,3249.85,0.08,True
CUST01401,2025-03-18 05:30:41.408281,North,Product D,5677.47,3332.99,0.163,False
CUST01402,2025-03-18 06:49:02.508501,North,Product A,5427.48,3203.56,0.142,False
CUST01403,2025-03-18 08:07:23.608721,East,Product D,3585.27,2079.75,0.166,False
CUST01404,2025-03-18 09:25:44.708941,East,Product A,5796.13,3961.92,0.057,False
CUST01405,2025-03-18 10:44:05.809161,South,Product D,5749.89,3287.99,0.037,False
CUST01406,2025-03-18 12:02:26.909381,West,Product A,5664.13,3802.02,0.194,False
CUST01407,2025-03-18 13:20:48.009601,West,Product A,5298.27,3605.86,0.143,False
CUST01408,2025-03-18 14:39:09.109821,South,Product B,5176.15,3105.18,0.167,False
CUST01409,2025-03-18 15:57:30.210042,West,Product D,5825.91,3433.72,0.003,False
CUST01410,2025-03-18 17:15:51.310262,North,Product A,6538.81,4264.64,0.071,False
CUST01411,2025-03-18 18:34:12.410482,North,Product B,4237.57,2718.8,0.149,False
CUST01412,2025-03-18 19:52:33.510702,North,Product D,,3316.46,0.016,False
CUST01413,2025-03-18 21:10:54.610922,North,Product B,4931.03,2566.65,0.113,False
CUST01414,2025-03-18 22:29:15.711142,South,Product A,4896.26,2707.49,0.086,False
CUST01415,2025-03-18 23:47:36.811362,West,Product B,3770.78,1984.2,0.004,False
CUST01416,2025-03-19 01:05:57.911582,North,Product B,4772.17,2667.39,0.047,False
CUST01417,2025-03-19 02:24:19.011802,North,Product D,4202.19,2321.14,0.057,False
CUST01418,2025-03-19 03:42:40.112022,South,Product C,4628.92,2904.84,0.022,False
CUST01419,2025-03-19 05:01:01.212242,West,Product B,4121.45,2847.51,0.126,False
CUST01420,2025-03-19 06:19:22.312462,South,Product D,-4640.87,2956.93,0.048,False
CUST01421,2025-03-19 07:37:43.412682,South,Product B,4675.11,3203.99,0.056,False
CUST01422,2025-03-19 08:56:04.512902,North,Product A,5077.4,3334.97,0.18,False
CUST01423,2025-03-19 10:14:25.613122,North,Product A,3708.2,2393.92,0.093,False
CUST01424,2025-03-19 11:32:46.713342,West,Product B,3843.59,2240.09,0.078,False
CUST01425,2025-03-19 12:51:07.813562,West,Product A,5289.53,2988.37,0.145,False
CUST01426,2025-03-19 14:09:28.913782,North,Product D,4362.05,2919.33,0.182,False
CUST01427,2025-03-19 15:27:50.014002,West,Product C,5859.62,3990.86,0.005,False
CUST01428,2025-03-19 16:46:11.114222,East,Product A,-5180.22,3058.28,0.09,False
CUST01429,2025-03-19 18:04:32.214442,West,Product B,5485.41,2752.65,0.122,False
CUST01430,2025-03-19 19:22:53.314662,South,Product C,6128.55,4035.69,0.064,False
CUST01431,2025-03-19 20:41:14.414882,South,Product D,4752.23,2647.06,0.154,False
CUST01432,2025-03-19 21:59:35.515103,South,Product D,4540.41,2279.18,0.194,False
CUST01433,2025-03-19 23:17:56.615323,East,Product B,5697.36,3765.94,0.189,False
CUST01434,2025-03-20 00:36:17.715543,North,Product C,5407.61,3263.4,0.053,False
CUST01435,2025-03-20 01:54:38.815763,North,Product B,4850.14,3089.74,0.045,False
CUST01436,2025-03-20 03:12:59.915983,South,Product B,6113.17,4174.91,0.191,False
CUST01437,2025-03-20 04:31:21.016203,East,Product A,4830.2,2937.9,0.092,False
CUST01438,2025-03-20 05:49:42.116423,North,Product A,5026.22,3018.94,0.042,False
CUST01439,2025-03-20 07:08:03.216643,East,Product B,5016.98,2800.14,0.141,False
CUST01440,2025-03-20 08:26:24.316863,West,Product A,4252.32,2385.72,0.057,False
CUST01441,2025-03-20 09:44:45.417083,North,Product A,,3337.46,0.053,True
CUST01442,2025-03-20 11:03:06.517303,East,Product C,6117.41,3608.08,0.176,False
CUST01443,2025-03-20 12:21:27.617523,South,Product A,5355.97,2853.16,0.032,False
CUST01444,2025-03-20 13:39:48.717743,West,Product B,5024.85,2607.42,0.013,False
CUST01445,2025-03-20 14:58:09.817963,North,Product B,4870.59,2895.97,0.054,False
CUST01446,2025-03-20 16:16:30.918183,East,Product D,5264.69,3121.92,0.121,False
CUST01447,2025-03-20 17:34:52.018403,West,Product B,5599.81,3531.76,0.025,False
CUST01448,2025-03-20 18:53:13.118623,West,Product A,5487.39,3260.68,0.094,False
CUST01449,2025-03-20 20:11:34.218843,East,Product B,4734.51,2503.11,0.125,False
CUST01450,2025-03-20 21:29:55.319063,South,Product C,5259.83,3164.1,0.17,False
CUST01451,2025-03-20 22:48:16.419283,East,Product D,5383.95,3668.4,0.046,False
CUST01452,2025-03-21 00:06:37.519503,West,Product B,4194.24,2230.87,0.163,False
CUST01453,2025-03-21 01:24:58.619723,South,Product A,,3275.61,0.047,False
CUST01454,2025-03-21 02:43:19.719943,North,Product D,3270.96,2023.98,0.135,False
CUST01455,2025-03-21 04:01:40.820164,West,Product A,5386.03,3499.39,0.086,False
CUST01456,2025-03-21 05:20:01.920384,East,Product C,5528.27,2930.65,0.023,False
CUST01457,2025-03-21 06:38:23.020604,East,Product B,5598.04,3853.25,0.143,False
CUST01458,2025-03-21 07:56:44.120824,North,Product A,4683.96,2923.7,0.044,False
CUST01459,2025-03-21 09:15:05.221044,East,Product A,5247.24,3512.58,0.035,False
CUST01460,2025-03-21 10:33:26.321264,South,Product A,6139.16,3372.37,0.072,False
CUST01461,2025-03-21 11:51:47.421484,East,Product C,6131.02,3972.18,0.131,False
CUST01462,2025-03-21 13:10:08.521704,North,Product D,4976.66,3265.72,0.047,False
CUST01463,2025-03-21 14:28:29.621924,East,Product A,5111.46,2962.02,0.037,False
CUST01464,2025-03-21 15:46:50.722144,West,Product C,5888.73,3396.56,0.002,False
CUST01465,2025-03-21 17:05:11.822364,North,Product A,3799.36,2399.52,0.094,False
CUST01466,2025-03-21 18:23:32.922584,West,Product B,4741.54,2459.35,0.086,False
CUST01467,2025-03-21 19:41:54.022804,South,Product A,6068.46,3927.05,0.047,False
CUST01468,2025-03-21 21:00:15.123024,West,Product D,5780.16,2939.66,0.011,True
CUST01469,2025-03-21 22:18:36.223244,East,Product C,5295.41,2849.56,0.086,False
CUST01470,2025-03-21 23:36:57.323464,South,Product C,3795.33,2401.8,0.158,False
CUST01471,2025-03-22 00:55:18.423684,East,Product C,-4960.07,2577.57,0.143,False
CUST01472,2025-03-22 02:13:39.523904,West,Product C,4528.07,3144.15,0.172,False
CUST01473,2025-03-22 03:32:00.624124,South,Product D,5264.83,3546.81,0.002,False
CUST01474,2025-03-22 04:50:21.724344,South,Product C,4352.52,2721.46,0.193,False
CUST01475,2025-03-22 06:08:42.824564,East,Product D,4179.42,2774.35,0.068,False
CUST01476,2025-03-22 07:27:03.924784,West,Product B,3348.11,2268.4,0.198,False
CUST01477,2025-03-22 08:45:25.025005,East,Product A,5977.44,3298.92,0.051,False
CUST01478,2025-03-22 10:03:46.125225,East,Product B,4680.18,3135.17,0.094,True
CUST01479,2025-03-22 11:22:07.225445,South,Product A,5125.72,2762.55,0.071,False
CUST01480,2025-03-22 12:40:28.325665,West,Product B,4998.21,2912.3,0.071,False
CUST01481,2025-03-22 13:58:49.425885,North,Product B,4146.05,2535.94,0.168,False
CUST01482,2025-03-22 15:17:10.526105,South,Product C,3992.75,2566.45,0.149,False
CUST01483,2025-03-22 16:35:31.626325,North,Product A,4195.75,2123.17,0.198,False
CUST01484,2025-03-22 17:53:52.726545,South,Product A,4421.47,2467.63,0.123,False
CUST01485,2025-03-22 19:12:13.826765,South,Product B,5293.28,3290.86,0.093,False
CUST01486,2025-03-22 20:30:34.926985,South,Product D,4363.43,2493.58,0.018,False
CUST01487,2025-03-22 21:48:56.027205,East,Product B,6397.19,4190.19,0.199,False
CUST01488,2025-03-22 23:07:17.127425,South,Product B,5821.72,3669.61,0.11,False
CUST01489,2025-03-23 00:25:38.227645,South,Product C,5646.69,3088.06,0.14,False
CUST01490,2025-03-23 01:43:59.327865,North,Product C,4904.27,2595.27,0.081,False
CUST01491,2025-03-23 03:02:20.428085,South,Product A,6211.42,3887.17,0.11,False
CUST01492,2025-03-23 04:20:41.528305,North,Product B,4825.6,2847.55,0.189,False
CUST01493,2025-03-23 05:39:02.628525,North,Product A,4974.99,2655.61,0.033,False
CUST01494,2025-03-23 06:57:23.728745,East,Product D,5135.98,2903.24,0.058,False
CUST01495,2025-03-23 08:15:44.828965,East,Product A,5561.46,3117.81,0.03,False
CUST01496,2025-03-23 09:34:05.929185,East,Product B,5509.53,2873.91,0.158,False
CUST01497,2025-03-23 10:52:27.029405,South,Product A,4619.9,2815.28,0.012,True
CUST01498,2025-03-23 12:10:48.129625,South,Product A,4573.61,2985.33,0.016,False
CUST01499,2025-03-23 13:29:09.229845,West,Product C,5511.92,3390.35,0.06,False
CUST01500,2025-03-23 14:47:30.330066,South,Product A,5572.19,3706.95,0.103,False
CUST01501,2025-03-23 16:05:51.430286,South,Product A,4685.32,2462.2,0.081,False
CUST01502,2025-03-23 17:24:12.530506,North,Product B,3730.25,2190.11,0.009,False
CUST01503,2025-03-23 18:42:33.630726,South,Product A,4834.15,3006.27,0.191,False
CUST01504,2025-03-23 20:00:54.730946,South,Product A,5498.82,3492.85,0.191,False
CUST01505,2025-03-23 21:19:15.831166,South,Product C,6444.33,4118.94,0.056,False
CUST01506,2025-03-23 22:37:36.931386,South,Product C,4041.63,2610.06,0.146,False
CUST01507,2025-03-23 23:55:58.031606,South,Product D,4658.74,2936.34,0.116,False
CUST01508,2025-03-24 01:14:19.131826,East,Product D,4688.48,2432.6,0.047,False
CUST01509,2025-03-24 02:32:40.232046,East,Product C,6084.64,3888.46,0.052,False
CUST01510,2025-03-24 03:51:01.332266,West,Product A,4972.05,3206.75,0.098,False
CUST01511,2025-03-24 05:09:22.432486,East,Product C,4274.14,2986.32,0.084,False
CUST01512,2025-03-24 06:27:43.532706,West,Product C,5446.96,3478.82,0.058,False
CUST01513,2025-03-24 07:46:04.632926,North,Product C,,2980.51,0.162,False
CUST01514,2025-03-24 09:04:25.733146,North,Product B,4020.49,2424.21,0.096,False
CUST01515,2025-03-24 10:22:46.833366,North,Product A,4285.78,2886.84,0.131,False
CUST01516,2025-03-24 11:41:07.933586,East,Product C,6387.23,4467.02,0.038,False
CUST01517,2025-03-24 12:59:29.033806,West,Product C,5307.37,3480.62,0.107,False
CUST01518,2025-03-24 14:17:50.134026,North,Product D,5086.21,3166.16,0.064,False
CUST01519,2025-03-24 15:36:11.234246,West,Product A,4800.09,2475.84,0.105,False
CUST01520,2025-03-24 16:54:32.334466,North,Product A,5233.72,3377.57,0.156,False
CUST01521,2025-03-24 18:12:53.434686,West,Product A,5224.19,3352.43,0.154,False
CUST01522,2025-03-24 19:31:14.534906,South,Product C,5233.74,3428.69,0.071,False
CUST01523,2025-03-24 20:49:35.635127,North,Product A,5091.88,2672.78,0.139,False
CUST01524,2025-03-24 22:07:56.735347,South,Product A,5695.04,3592.13,0.188,False
CUST01525,2025-03-24 23:26:17.835567,North,Product D,5018.48,2806.06,0.125,False
CUST01526,2025-03-25 00:44:38.935787,North,Product A,4217.65,2750.14,0.03,False
CUST01527,2025-03-25 02:03:00.036007,South,Product C,4510.06,2471.85,0.136,False
CUST01528,2025-03-25 03:21:21.136227,West,Product B,3416.79,2175.79,0.021,False
CUST01529,2025-03-25 04:39:42.236447,South,Product C,6621.45,3701.38,0.174,False
CUST01530,2025-03-25 05:58:03.336667,South,Product B,5690.2,2855.34,0.103,False
CUST01531,2025-03-25 07:16:24.436887,East,Product D,4335.94,2717.21,0.077,False
CUST01532,2025-03-25 08:34:45.537107,East,Product D,4774.52,2495.42,0.011,False
CUST01533,2025-03-25 09:53:06.637327,North,Product A,4490.5,2837.36,0.076,False
CUST01534,2025-03-25 11:11:27.737547,South,Product A,6234.04,4271.08,0.181,False
CUST01535,2025-03-25 12:29:48.837767,North,Product A,3864.1,2681.1,0.004,False
CUST01536,2025-03-25 13:48:09.937987,North,Product C,5091.58,2786.03,0.095,False
CUST01537,2025-03-25 15:06:31.038207,East,Product D,4913.18,3251.79,0.186,False
CUST01538,2025-03-25 16:24:52.138427,North,Product B,5661.47,3231.06,0.079,False
CUST01539,2025-03-25 17:43:13.238647,South,Product C,4916.79,3343.87,0.086,False
CUST01540,2025-03-25 19:01:34.338867,East,Product A,3593.43,2362.67,0.116,False
CUST01541,2025-03-25 20:19:55.439087,North,Product C,4799.11,2470.5,0.093,False
CUST01542,2025-03-25 21:38:16.539307,South,Product D,4222.27,2454.94,0.034,False
CUST01543,2025-03-25 22:56:37.639527,North,Product A,5063.66,2873.44,0.004,False
CUST01544,2025-03-26 00:14:58.739747,West,Product B,6147.34,4039.03,0.122,False
CUST01545,2025-03-26 01:33:19.839967,South,Product A,3608.46,2100.33,0.184,False
CUST01546,2025-03-26 02:51:40.940188,West,Product B,,2776.85,0.021,False
CUST01547,2025-03-26 04:10:02.040408,South,Product B,4557.85,2828.08,0.042,False
CUST01548,2025-03-26 05:28:23.140628,North,Product A,4694.7,3263.41,0.074,False
CUST01549,2025-03-26 06:46:44.240848,East,Product B,5592.1,3844.89,0.162,False
CUST01550,2025-03-26 08:05:05.341068,West,Product A,4861.16,2846.41,0.054,False
CUST01551,2025-03-26 09:23:26.441288,East,Product B,5332.64,3438.04,0.176,False
CUST01552,2025-03-26 10:41:47.541508,West,Product B,4499.38,2996.1,0.011,False
CUST01553,2025-03-26 12:00:08.641728,West,Product A,5183.94,3523.92,0.188,False
CUST01554,2025-03-26 13:18:29.741948,North,Product C,5622.24,2887.73,0.112,False
CUST01555,2025-03-26 14:36:50.842168,North,Product C,4414.16,2473.77,0.132,False
CUST01556,2025-03-26 15:55:11.942388,East,Product B,5625.09,3172.81,0.074,False
CUST01557,2025-03-26 17:13:33.042608,South,Product A,5041.9,2959.04,0.156,False
CUST01558,2025-03-26 18:31:54.142828,West,Product C,5836.37,3115.76,0.033,False
CUST01559,2025-03-26 19:50:15.243048,West,Product D,4838.86,2899.65,0.01,False
CUST01560,2025-03-26 21:08:36.343268,South,Product A,5305.0,3356.17,0.079,False
CUST01561,2025-03-26 22:26:57.443488,North,Product A,4967.52,2977.89,0.171,False
CUST01562,2025-03-26 23:45:18.543708,East,Product A,4923.03,3117.06,0.151,False
CUST01563,2025-03-27 01:03:39.643928,North,Product B,5207.14,2672.77,0.103,False
CUST01564,2025-03-27 02:22:00.744148,West,Product A,5429.45,3665.95,0.114,False
CUST01565,2025-03-27 03:40:21.844368,South,Product B,4000.35,2751.49,0.026,False
CUST01566,2025-03-27 04:58:42.944588,East,Product C,6146.91,3833.1,0.168,False
CUST01567,2025-03-27 06:17:04.044808,North,Product B,3512.27,2375.27,0.157,False
CUST01568,2025-03-27 07:35:25.145029,East,Product B,4452.15,2343.12,0.131,False
CUST01569,2025-03-27 08:53:46.245249,South,Product B,4924.58,3247.71,0.093,False
CUST01570,2025-03-27 10:12:07.345469,South,Product B,5329.88,2791.95,0.193,False
CUST01571,2025-03-27 11:30:28.445689,North,Product A,6260.94,3641.37,0.176,False
CUST01572,2025-03-27 12:48:49.545909,East,Product A,3513.37,1984.22,0.129,False
CUST01573,2025-03-27 14:07:10.646129,West,Product D,4593.84,2834.95,0.074,False
CUST01574,2025-03-27 15:25:31.746349,North,Product A,3298.53,1848.18,0.124,False
CUST01575,2025-03-27 16:43:52.846569,North,Product C,-5025.3,3153.19,0.115,False
CUST01576,2025-03-27 18:02:13.946789,North,Product D,5217.35,2992.03,0.079,True
CUST01577,2025-03-27 19:20:35.047009,East,Product A,6272.64,4216.2,0.061,False
CUST01578,2025-03-27 20:38:56.147229,East,Product B,5096.51,3194.37,0.081,False
CUST01579,2025-03-27 21:57:17.247449,South,Product B,5835.22,3168.87,0.115,False
CUST01580,2025-03-27 23:15:38.347669,North,Product D,5467.07,3101.06,0.086,False
CUST01581,2025-03-28 00:33:59.447889,South,Product D,4651.8,3114.31,0.053,True
CUST01582,2025-03-28 01:52:20.548109,South,Product C,3872.83,2235.77,0.152,False
CUST01583,2025-03-28 03:10:41.648329,South,Product A,5220.0,3169.38,0.106,False
CUST01584,2025-03-28 04:29:02.748549,West,Product C,3806.32,2397.18,0.014,False
CUST01585,2025-03-28 05:47:23.848769,North,Product B,6036.17,3437.97,0.074,False
CUST01586,2025-03-28 07:05:44.948989,East,Product B,4870.35,2721.53,0.177,False
CUST01587,2025-03-28 08:24:06.049209,South,Product A,5956.14,3544.21,0.151,False
CUST01588,2025-03-28 09:42:27.149429,South,Product A,4615.83,2506.28,0.065,False
CUST01589,2025-03-28 11:00:48.249649,East,Product C,5215.08,2903.98,0.188,False
CUST01590,2025-03-28 12:19:09.349869,East,Product B,5167.48,2647.9,0.015,False
CUST01591,2025-03-28 13:37:30.450090,West,Product A,4963.96,2783.76,0.192,False
CUST01592,2025-03-28 14:55:51.550310,North,Product B,4653.87,2625.44,0.049,False
CUST01593,2025-03-28 16:14:12.650530,North,Product D,5313.96,3679.21,0.002,False
CUST01594,2025-03-28 17:32:33.750750,East,Product C,4259.07,2631.87,0.087,True
CUST01595,2025-03-28 18:50:54.850970,South,Product A,4032.45,2651.24,0.072,True
CUST01596,2025-03-28 20:09:15.951190,North,Product A,5994.26,3051.53,0.108,False
CUST01597,2025-03-28 21:27:37.051410,North,Product A,5581.73,2909.8,0.159,False
CUST01598,2025-03-28 22:45:58.151630,North,Product D,5052.71,3349.48,0.168,False
CUST01599,2025-03-29 00:04:19.251850,West,Product B,6332.11,3955.73,0.08,False
CUST01600,2025-03-29 01:22:40.352070,North,Product B,4785.79,2575.69,0.086,False
CUST01601,2025-03-29 02:41:01.452290,South,Product B,6058.16,3519.54,0.03,False
CUST01602,2025-03-29 03:59:22.552510,North,Product B,5140.46,3124.03,0.01,False
CUST01603,2025-03-29 05:17:43.652730,South,Product C,4180.2,2795.39,0.128,False
CUST01604,2025-03-29 06:36:04.752950,North,Product B,6478.43,3317.49,0.013,False
CUST01605,2025-03-29 07:54:25.853170,South,Product A,5792.57,3587.6,0.147,False
CUST01606,2025-03-29 09:12:46.953390,North,Product A,4903.18,3154.74,0.108,False
CUST01607,2025-03-29 10:31:08.053610,West,Product B,5581.74,3882.54,0.04,False
CUST01608,2025-03-29 11:49:29.153830,North,Product D,4677.04,3093.54,0.108,False
CUST01609,2025-03-29 13:07:50.254050,South,Product A,5663.32,3144.53,0.037,False
CUST01610,2025-03-29 14:26:11.354270,West,Product D,3087.14,1981.68,0.088,False
CUST01611,2025-03-29 15:44:32.454490,East,Product C,4184.16,2730.81,0.16,False
CUST01612,2025-03-29 17:02:53.554710,South,Product A,5783.41,3735.78,0.092,False
CUST01613,2025-03-29 18:21:14.654930,South,Product A,4800.28,3187.52,0.03,False
CUST01614,2025-03-29 19:39:35.755151,South,Product A,5166.03,3516.76,0.145,False
CUST01615,2025-03-29 20:57:56.855371,East,Product C,3922.57,2038.51,0.037,False
CUST01616,2025-03-29 22:16:17.955591,West,Product A,6478.29,3374.89,0.148,False
CUST01617,2025-03-29 23:34:39.055811,East,Product B,5952.42,3924.31,0.096,False
CUST01618,2025-03-30 00:53:00.156031,South,Product B,4839.45,2663.99,0.091,False
CUST01619,2025-03-30 02:11:21.256251,East,Product C,4676.24,2392.87,0.17,False
CUST01620,2025-03-30 03:29:42.356471,South,Product A,5823.68,3379.17,0.142,False
CUST01621,2025-03-30 04:48:03.456691,North,Product B,,4372.93,0.007,False
CUST01622,2025-03-30 06:06:24.556911,South,Product B,5763.01,3027.38,0.059,False
CUST01623,2025-03-30 07:24:45.657131,West,Product B,6737.44,4274.02,0.174,False
CUST01624,2025-03-30 08:43:06.757351,North,Product C,4262.12,2134.14,0.004,False
CUST01625,2025-03-30 10:01:27.857571,East,Product A,4344.49,2267.6,0.109,False
CUST01626,2025-03-30 11:19:48.957791,North,Product C,4048.85,2308.53,0.146,False
CUST01627,2025-03-30 12:38:10.058011,South,Product C,5353.41,2766.22,0.124,False
CUST01628,2025-03-30 13:56:31.158231,North,Product B,5140.48,3439.91,0.152,False
CUST01629,2025-03-30 15:14:52.258451,South,Product C,4878.44,3282.28,0.145,False
CUST01630,2025-03-30 16:33:13.358671,East,Product B,5647.41,3677.11,0.138,True
CUST01631,2025-03-30 17:51:34.458891,South,Product A,5985.86,3283.22,0.164,False
CUST01632,2025-03-30 19:09:55.559111,East,Product C,3779.47,2285.25,0.129,False
CUST01633,2025-03-30 20:28:16.659331,East,Product B,4522.42,2427.81,0.08,False
CUST01634,2025-03-30 21:46:37.759551,West,Product C,5656.11,3146.25,0.094,False
CUST01635,2025-03-30 23:04:58.859771,North,Product A,-4625.81,2790.29,0.143,False
CUST01636,2025-03-31 00:23:19.959991,South,Product D,4361.44,2821.86,0.175,False
CUST01637,2025-03-31 01:41:41.060212,North,Product B,5814.83,3017.49,0.054,False
CUST01638,2025-03-31 03:00:02.160432,West,Product A,3968.4,2219.68,0.068,False
CUST01639,2025-03-31 04:18:23.260652,West,Product B,4758.74,3261.28,0.186,False
CUST01640,2025-03-31 05:36:44.360872,South,Product C,5262.92,3083.15,0.116,False
CUST01641,2025-03-31 06:55:05.461092,West,Product C,4540.94,3123.14,0.036,False
CUST01642,2025-03-31 08:13:26.561312,South,Product B,5626.52,3928.89,0.133,False
CUST01643,2025-03-31 09:31:47.661532,East,Product D,4544.9,2751.17,0.198,False
CUST01644,2025-03-31 10:50:08.761752,North,Product A,6126.9,3416.41,0.165,False
CUST01645,2025-03-31 12:08:29.861972,East,Product B,4899.4,3224.57,0.149,False
CUST01646,2025-03-31 13:26:50.962192,North,Product D,5537.02,2944.93,0.042,False
CUST01647,2025-03-31 14:45:12.062412,West,Product D,5596.82,3080.54,0.175,False
CUST01648,2025-03-31 16:03:33.162632,East,Product C,4497.97,2955.06,0.105,False
CUST01649,2025-03-31 17:21:54.262852,East,Product D,3357.21,1969.77,0.178,False
CUST01650,2025-03-31 18:40:15.363072,North,Product A,5288.6,2857.47,0.066,False
CUST01651,2025-03-31 19:58:36.463292,South,Product D,5057.83,3187.57,0.012,False
CUST01652,2025-03-31 21:16:57.563512,North,Product A,5444.66,3520.26,0.095,False
CUST01653,2025-03-31 22:35:18.663732,South,Product A,4818.78,2529.93,0.054,False
CUST01654,2025-03-31 23:53:39.763952,North,Product A,4655.66,2585.73,0.143,False
CUST01655,2025-04-01 01:12:00.864172,West,Product B,6606.78,3595.77,0.191,False
CUST01656,2025-04-01 02:30:21.964392,South,Product A,3822.12,2201.43,0.138,False
CUST01657,2025-04-01 03:48:43.064612,South,Product A,5587.16,3646.68,0.177,False
CUST01658,2025-04-01 05:07:04.164832,South,Product A,4540.32,2918.25,0.091,False
CUST01659,2025-04-01 06:25:25.265053,South,Product A,4731.38,2992.62,0.154,False
CUST01660,2025-04-01 07:43:46.365273,East,Product B,,2379.13,0.169,False
CUST01661,2025-04-01 09:02:07.465493,South,Product B,4357.25,2302.5,0.142,False
CUST01662,2025-04-01 10:20:28.565713,West,Product A,5456.98,2972.2,0.102,False
CUST01663,2025-04-01 11:38:49.665933,South,Product C,6112.51,3388.72,0.125,False
CUST01664,2025-04-01 12:57:10.766153,West,Product D,5376.01,2845.44,0.14,False
CUST01665,2025-04-01 14:15:31.866373,West,Product C,5082.71,2958.46,0.051,True
CUST01666,2025-04-01 15:33:52.966593,North,Product A,4210.85,2168.74,0.162,False
CUST01667,2025-04-01 16:52:14.066813,West,Product C,5413.46,3518.77,0.19,False
CUST01668,2025-04-01 18:10:35.167033,North,Product A,6725.08,4422.04,0.093,False
CUST01669,2025-04-01 19:28:56.267253,West,Product A,4695.44,2887.01,0.14,False
CUST01670,2025-04-01 20:47:17.367473,South,Product A,4699.21,2433.92,0.147,False
CUST01671,2025-04-01 22:05:38.467693,West,Product C,4551.13,3085.74,0.132,False
CUST01672,2025-04-01 23:23:59.567913,West,Product A,4608.47,3194.25,0.109,True
CUST01673,2025-04-02 00:42:20.668133,West,Product A,2803.76,1515.36,0.176,False
CUST01674,2025-04-02 02:00:41.768353,East,Product A,5324.03,3412.32,0.09,False
CUST01675,2025-04-02 03:19:02.868573,South,Product D,4323.56,2889.81,0.012,False
CUST01676,2025-04-02 04:37:23.968793,North,Product C,3711.79,2256.65,0.169,False
CUST01677,2025-04-02 05:55:45.069013,South,Product A,5602.55,3163.56,0.135,True
CUST01678,2025-04-02 07:14:06.169233,North,Product B,4134.39,2462.9,0.17,False
CUST01679,2025-04-02 08:32:27.269453,East,Product B,4729.06,2849.04,0.028,False
CUST01680,2025-04-02 09:50:48.369673,South,Product C,6173.15,3581.22,0.006,False
CUST01681,2025-04-02 11:09:09.469893,West,Product A,3872.63,2656.5,0.187,False
CUST01682,2025-04-02 12:27:30.570114,East,Product D,3773.92,2448.43,0.03,False
CUST01683,2025-04-02 13:45:51.670334,West,Product A,5215.44,2859.42,0.162,False
CUST01684,2025-04-02 15:04:12.770554,North,Product C,5919.59,3653.05,0.165,False
CUST01685,2025-04-02 16:22:33.870774,West,Product A,3740.53,2385.48,0.142,False
CUST01686,2025-04-02 17:40:54.970994,West,Product B,5326.15,2812.37,0.026,False
CUST01687,2025-04-02 18:59:16.071214,South,Product B,5464.8,3124.14,0.133,False
CUST01688,2025-04-02 20:17:37.171434,East,Product B,3352.67,2283.54,0.178,False
CUST01689,2025-04-02 21:35:58.271654,East,Product A,5638.8,3459.04,0.085,False
CUST01690,2025-04-02 22:54:19.371874,North,Product C,5701.28,3098.08,0.083,False
CUST01691,2025-04-03 00:12:40.472094,South,Product A,4750.57,2491.95,0.089,False
CUST01692,2025-04-03 01:31:01.572314,South,Product C,6001.88,3623.01,0.016,False
CUST01693,2025-04-03 02:49:22.672534,North,Product C,5909.16,3601.86,0.178,False
CUST01694,2025-04-03 04:07:43.772754,South,Product B,5082.49,2881.18,0.174,False
CUST01695,2025-04-03 05:26:04.872974,North,Product C,4638.84,2904.3,0.2,False
CUST01696,2025-04-03 06:44:25.973194,North,Product C,4221.74,2168.86,0.117,False
CUST01697,2025-04-03 08:02:47.073414,North,Product B,4969.95,2629.24,0.15,True
CUST01698,2025-04-03 09:21:08.173634,West,Product C,5455.81,3323.98,0.041,False
CUST01699,2025-04-03 10:39:29.273854,South,Product A,4740.66,2428.94,0.134,False
CUST01700,2025-04-03 11:57:50.374074,West,Product B,3242.0,2192.18,0.13,False
CUST01701,2025-04-03 13:16:11.474294,South,Product C,6014.97,3178.49,0.18,False
CUST01702,2025-04-03 14:34:32.574514,South,Product B,5152.18,3270.52,0.166,False
CUST01703,2025-04-03 15:52:53.674734,South,Product A,4696.3,2715.59,0.188,False
CUST01704,2025-04-03 17:11:14.774954,South,Product B,5685.73,3297.48,0.174,False
CUST01705,2025-04-03 18:29:35.875175,North,Product C,6219.71,4061.33,0.174,False
CUST01706,2025-04-03 19:47:56.975395,East,Product D,2758.47,1654.79,0.013,False
CUST01707,2025-04-03 21:06:18.075615,North,Product B,5347.41,3449.78,0.169,False
CUST01708,2025-04-03 22:24:39.175835,East,Product C,3858.68,2319.21,0.121,False
CUST01709,2025-04-03 23:43:00.276055,East,Product D,5399.29,3339.9,0.076,False
CUST01710,2025-04-04 01:01:21.376275,North,Product A,5102.34,3327.46,0.011,False
CUST01711,2025-04-04 02:19:42.476495,North,Product A,5508.58,3423.37,0.136,False
CUST01712,2025-04-04 03:38:03.576715,East,Product C,4600.6,2866.74,0.066,False
CUST01713,2025-04-04 04:56:24.676935,South,Product C,3501.41,2303.38,0.094,False
CUST01714,2025-04-04 06:14:45.777155,North,Product D,4639.71,3200.55,0.136,False
CUST01715,2025-04-04 07:33:06.877375,West,Product B,5325.48,3063.98,0.182,False
CUST01716,2025-04-04 08:51:27.977595,North,Product A,5812.31,3577.03,0.165,False
CUST01717,2025-04-04 10:09:49.077815,East,Product B,4062.53,2101.37,0.09,False
CUST01718,2025-04-04 11:28:10.178035,West,Product A,5821.65,3328.59,0.078,False
CUST01719,2025-04-04 12:46:31.278255,North,Product A,4481.7,2610.19,0.048,False
CUST01720,2025-04-04 14:04:52.378475,North,Product C,5289.96,3528.65,0.074,False
CUST01721,2025-04-04 15:23:13.478695,North,Product A,4592.08,2767.55,0.022,False
CUST01722,2025-04-04 16:41:34.578915,South,Product C,5145.74,3325.24,0.194,False
CUST01723,2025-04-04 17:59:55.679135,North,Product B,-5713.5,2878.47,0.115,False
CUST01724,2025-04-04 19:18:16.779355,East,Product B,,2382.5,0.026,False
CUST01725,2025-04-04 20:36:37.879575,North,Product A,4456.08,3031.31,0.071,False
CUST01726,2025-04-04 21:54:58.979795,South,Product A,5147.97,2804.94,0.109,False
CUST01727,2025-04-04 23:13:20.080016,West,Product A,6921.27,3504.27,0.107,False
CUST01728,2025-04-05 00:31:41.180236,West,Product D,4309.45,2528.27,0.007,False
CUST01729,2025-04-05 01:50:02.280456,East,Product C,6632.11,4250.43,0.19,False
CUST01730,2025-04-05 03:08:23.380676,South,Product B,6603.54,3901.98,0.055,False
CUST01731,2025-04-05 04:26:44.480896,East,Product A,4922.15,2913.89,0.003,False
CUST01732,2025-04-05 05:45:05.581116,South,Product D,4761.48,3018.59,0.015,False
CUST01733,2025-04-05 07:03:26.681336,South,Product A,4446.35,2449.39,0.116,False
CUST01734,2025-04-05 08:21:47.781556,North,Product A,4945.44,3216.4,0.028,False
CUST01735,2025-04-05 09:40:08.881776,West,Product B,3874.62,2055.96,0.008,False
CUST01736,2025-04-05 10:58:29.981996,South,Product D,4939.01,2860.43,0.076,False
CUST01737,2025-04-05 12:16:51.082216,North,Product A,6197.5,3911.87,0.125,False
CUST01738,2025-04-05 13:35:12.182436,South,Product A,4511.13,3002.94,0.022,False
CUST01739,2025-04-05 14:53:33.282656,South,Product D,4807.42,3164.75,0.063,False
CUST01740,2025-04-05 16:11:54.382876,West,Product A,3639.09,2344.8,0.084,False
CUST01741,2025-04-05 17:30:15.483096,East,Product A,5299.25,3030.21,0.032,True
CUST01742,2025-04-05 18:48:36.583316,East,Product B,5211.59,2733.27,0.101,False
CUST01743,2025-04-05 20:06:57.683536,North,Product D,5050.96,2744.53,0.017,False
CUST01744,2025-04-05 21:25:18.783756,South,Product B,4826.54,3248.1,0.009,False
CUST01745,2025-04-05 22:43:39.883976,South,Product D,4765.79,3200.07,0.104,False
CUST01746,2025-04-06 00:02:00.984196,North,Product C,5401.52,3728.74,0.05,False
CUST01747,2025-04-06 01:20:22.084416,North,Product A,4976.95,2564.11,0.019,False
CUST01748,2025-04-06 02:38:43.184636,East,Product D,5251.98,3189.85,0.085,False
CUST01749,2025-04-06 03:57:04.284856,North,Product B,5171.99,3256.99,0.183,False
CUST01750,2025-04-06 05:15:25.385077,South,Product A,5898.74,3787.77,0.145,False
CUST01751,2025-04-06 06:33:46.485297,North,Product B,5541.6,3484.4,0.163,False
CUST01752,2025-04-06 07:52:07.585517,North,Product A,5154.29,3370.92,0.174,False
CUST01753,2025-04-06 09:10:28.685737,North,Product A,6214.74,3554.17,0.195,False
CUST01754,2025-04-06 10:28:49.785957,West,Product A,5336.21,2859.61,0.153,False
CUST01755,2025-04-06 11:47:10.886177,West,Product B,6043.97,3269.28,0.122,False
CUST01756,2025-04-06 13:05:31.986397,West,Product C,5485.55,2755.92,0.073,False
CUST01757,2025-04-06 14:23:53.086617,South,Product B,3526.46,2010.31,0.036,False
CUST01758,2025-04-06 15:42:14.186837,North,Product D,6043.87,3132.83,0.137,True
CUST01759,2025-04-06 17:00:35.287057,South,Product A,5108.14,2882.51,0.199,False
CUST01760,2025-04-06 18:18:56.387277,South,Product A,4958.44,3102.21,0.093,False
CUST01761,2025-04-06 19:37:17.487497,West,Product A,5225.08,3547.28,0.145,False
CUST01762,2025-04-06 20:55:38.587717,North,Product A,4724.01,3155.27,0.099,False
CUST01763,2025-04-06 22:13:59.687937,South,Product A,5181.62,2852.66,0.086,False
CUST01764,2025-04-06 23:32:20.788157,North,Product C,4526.5,2384.64,0.082,False
CUST01765,2025-04-07 00:50:41.888377,South,Product D,6019.42,3242.15,0.101,False
CUST01766,2025-04-07 02:09:02.988597,East,Product D,4909.13,3407.9,0.073,False
CUST01767,2025-04-07 03:27:24.088817,South,Product A,4693.93,2862.81,0.15,False
CUST01768,2025-04-07 04:45:45.189037,South,Product D,4260.06,2285.52,0.175,False
CUST01769,2025-04-07 06:04:06.289257,South,Product A,5215.02,3484.41,0.177,False
CUST01770,2025-04-07 07:22:27.389477,South,Product A,5149.69,2981.86,0.046,False
CUST01771,2025-04-07 08:40:48.489697,East,Product D,5310.74,3610.48,0.179,False
CUST01772,2025-04-07 09:59:09.589917,West,Product C,,2306.93,0.068,True
CUST01773,2025-04-07 11:17:30.690138,West,Product A,3719.06,2152.01,0.062,False
CUST01774,2025-04-07 12:35:51.790358,East,Product B,5500.47,3305.73,0.145,False
CUST01775,2025-04-07 13:54:12.890578,South,Product A,6187.71,4198.51,0.061,False
CUST01776,2025-04-07 15:12:33.990798,East,Product C,4178.92,2815.55,0.011,False
CUST01777,2025-04-07 16:30:55.091018,South,Product B,6271.55,3856.2,0.075,False
CUST01778,2025-04-07 17:49:16.191238,North,Product D,-5227.13,2845.41,0.144,False
CUST01779,2025-04-07 19:07:37.291458,West,Product A,4994.35,2900.08,0.065,False
CUST01780,2025-04-07 20:25:58.391678,North,Product B,4681.96,3254.56,0.126,True
CUST01781,2025-04-07 21:44:19.491898,West,Product B,3892.39,2419.33,0.132,False
CUST01782,2025-04-07 23:02:40.592118,South,Product B,5790.18,3799.63,0.147,False
CUST01783,2025-04-08 00:21:01.692338,East,Product A,4379.51,2583.8,0.179,False
CUST01784,2025-04-08 01:39:22.792558,East,Product C,4376.15,2653.71,0.087,False
CUST01785,2025-04-08 02:57:43.892778,West,Product D,5793.54,3393.8,0.033,False
CUST01786,2025-04-08 04:16:04.992998,East,Product D,3493.61,2237.95,0.064,False
CUST01787,2025-04-08 05:34:26.093218,East,Product C,3781.12,2534.46,0.086,False
CUST01788,2025-04-08 06:52:47.193438,North,Product D,4985.49,2998.64,0.143,False
CUST01789,2025-04-08 08:11:08.293658,South,Product B,5234.63,3120.75,0.003,False
CUST01790,2025-04-08 09:29:29.393878,North,Product C,5387.79,3060.57,0.063,False
CUST01791,2025-04-08 10:47:50.494098,East,Product A,4758.56,2547.83,0.156,False
CUST01792,2025-04-08 12:06:11.594318,South,Product B,7024.3,4831.66,0.134,False
CUST01793,2025-04-08 13:24:32.694538,East,Product A,4817.69,2713.4,0.146,False
CUST01794,2025-04-08 14:42:53.794758,North,Product B,4815.37,3178.81,0.162,False
CUST01795,2025-04-08 16:01:14.894978,North,Product A,4362.41,2805.33,0.157,False
CUST01796,2025-04-08 17:19:35.995199,East,Product D,5099.13,3356.16,0.136,False
CUST01797,2025-04-08 18:37:57.095419,North,Product A,5491.97,3774.92,0.088,False
CUST01798,2025-04-08 19:56:18.195639,North,Product A,5962.86,3724.85,0.197,False
CUST01799,2025-04-08 21:14:39.295859,North,Product B,3808.57,2588.27,0.114,False
CUST01800,2025-04-08 22:33:00.396079,West,Product A,4803.2,2562.7,0.041,False
CUST01801,2025-04-08 23:51:21.496299,East,Product A,5357.36,3350.19,0.059,False
CUST01802,2025-04-09 01:09:42.596519,South,Product A,5469.65,3579.64,0.139,False
CUST01803,2025-04-09 02:28:03.696739,North,Product B,5005.24,2774.55,0.185,False
CUST01804,2025-04-09 03:46:24.796959,South,Product B,5433.94,3522.01,0.036,False
CUST01805,2025-04-09 05:04:45.897179,East,Product C,4352.83,2854.13,0.016,False
CUST01806,2025-04-09 06:23:06.997399,East,Product C,6246.32,4161.54,0.176,False
CUST01807,2025-04-09 07:41:28.097619,North,Product B,5794.1,3259.63,0.183,False
CUST01808,2025-04-09 08:59:49.197839,North,Product A,3924.06,2496.96,0.055,False
CUST01809,2025-04-09 10:18:10.298059,North,Product A,4139.92,2321.88,0.075,False
CUST01810,2025-04-09 11:36:31.398279,East,Product C,4162.46,2696.48,0.132,False
CUST01811,2025-04-09 12:54:52.498499,East,Product A,5542.38,3284.38,0.066,True
CUST01812,2025-04-09 14:13:13.598719,North,Product A,3972.22,2460.82,0.175,False
CUST01813,2025-04-09 15:31:34.698939,North,Product C,4735.18,2761.41,0.022,False
CUST01814,2025-04-09 16:49:55.799159,North,Product B,5363.76,2855.65,0.008,False
CUST01815,2025-04-09 18:08:16.899379,West,Product A,4947.07,2649.68,0.042,False
CUST01816,2025-04-09 19:26:37.999599,North,Product A,5207.11,2684.34,0.057,False
CUST01817,2025-04-09 20:44:59.099819,East,Product D,4147.36,2586.35,0.023,False
CUST01818,2025-04-09 22:03:20.200040,East,Product D,5475.88,3667.35,0.013,False
CUST01819,2025-04-09 23:21:41.300260,South,Product C,4509.43,2273.51,0.151,False
CUST01820,2025-04-10 00:40:02.400480,North,Product B,4740.3,2432.95,0.033,False
CUST01821,2025-04-10 01:58:23.500700,North,Product B,5190.19,3069.96,0.183,False
CUST01822,2025-04-10 03:16:44.600920,East,Product D,5082.46,3291.12,0.074,False
CUST01823,2025-04-10 04:35:05.701140,East,Product D,5019.18,2667.9,0.134,False
CUST01824,2025-04-10 05:53:26.801360,East,Product A,4399.5,2438.78,0.045,False
CUST01825,2025-04-10 07:11:47.901580,South,Product C,4760.36,2601.07,0.048,False
CUST01826,2025-04-10 08:30:09.001800,North,Product A,5001.75,2900.06,0.115,False
CUST01827,2025-04-10 09:48:30.102020,West,Product A,3899.93,2125.46,0.112,False
CUST01828,2025-04-10 11:06:51.202240,East,Product C,4629.97,2641.49,0.154,False
CUST01829,2025-04-10 12:25:12.302460,North,Product B,5310.14,3428.81,0.152,False
CUST01830,2025-04-10 13:43:33.402680,West,Product D,3978.05,2475.15,0.134,False
CUST01831,2025-04-10 15:01:54.502900,East,Product A,5925.27,3058.84,0.09,False
CUST01832,2025-04-10 16:20:15.603120,South,Product B,6015.69,3775.14,0.178,False
CUST01833,2025-04-10 17:38:36.703340,East,Product D,4003.88,2383.97,0.125,False
CUST01834,2025-04-10 18:56:57.803560,West,Product D,6086.1,4180.62,0.198,True
CUST01835,2025-04-10 20:15:18.903780,East,Product A,4885.13,2725.23,0.164,False
CUST01836,2025-04-10 21:33:40.004000,North,Product B,5334.81,3442.2,0.009,False
CUST01837,2025-04-10 22:52:01.104220,South,Product C,4602.68,2974.12,0.064,False
CUST01838,2025-04-11 00:10:22.204440,West,Product A,5738.44,3123.43,0.114,False
CUST01839,2025-04-11 01:28:43.304660,North,Product D,5324.88,3624.35,0.144,True
CUST01840,2025-04-11 02:47:04.404880,South,Product D,4348.68,2601.54,0.11,False
CUST01841,2025-04-11 04:05:25.505101,South,Product A,4067.84,2586.24,0.157,False
CUST01842,2025-04-11 05:23:46.605321,South,Product A,3831.76,2027.66,0.057,False
CUST01843,2025-04-11 06:42:07.705541,East,Product A,5150.35,2840.73,0.037,False
CUST01844,2025-04-11 08:00:28.805761,West,Product D,5457.98,3368.78,0.011,False
CUST01845,2025-04-11 09:18:49.905981,North,Product A,5520.77,3112.64,0.115,False
CUST01846,2025-04-11 10:37:11.006201,North,Product B,4905.62,2943.07,0.138,True
CUST01847,2025-04-11 11:55:32.106421,North,Product B,4074.4,2341.97,0.065,False
CUST01848,2025-04-11 13:13:53.206641,West,Product B,4454.34,2797.82,0.123,False
CUST01849,2025-04-11 14:32:14.306861,East,Product A,5921.88,3537.9,0.01,False
CUST01850,2025-04-11 15:50:35.407081,North,Product A,4612.3,2310.4,0.02,False
CUST01851,2025-04-11 17:08:56.507301,West,Product D,5114.73,3221.96,0.14,False
CUST01852,2025-04-11 18:27:17.607521,West,Product D,,2419.21,0.074,False
CUST01853,2025-04-11 19:45:38.707741,West,Product C,5269.27,2994.73,0.134,False
CUST01854,2025-04-11 21:03:59.807961,West,Product A,4633.85,2404.18,0.166,False
CUST01855,2025-04-11 22:22:20.908181,North,Product A,5837.37,3175.96,0.171,False
CUST01856,2025-04-11 23:40:42.008401,East,Product C,5618.85,3060.89,0.034,False
CUST01857,2025-04-12 00:59:03.108621,South,Product A,4603.44,3162.9,0.097,False
CUST01858,2025-04-12 02:17:24.208841,West,Product D,4898.67,2873.08,0.147,False
CUST01859,2025-04-12 03:35:45.309061,East,Product C,4559.11,2317.91,0.155,False
CUST01860,2025-04-12 04:54:06.409281,East,Product A,3864.45,2039.52,0.157,False
CUST01861,2025-04-12 06:12:27.509501,East,Product D,4314.05,2225.21,0.046,False
CUST01862,2025-04-12 07:30:48.609721,North,Product D,5158.57,3186.83,0.039,False
CUST01863,2025-04-12 08:49:09.709941,South,Product A,5260.21,2826.44,0.118,False
CUST01864,2025-04-12 10:07:30.810162,West,Product B,5118.84,3069.83,0.148,False
CUST01865,2025-04-12 11:25:51.910382,West,Product A,,2731.5,0.064,False
CUST01866,2025-04-12 12:44:13.010602,North,Product B,5746.45,3797.11,0.021,False
CUST01867,2025-04-12 14:02:34.110822,North,Product A,5050.83,2849.16,0.143,False
CUST01868,2025-04-12 15:20:55.211042,North,Product B,5562.6,3291.13,0.06,False
CUST01869,2025-04-12 16:39:16.311262,East,Product D,3580.98,2307.07,0.033,False
CUST01870,2025-04-12 17:57:37.411482,West,Product B,1862.08,1092.43,0.03,False
CUST01871,2025-04-12 19:15:58.511702,North,Product A,5227.03,3442.75,0.063,False
CUST01872,2025-04-12 20:34:19.611922,South,Product C,3860.19,2440.94,0.119,False
CUST01873,2025-04-12 21:52:40.712142,West,Product A,4830.04,2811.59,0.072,False
CUST01874,2025-04-12 23:11:01.812362,East,Product D,4758.32,2858.78,0.004,False
CUST01875,2025-04-13 00:29:22.912582,South,Product B,6269.92,4347.82,0.019,False
CUST01876,2025-04-13 01:47:44.012802,South,Product A,5320.0,3363.95,0.058,False
CUST01877,2025-04-13 03:06:05.113022,South,Product A,5132.69,3495.36,0.132,False
CUST01878,2025-04-13 04:24:26.213242,North,Product C,5669.59,3037.49,0.02,False
CUST01879,2025-04-13 05:42:47.313462,South,Product A,5294.8,3159.13,0.112,False
CUST01880,2025-04-13 07:01:08.413682,East,Product C,4633.86,3159.05,0.024,False
CUST01881,2025-04-13 08:19:29.513902,West,Product A,5857.18,3306.51,0.042,False
CUST01882,2025-04-13 09:37:50.614122,East,Product A,4112.2,2851.95,0.034,False
CUST01883,2025-04-13 10:56:11.714342,East,Product B,5258.6,2731.4,0.013,False
CUST01884,2025-04-13 12:14:32.814562,North,Product D,3761.94,2560.13,0.134,False
CUST01885,2025-04-13 13:32:53.914782,South,Product D,5163.16,3041.32,0.093,False
CUST01886,2025-04-13 14:51:15.015003,North,Product A,5154.39,2653.22,0.166,False
CUST01887,2025-04-13 16:09:36.115223,North,Product B,6341.16,4286.02,0.02,False
CUST01888,2025-04-13 17:27:57.215443,East,Product A,3748.02,2062.87,0.029,False
CUST01889,2025-04-13 18:46:18.315663,West,Product B,4519.29,2279.76,0.061,False
CUST01890,2025-04-13 20:04:39.415883,North,Product B,5658.15,2982.76,0.153,False
CUST01891,2025-04-13 21:23:00.516103,South,Product D,5268.25,3328.6,0.061,False
CUST01892,2025-04-13 22:41:21.616323,West,Product D,5144.24,3578.14,0.082,False
CUST01893,2025-04-13 23:59:42.716543,North,Product B,4235.09,2211.96,0.06,False
CUST01894,2025-04-14 01:18:03.816763,South,Product B,4527.35,2681.95,0.016,False
CUST01895,2025-04-14 02:36:24.916983,East,Product D,5996.03,3214.64,0.188,False
CUST01896,2025-04-14 03:54:46.017203,East,Product C,4958.79,3218.29,0.11,False
CUST01897,2025-04-14 05:13:07.117423,North,Product A,5300.29,2775.29,0.158,False
CUST01898,2025-04-14 06:31:28.217643,South,Product A,4907.85,2689.35,0.132,False
CUST01899,2025-04-14 07:49:49.317863,East,Product B,4053.53,2185.99,0.103,False
CUST01900,2025-04-14 09:08:10.418083,South,Product A,5747.05,3508.6,0.018,False
CUST01901,2025-04-14 10:26:31.518303,North,Product A,5402.59,3644.78,0.129,False
CUST01902,2025-04-14 11:44:52.618523,East,Product A,6844.51,4121.89,0.031,False
CUST01903,2025-04-14 13:03:13.718743,North,Product C,4187.53,2142.55,0.083,False
CUST01904,2025-04-14 14:21:34.818963,East,Product A,5658.06,3466.57,0.126,False
CUST01905,2025-04-14 15:39:55.919183,North,Product A,3950.76,2605.55,0.156,False
CUST01906,2025-04-14 16:58:17.019403,West,Product A,5125.88,2698.42,0.137,False
CUST01907,2025-04-14 18:16:38.119623,South,Product C,5781.21,2974.67,0.134,False
CUST01908,2025-04-14 19:34:59.219843,South,Product D,3342.29,1796.69,0.03,False
CUST01909,2025-04-14 20:53:20.320064,North,Product B,4836.05,3139.65,0.069,False
CUST01910,2025-04-14 22:11:41.420284,South,Product B,4549.43,2813.08,0.009,False
CUST01911,2025-04-14 23:30:02.520504,West,Product D,4438.43,2699.1,0.144,False
CUST01912,2025-04-15 00:48:23.620724,West,Product A,5308.17,2918.94,0.191,False
CUST01913,2025-04-15 02:06:44.720944,South,Product A,5896.55,3340.08,0.053,False
CUST01914,2025-04-15 03:25:05.821164,South,Product A,4893.38,3391.98,0.018,False
CUST01915,2025-04-15 04:43:26.921384,East,Product A,5164.39,2830.73,0.095,False
CUST01916,2025-04-15 06:01:48.021604,West,Product B,-5091.45,3463.86,0.171,False
CUST01917,2025-04-15 07:20:09.121824,South,Product D,5001.44,3081.42,0.11,False
CUST01918,2025-04-15 08:38:30.222044,South,Product C,-4128.53,2166.07,0.009,False
CUST01919,2025-04-15 09:56:51.322264,South,Product B,5886.76,3493.57,0.195,False
CUST01920,2025-04-15 11:15:12.422484,East,Product D,5236.16,3611.43,0.166,False
CUST01921,2025-04-15 12:33:33.522704,North,Product A,5315.91,3102.96,0.026,False
CUST01922,2025-04-15 13:51:54.622924,East,Product A,4354.79,2929.37,0.184,False
CUST01923,2025-04-15 15:10:15.723144,South,Product B,4632.62,2553.9,0.09,False
CUST01924,2025-04-15 16:28:36.823364,East,Product C,4859.09,2984.38,0.074,False
CUST01925,2025-04-15 17:46:57.923584,North,Product A,3772.7,2523.07,0.092,False
CUST01926,2025-04-15 19:05:19.023804,South,Product B,3649.57,2496.81,0.167,False
CUST01927,2025-04-15 20:23:40.124024,South,Product C,4519.4,2698.83,0.132,False
CUST01928,2025-04-15 21:42:01.224244,East,Product C,5418.02,3402.18,0.012,False
CUST01929,2025-04-15 23:00:22.324464,North,Product C,4477.49,2241.41,0.192,False
CUST01930,2025-04-16 00:18:43.424684,South,Product A,4184.96,2304.42,0.03,False
CUST01931,2025-04-16 01:37:04.524904,South,Product A,4348.25,2416.51,0.149,False
CUST01932,2025-04-16 02:55:25.625125,South,Product B,4635.73,2404.54,0.127,False
CUST01933,2025-04-16 04:13:46.725345,East,Product A,4716.91,2622.32,0.038,False
CUST01934,2025-04-16 05:32:07.825565,East,Product D,6732.42,3798.59,0.034,False
CUST01935,2025-04-16 06:50:28.925785,West,Product B,5843.7,4054.08,0.174,False
CUST01936,2025-04-16 08:08:50.026005,North,Product A,5819.82,3688.14,0.084,False
CUST01937,2025-04-16 09:27:11.126225,West,Product C,5934.86,3473.09,0.131,False
CUST01938,2025-04-16 10:45:32.226445,South,Product B,4200.94,2930.62,0.101,False
CUST01939,2025-04-16 12:03:53.326665,North,Product A,4022.11,2134.32,0.145,True
CUST01940,2025-04-16 13:22:14.426885,North,Product C,4114.5,2448.99,0.096,False
CUST01941,2025-04-16 14:40:35.527105,South,Product D,6067.6,3819.03,0.057,False
CUST01942,2025-04-16 15:58:56.627325,East,Product C,4562.25,2331.84,0.073,True
CUST01943,2025-04-16 17:17:17.727545,East,Product A,3998.92,2572.9,0.172,False
CUST01944,2025-04-16 18:35:38.827765,East,Product B,4655.2,2420.58,0.094,False
CUST01945,2025-04-16 19:53:59.927985,South,Product C,4809.12,2539.48,0.043,False
CUST01946,2025-04-16 21:12:21.028205,South,Product A,5214.73,2773.91,0.187,False
CUST01947,2025-04-16 22:30:42.128425,North,Product A,5200.76,3566.57,0.159,False
CUST01948,2025-04-16 23:49:03.228645,South,Product D,4337.46,2761.43,0.011,False
CUST01949,2025-04-17 01:07:24.328865,South,Product A,5548.53,3501.59,0.2,False
CUST01950,2025-04-17 02:25:45.429085,North,Product C,4488.65,2743.01,0.139,False
CUST01951,2025-04-17 03:44:06.529305,North,Product B,4874.98,2722.97,0.032,False
CUST01952,2025-04-17 05:02:27.629525,South,Product B,5549.42,3463.83,0.047,False
CUST01953,2025-04-17 06:20:48.729745,East,Product A,4486.54,2611.3,0.138,False
CUST01954,2025-04-17 07:39:09.829965,West,Product C,4544.52,2404.43,0.156,False
CUST01955,2025-04-17 08:57:30.930186,West,Product B,5473.33,3491.55,0.048,False
CUST01956,2025-04-17 10:15:52.030406,East,Product B,4313.81,2268.71,0.051,False
CUST01957,2025-04-17 11:34:13.130626,South,Product C,4692.17,2525.01,0.061,False
CUST01958,2025-04-17 12:52:34.230846,East,Product C,5444.59,3612.7,0.12,False
CUST01959,2025-04-17 14:10:55.331066,East,Product D,6643.27,4198.7,0.034,False
CUST01960,2025-04-17 15:29:16.431286,North,Product B,5484.32,3434.27,0.021,False
CUST01961,2025-04-17 16:47:37.531506,South,Product B,5378.11,3138.88,0.136,False
CUST01962,2025-04-17 18:05:58.631726,West,Product D,5424.64,3142.26,0.156,False
CUST01963,2025-04-17 19:24:19.731946,South,Product C,4141.45,2642.46,0.1,False
CUST01964,2025-04-17 20:42:40.832166,South,Product A,5092.48,3299.93,0.073,False
CUST01965,2025-04-17 22:01:01.932386,South,Product A,4976.19,2995.88,0.086,False
CUST01966,2025-04-17 23:19:23.032606,North,Product C,5257.27,3647.78,0.078,False
CUST01967,2025-04-18 00:37:44.132826,South,Product B,5093.21,3520.12,0.192,False
CUST01968,2025-04-18 01:56:05.233046,South,Product C,5303.76,3089.37,0.154,False
CUST01969,2025-04-18 03:14:26.333266,North,Product B,4750.83,3155.14,0.042,False
CUST01970,2025-04-18 04:32:47.433486,North,Product A,5046.89,3071.81,0.077,False
CUST01971,2025-04-18 05:51:08.533706,West,Product C,4017.74,2420.09,0.109,False
CUST01972,2025-04-18 07:09:29.633926,North,Product A,4744.07,2424.19,0.123,True
CUST01973,2025-04-18 08:27:50.734146,South,Product B,6112.67,3758.04,0.094,False
CUST01974,2025-04-18 09:46:11.834366,North,Product B,5255.05,3574.04,0.162,False
CUST01975,2025-04-18 11:04:32.934586,West,Product B,4983.26,3269.15,0.154,False
CUST01976,2025-04-18 12:22:54.034806,North,Product C,6516.9,4283.32,0.101,False
CUST01977,2025-04-18 13:41:15.135027,South,Product C,3911.33,2080.77,0.171,False
CUST01978,2025-04-18 14:59:36.235247,West,Product C,4112.44,2351.04,0.15,False
CUST01979,2025-04-18 16:17:57.335467,West,Product A,6370.17,3482.2,0.156,False
CUST01980,2025-04-18 17:36:18.435687,North,Product A,5036.77,2836.62,0.191,True
CUST01981,2025-04-18 18:54:39.535907,West,Product B,4805.93,2960.01,0.053,False
CUST01982,2025-04-18 20:13:00.636127,South,Product D,4040.64,2315.11,0.054,False
CUST01983,2025-04-18 21:31:21.736347,South,Product C,5358.16,3279.94,0.178,False
CUST01984,2025-04-18 22:49:42.836567,North,Product C,5435.57,3194.48,0.154,False
CUST01985,2025-04-19 00:08:03.936787,North,Product A,4124.4,2298.63,0.185,False
CUST01986,2025-04-19 01:26:25.037007,East,Product B,4887.78,2537.15,0.013,False
CUST01987,2025-04-19 02:44:46.137227,South,Product B,4731.59,3209.76,0.126,False
CUST01988,2025-04-19 04:03:07.237447,South,Product A,5204.78,2614.23,0.029,False
CUST01989,2025-04-19 05:21:28.337667,East,Product A,4104.6,2053.66,0.101,False
CUST01990,2025-04-19 06:39:49.437887,East,Product D,6001.56,3993.19,0.031,False
CUST01991,2025-04-19 07:58:10.538107,North,Product A,5732.66,4009.2,0.026,False
CUST01992,2025-04-19 09:16:31.638327,East,Product A,4709.46,3039.58,0.002,False
CUST01993,2025-04-19 10:34:52.738547,North,Product A,4826.87,2428.18,0.126,False
CUST01994,2025-04-19 11:53:13.838767,East,Product D,4890.86,2667.17,0.072,False
CUST01995,2025-04-19 13:11:34.938987,East,Product B,4377.35,3039.48,0.021,False
CUST01996,2025-04-19 14:29:56.039207,West,Product C,4645.26,3073.86,0.065,True
CUST01997,2025-04-19 15:48:17.139427,North,Product D,4783.78,2934.18,0.034,False
CUST01998,2025-04-19 17:06:38.239647,North,Product A,6290.29,3443.13,0.188,False
CUST01999,2025-04-19 18:24:59.339867,North,Product C,5757.29,2895.19,0.064,False
CUST02000,2025-04-19 19:43:20.440088,North,Product A,,2897.84,0.067,False
CUST02001,2025-04-19 21:01:41.540308,North,Product A,5295.94,3296.17,0.168,False
CUST02002,2025-04-19 22:20:02.640528,West,Product C,4106.14,2071.0,0.13,False
CUST02003,2025-04-19 23:38:23.740748,North,Product C,4966.81,3470.44,0.142,False
CUST02004,2025-04-20 00:56:44.840968,North,Product B,5776.39,3100.05,0.127,False
CUST02005,2025-04-20 02:15:05.941188,East,Product B,3993.39,2564.32,0.189,False
CUST02006,2025-04-20 03:33:27.041408,South,Product B,5509.24,2925.47,0.041,False
CUST02007,2025-04-20 04:51:48.141628,East,Product A,6858.09,4169.85,0.198,False
CUST02008,2025-04-20 06:10:09.241848,North,Product A,5849.45,3019.03,0.166,False
CUST02009,2025-04-20 07:28:30.342068,South,Product A,6131.22,4005.87,0.118,False
CUST02010,2025-04-20 08:46:51.442288,North,Product A,5174.67,3192.69,0.132,False
CUST02011,2025-04-20 10:05:12.542508,North,Product C,5774.35,2986.68,0.13,False
CUST02012,2025-04-20 11:23:33.642728,West,Product A,4425.72,2963.98,0.012,False
CUST02013,2025-04-20 12:41:54.742948,North,Product A,5636.69,3435.02,0.044,False
CUST02014,2025-04-20 14:00:15.843168,South,Product B,5523.51,3779.84,0.192,False
CUST02015,2025-04-20 15:18:36.943388,South,Product D,5231.93,3575.11,0.107,False
CUST02016,2025-04-20 16:36:58.043608,South,Product A,6052.81,4140.73,0.076,False
CUST02017,2025-04-20 17:55:19.143828,West,Product A,4568.97,2355.57,0.152,False
CUST02018,2025-04-20 19:13:40.244048,North,Product B,4850.35,2542.51,0.105,False
CUST02019,2025-04-20 20:32:01.344268,East,Product C,5076.37,3540.98,0.003,False
CUST02020,2025-04-20 21:50:22.444488,West,Product B,4176.31,2495.43,0.147,False
CUST02021,2025-04-20 23:08:43.544708,South,Product C,5181.55,2837.64,0.146,False
CUST02022,2025-04-21 00:27:04.644928,West,Product D,3624.86,2370.41,0.033,False
CUST02023,2025-04-21 01:45:25.745149,North,Product C,5837.56,3227.34,0.191,True
CUST02024,2025-04-21 03:03:46.845369,South,Product C,5037.31,3251.3,0.045,False
CUST02025,2025-04-21 04:22:07.945589,North,Product B,4583.29,3059.15,0.092,False
CUST02026,2025-04-21 05:40:29.045809,East,Product A,4332.5,2845.81,0.023,False
CUST02027,2025-04-21 06:58:50.146029,West,Product D,4812.34,2669.93,0.121,False
CUST02028,2025-04-21 08:17:11.246249,North,Product B,5550.61,3221.15,0.075,False
CUST02029,2025-04-21 09:35:32.346469,East,Product A,5438.19,3168.56,0.071,False
CUST02030,2025-04-21 10:53:53.446689,North,Product C,4435.57,2653.6,0.165,False
CUST02031,2025-04-21 12:12:14.546909,South,Product A,4323.17,2306.3,0.002,False
CUST02032,2025-04-21 13:30:35.647129,South,Product B,5525.52,3262.79,0.16,False
CUST02033,2025-04-21 14:48:56.747349,West,Product B,4422.12,2662.81,0.114,False
CUST02034,2025-04-21 16:07:17.847569,East,Product B,5047.93,3060.77,0.197,False
CUST02035,2025-04-21 17:25:38.947789,South,Product C,5099.0,3385.64,0.118,False
CUST02036,2025-04-21 18:44:00.048009,North,Product A,5249.65,3167.99,0.011,False
CUST02037,2025-04-21 20:02:21.148229,North,Product B,5686.62,3105.78,0.01,False
CUST02038,2025-04-21 21:20:42.248449,North,Product B,3989.63,2523.94,0.177,False
CUST02039,2025-04-21 22:39:03.348669,North,Product C,3471.07,2289.04,0.168,True
CUST02040,2025-04-21 23:57:24.448889,West,Product C,4546.04,2563.4,0.069,False
CUST02041,2025-04-22 01:15:45.549109,South,Product B,6441.22,4051.92,0.124,False
CUST02042,2025-04-22 02:34:06.649329,South,Product C,6617.74,3503.35,0.098,False
CUST02043,2025-04-22 03:52:27.749549,North,Product A,6464.94,3674.58,0.193,False
CUST02044,2025-04-22 05:10:48.849769,West,Product D,4845.61,3303.96,0.19,False
CUST02045,2025-04-22 06:29:09.949989,East,Product B,3574.31,2438.61,0.197,False
CUST02046,2025-04-22 07:47:31.050210,North,Product C,3125.57,1922.43,0.173,False
CUST02047,2025-04-22 09:05:52.150430,East,Product A,4508.77,2887.73,0.182,False
CUST02048,2025-04-22 10:24:13.250650,South,Product A,4841.54,3247.72,0.043,False
CUST02049,2025-04-22 11:42:34.350870,North,Product B,6040.5,4178.28,0.166,False
CUST02050,2025-04-22 13:00:55.451090,South,Product D,5694.24,3405.03,0.142,False
CUST02051,2025-04-22 14:19:16.551310,South,Product B,5181.92,3172.97,0.193,False
CUST02052,2025-04-22 15:37:37.651530,North,Product D,4288.12,2500.53,0.114,False
CUST02053,2025-04-22 16:55:58.751750,West,Product B,4231.38,2176.6,0.017,False
CUST02054,2025-04-22 18:14:19.851970,West,Product B,5203.3,3041.65,0.119,False
CUST02055,2025-04-22 19:32:40.952190,East,Product A,5557.64,3657.62,0.137,False
CUST02056,2025-04-22 20:51:02.052410,South,Product C,5313.51,3512.11,0.044,False
CUST02057,2025-04-22 22:09:23.152630,South,Product A,4172.32,2830.82,0.079,False
CUST02058,2025-04-22 23:27:44.252850,East,Product D,5520.53,2817.09,0.12,False
CUST02059,2025-04-23 00:46:05.353070,South,Product D,5340.73,3233.44,0.075,False
CUST02060,2025-04-23 02:04:26.453290,North,Product D,4143.47,2160.76,0.075,False
CUST02061,2025-04-23 03:22:47.553510,South,Product B,4372.54,2361.82,0.027,False
CUST02062,2025-04-23 04:41:08.653730,West,Product C,5550.8,3774.78,0.188,False
CUST02063,2025-04-23 05:59:29.753950,South,Product C,4812.39,2884.35,0.15,False
CUST02064,2025-04-23 07:17:50.854170,North,Product A,6271.32,4087.07,0.0,False
CUST02065,2025-04-23 08:36:11.954390,East,Product C,5400.9,2770.0,0.153,False
CUST02066,2025-04-23 09:54:33.054610,North,Product A,4610.7,2689.72,0.148,False
CUST02067,2025-04-23 11:12:54.154830,North,Product B,4991.84,3169.06,0.002,False
CUST02068,2025-04-23 12:31:15.255051,North,Product A,5050.71,2660.11,0.074,False
CUST02069,2025-04-23 13:49:36.355271,South,Product A,4417.29,2496.49,0.121,False
CUST02070,2025-04-23 15:07:57.455491,East,Product B,4269.93,2190.09,0.091,False
CUST02071,2025-04-23 16:26:18.555711,South,Product B,5561.11,3504.99,0.156,False
CUST02072,2025-04-23 17:44:39.655931,North,Product C,5676.22,3940.31,0.085,False
CUST02073,2025-04-23 19:03:00.756151,West,Product A,5483.03,3648.45,0.031,False
CUST02074,2025-04-23 20:21:21.856371,West,Product B,6212.25,4317.05,0.195,False
CUST02075,2025-04-23 21:39:42.956591,West,Product A,4566.58,3055.6,0.048,False
CUST02076,2025-04-23 22:58:04.056811,North,Product B,6339.42,4254.0,0.144,False
CUST02077,2025-04-24 00:16:25.157031,South,Product C,4279.26,2633.61,0.029,False
CUST02078,2025-04-24 01:34:46.257251,West,Product B,4189.85,2529.21,0.066,False
CUST02079,2025-04-24 02:53:07.357471,East,Product C,-3592.03,2087.87,0.088,False
CUST02080,2025-04-24 04:11:28.457691,North,Product A,4643.36,3081.42,0.038,False
CUST02081,2025-04-24 05:29:49.557911,North,Product C,4597.02,2465.9,0.09,False
CUST02082,2025-04-24 06:48:10.658131,South,Product B,5420.75,2771.33,0.031,False
CUST02083,2025-04-24 08:06:31.758351,West,Product B,5195.11,3582.44,0.112,False
CUST02084,2025-04-24 09:24:52.858571,South,Product C,4045.62,2025.87,0.133,False
CUST02085,2025-04-24 10:43:13.958791,South,Product A,4685.82,3258.36,0.012,False
CUST02086,2025-04-24 12:01:35.059011,North,Product C,4702.83,3036.95,0.174,False
CUST02087,2025-04-24 13:19:56.159231,East,Product C,3579.21,2024.76,0.037,False
CUST02088,2025-04-24 14:38:17.259451,West,Product A,4215.24,2695.92,0.045,False
CUST02089,2025-04-24 15:56:38.359671,South,Product A,4383.35,2908.68,0.132,True
CUST02090,2025-04-24 17:14:59.459891,East,Product A,6146.9,3375.09,0.094,False
CUST02091,2025-04-24 18:33:20.560112,West,Product D,5153.16,3371.09,0.1,False
CUST02092,2025-04-24 19:51:41.660332,North,Product C,5529.74,3654.46,0.026,False
CUST02093,2025-04-24 21:10:02.760552,South,Product A,3801.09,2090.11,0.161,False
CUST02094,2025-04-24 22:28:23.860772,North,Product B,5955.37,3027.62,0.123,False
CUST02095,2025-04-24 23:46:44.960992,East,Product B,6040.88,3267.06,0.027,True
CUST02096,2025-04-25 01:05:06.061212,South,Product C,3401.32,1837.15,0.075,False
CUST02097,2025-04-25 02:23:27.161432,East,Product A,4435.75,2275.75,0.162,False
CUST02098,2025-04-25 03:41:48.261652,East,Product A,5396.61,3481.9,0.114,False
CUST02099,2025-04-25 05:00:09.361872,South,Product D,5515.51,3176.91,0.022,False
CUST02100,2025-04-25 06:18:30.462092,West,Product A,4457.2,3016.98,0.075,False
CUST02101,2025-04-25 07:36:51.562312,South,Product A,4755.6,2617.65,0.049,False
CUST02102,2025-04-25 08:55:12.662532,North,Product D,4522.1,2670.96,0.103,False
CUST02103,2025-04-25 10:13:33.762752,East,Product C,5088.33,3194.47,0.169,False
CUST02104,2025-04-25 11:31:54.862972,East,Product A,5957.74,4024.41,0.087,False
CUST02105,2025-04-25 12:50:15.963192,South,Product A,4383.17,2651.48,0.087,False
CUST02106,2025-04-25 14:08:37.063412,West,Product A,5800.66,3333.67,0.181,False
CUST02107,2025-04-25 15:26:58.163632,West,Product A,4374.66,2945.91,0.115,False
CUST02108,2025-04-25 16:45:19.263852,North,Product D,4321.9,2429.12,0.113,False
CUST02109,2025-04-25 18:03:40.364072,West,Product B,5654.88,2917.26,0.052,False
CUST02110,2025-04-25 19:22:01.464292,North,Product C,5737.55,3379.46,0.122,False
CUST02111,2025-04-25 20:40:22.564512,North,Product D,5681.13,3732.61,0.115,False
CUST02112,2025-04-25 21:58:43.664732,North,Product B,3947.36,1997.98,0.079,False
CUST02113,2025-04-25 23:17:04.764952,West,Product A,4627.24,2855.82,0.198,False
CUST02114,2025-04-26 00:35:25.865173,East,Product B,5658.39,3501.94,0.176,False
CUST02115,2025-04-26 01:53:46.965393,North,Product D,5033.23,3451.33,0.15,False
CUST02116,2025-04-26 03:12:08.065613,South,Product C,4141.05,2307.78,0.107,False
CUST02117,2025-04-26 04:30:29.165833,East,Product A,5366.65,2982.61,0.092,False
CUST02118,2025-04-26 05:48:50.266053,North,Product C,4428.15,2604.18,0.037,False
CUST02119,2025-04-26 07:07:11.366273,West,Product B,6435.62,3677.2,0.061,False
CUST02120,2025-04-26 08:25:32.466493,West,Product D,6235.87,4036.29,0.155,False
CUST02121,2025-04-26 09:43:53.566713,South,Product A,5483.28,3445.42,0.091,False
CUST02122,2025-04-26 11:02:14.666933,West,Product B,6088.81,3968.59,0.176,False
CUST02123,2025-04-26 12:20:35.767153,South,Product D,5051.83,3354.46,0.03,False
CUST02124,2025-04-26 13:38:56.867373,West,Product B,5612.35,3842.19,0.102,False
CUST02125,2025-04-26 14:57:17.967593,East,Product B,6182.18,3623.91,0.129,False
CUST02126,2025-04-26 16:15:39.067813,East,Product A,5196.4,3621.58,0.103,False
CUST02127,2025-04-26 17:34:00.168033,North,Product A,4795.85,2604.78,0.178,False
CUST02128,2025-04-26 18:52:21.268253,West,Product A,3636.3,2337.68,0.198,False
CUST02129,2025-04-26 20:10:42.368473,South,Product D,4933.49,2993.65,0.023,False
CUST02130,2025-04-26 21:29:03.468693,North,Product A,5658.74,3753.89,0.026,False
CUST02131,2025-04-26 22:47:24.568913,North,Product B,5756.51,3427.16,0.026,False
CUST02132,2025-04-27 00:05:45.669133,South,Product C,5403.49,3548.95,0.136,False
CUST02133,2025-04-27 01:24:06.769353,South,Product A,4566.96,3133.09,0.075,False
CUST02134,2025-04-27 02:42:27.869573,East,Product B,3418.54,2209.95,0.147,False
CUST02135,2025-04-27 04:00:48.969793,West,Product C,4603.83,3016.51,0.081,False
CUST02136,2025-04-27 05:19:10.070014,North,Product D,4756.52,2442.17,0.126,False
CUST02137,2025-04-27 06:37:31.170234,East,Product C,4749.66,2569.52,0.154,False
CUST02138,2025-04-27 07:55:52.270454,North,Product C,5494.85,3818.15,0.11,False
CUST02139,2025-04-27 09:14:13.370674,West,Product A,6588.54,4207.69,0.108,False
CUST02140,2025-04-27 10:32:34.470894,West,Product D,5098.82,3121.96,0.018,False
CUST02141,2025-04-27 11:50:55.571114,South,Product A,4826.61,2767.56,0.082,False
CUST02142,2025-04-27 13:09:16.671334,East,Product C,4792.62,2438.86,0.109,False
CUST02143,2025-04-27 14:27:37.771554,South,Product A,5099.51,2926.24,0.092,False
CUST02144,2025-04-27 15:45:58.871774,South,Product D,4337.36,2601.48,0.18,False
CUST02145,2025-04-27 17:04:19.971994,West,Product C,5096.16,2763.61,0.181,False
CUST02146,2025-04-27 18:22:41.072214,South,Product C,5360.65,2865.95,0.164,False
CUST02147,2025-04-27 19:41:02.172434,South,Product A,5167.75,3109.35,0.075,False
CUST02148,2025-04-27 20:59:23.272654,South,Product B,5366.03,3311.81,0.143,False
CUST02149,2025-04-27 22:17:44.372874,West,Product C,5347.0,2930.07,0.079,False
CUST02150,2025-04-27 23:36:05.473094,South,Product C,3582.48,2212.1,0.047,False
CUST02151,2025-04-28 00:54:26.573314,North,Product A,5509.5,3746.83,0.069,False
CUST02152,2025-04-28 02:12:47.673534,East,Product D,4463.19,2653.97,0.014,False
CUST02153,2025-04-28 03:31:08.773754,West,Product D,4123.33,2768.72,0.066,False
CUST02154,2025-04-28 04:49:29.873974,North,Product A,4116.44,2821.63,0.092,False
CUST02155,2025-04-28 06:07:50.974194,North,Product C,5346.83,2772.22,0.191,False
CUST02156,2025-04-28 07:26:12.074414,North,Product B,4821.94,2503.37,0.063,False
CUST02157,2025-04-28 08:44:33.174634,South,Product B,3654.42,2175.15,0.18,False
CUST02158,2025-04-28 10:02:54.274854,South,Product A,5382.43,3324.3,0.046,False
CUST02159,2025-04-28 11:21:15.375075,East,Product B,3848.31,2251.94,0.038,False
CUST02160,2025-04-28 12:39:36.475295,East,Product C,5111.86,2889.68,0.104,False
CUST02161,2025-04-28 13:57:57.575515,East,Product B,5190.8,3260.85,0.135,False
CUST02162,2025-04-28 15:16:18.675735,South,Product C,5708.46,2856.61,0.009,False
CUST02163,2025-04-28 16:34:39.775955,West,Product C,6425.35,4456.72,0.044,False
CUST02164,2025-04-28 17:53:00.876175,South,Product C,3908.26,2135.53,0.091,False
CUST02165,2025-04-28 19:11:21.976395,West,Product A,4958.02,3388.41,0.066,False
CUST02166,2025-04-28 20:29:43.076615,East,Product D,4778.93,2493.66,0.143,False
CUST02167,2025-04-28 21:48:04.176835,North,Product B,5347.0,2928.11,0.102,False
CUST02168,2025-04-28 23:06:25.277055,East,Product A,5172.54,2829.25,0.032,False
CUST02169,2025-04-29 00:24:46.377275,South,Product A,4717.96,3298.94,0.179,False
CUST02170,2025-04-29 01:43:07.477495,East,Product B,4647.28,2327.92,0.059,False
CUST02171,2025-04-29 03:01:28.577715,North,Product D,4106.84,2578.8,0.146,False
CUST02172,2025-04-29 04:19:49.677935,North,Product B,5790.29,3902.29,0.156,False
CUST02173,2025-04-29 05:38:10.778155,West,Product C,5367.36,3405.35,0.193,False
CUST02174,2025-04-29 06:56:31.878375,North,Product A,5734.21,3283.11,0.1,False
CUST02175,2025-04-29 08:14:52.978595,West,Product B,4751.68,3286.56,0.123,False
CUST02176,2025-04-29 09:33:14.078815,North,Product D,4474.53,3036.88,0.067,False
CUST02177,2025-04-29 10:51:35.179035,East,Product C,4137.35,2427.76,0.136,False
CUST02178,2025-04-29 12:09:56.279255,East,Product A,5287.13,3249.82,0.093,False
CUST02179,2025-04-29 13:28:17.379475,South,Product B,4168.17,2890.64,0.088,False
CUST02180,2025-04-29 14:46:38.479695,South,Product A,6478.93,4512.65,0.171,False
CUST02181,2025-04-29 16:04:59.579915,North,Product B,,2332.65,0.01,False
CUST02182,2025-04-29 17:23:20.680136,North,Product C,5218.93,3493.92,0.176,False
CUST02183,2025-04-29 18:41:41.780356,South,Product C,6253.48,3504.43,0.17,False
CUST02184,2025-04-29 20:00:02.880576,East,Product A,5479.27,3147.09,0.101,False
CUST02185,2025-04-29 21:18:23.980796,West,Product D,5140.54,2739.72,0.098,False
CUST02186,2025-04-29 22:36:45.081016,West,Product B,4225.21,2289.38,0.072,False
CUST02187,2025-04-29 23:55:06.181236,East,Product B,3894.58,2458.94,0.199,False
CUST02188,2025-04-30 01:13:27.281456,East,Product B,5616.04,3381.73,0.022,False
CUST02189,2025-04-30 02:31:48.381676,East,Product C,6204.92,3389.29,0.118,False
CUST02190,2025-04-30 03:50:09.481896,North,Product B,4648.92,2699.08,0.136,False
CUST02191,2025-04-30 05:08:30.582116,West,Product B,4088.75,2349.55,0.187,True
CUST02192,2025-04-30 06:26:51.682336,East,Product B,3033.46,2115.76,0.156,True
CUST02193,2025-04-30 07:45:12.782556,South,Product A,4215.39,2827.32,0.129,False
CUST02194,2025-04-30 09:03:33.882776,North,Product C,4909.07,2835.45,0.023,False
CUST02195,2025-04-30 10:21:54.982996,South,Product B,6279.3,4287.4,0.075,False
CUST02196,2025-04-30 11:40:16.083216,South,Product A,5538.51,3148.79,0.028,False
CUST02197,2025-04-30 12:58:37.183436,West,Product C,5244.07,3322.54,0.176,False
CUST02198,2025-04-30 14:16:58.283656,South,Product D,4679.9,3244.72,0.15,False
CUST02199,2025-04-30 15:35:19.383876,South,Product D,4533.47,2620.6,0.152,False
CUST02200,2025-04-30 16:53:40.484096,West,Product B,6124.52,3895.05,0.13,False
CUST02201,2025-04-30 18:12:01.584316,North,Product A,5160.59,2885.72,0.101,False
CUST02202,2025-04-30 19:30:22.684536,South,Product B,3317.92,1835.68,0.03,False
CUST02203,2025-04-30 20:48:43.784756,North,Product A,4461.17,2742.87,0.066,False
CUST02204,2025-04-30 22:07:04.884976,East,Product D,4313.43,3001.51,0.027,False
CUST02205,2025-04-30 23:25:25.985197,West,Product A,4562.99,2695.02,0.145,False
CUST02206,2025-05-01 00:43:47.085417,North,Product A,5450.33,3747.25,0.032,False
CUST02207,2025-05-01 02:02:08.185637,West,Product B,4914.04,3355.67,0.14,False
CUST02208,2025-05-01 03:20:29.285857,North,Product B,4938.51,2719.9,0.138,False
CUST02209,2025-05-01 04:38:50.386077,West,Product C,6050.78,3511.65,0.092,False
CUST02210,2025-05-01 05:57:11.486297,East,Product B,4442.83,2793.03,0.027,False
CUST02211,2025-05-01 07:15:32.586517,West,Product A,6491.36,3918.24,0.063,False
CUST02212,2025-05-01 08:33:53.686737,North,Product A,4462.95,2317.13,0.064,True
CUST02213,2025-05-01 09:52:14.786957,West,Product B,5071.36,3543.56,0.14,False
CUST02214,2025-05-01 11:10:35.887177,East,Product A,4775.04,3106.31,0.023,False
CUST02215,2025-05-01 12:28:56.987397,South,Product C,5098.74,2995.7,0.166,False
CUST02216,2025-05-01 13:47:18.087617,West,Product B,5355.67,3339.98,0.152,False
CUST02217,2025-05-01 15:05:39.187837,North,Product C,5347.07,2767.19,0.037,False
CUST02218,2025-05-01 16:24:00.288057,West,Product D,4397.51,2634.37,0.144,False
CUST02219,2025-05-01 17:42:21.388277,North,Product D,4101.67,2814.43,0.134,False
CUST02220,2025-05-01 19:00:42.488497,East,Product D,7002.54,4756.97,0.15,False
CUST02221,2025-05-01 20:19:03.588717,South,Product A,4612.81,2617.66,0.038,False
CUST02222,2025-05-01 21:37:24.688937,North,Product A,5559.37,3370.5,0.032,False
CUST02223,2025-05-01 22:55:45.789157,North,Product A,3713.89,2374.94,0.047,False
CUST02224,2025-05-02 00:14:06.889377,North,Product D,-4776.31,2712.95,0.073,False
CUST02225,2025-05-02 01:32:27.989597,South,Product D,4898.24,2512.68,0.159,False
CUST02226,2025-05-02 02:50:49.089817,South,Product D,5378.25,3232.8,0.148,False
CUST02227,2025-05-02 04:09:10.190038,South,Product A,2822.04,1750.59,0.185,False
CUST02228,2025-05-02 05:27:31.290258,North,Product D,5132.91,2572.45,0.012,False
CUST02229,2025-05-02 06:45:52.390478,North,Product B,4080.21,2118.1,0.002,False
CUST02230,2025-05-02 08:04:13.490698,East,Product A,5259.48,2847.79,0.14,False
CUST02231,2025-05-02 09:22:34.590918,North,Product B,4170.94,2375.81,0.056,False
CUST02232,2025-05-02 10:40:55.691138,West,Product A,4315.61,2624.8,0.067,False
CUST02233,2025-05-02 11:59:16.791358,West,Product B,4781.1,2671.53,0.109,False
CUST02234,2025-05-02 13:17:37.891578,East,Product A,4158.14,2308.75,0.02,False
CUST02235,2025-05-02 14:35:58.991798,South,Product B,4619.57,3112.99,0.129,False
CUST02236,2025-05-02 15:54:20.092018,West,Product C,4045.3,2140.0,0.065,False
CUST02237,2025-05-02 17:12:41.192238,North,Product D,3533.46,2116.87,0.127,False
CUST02238,2025-05-02 18:31:02.292458,North,Product C,5814.37,4015.2,0.167,False
CUST02239,2025-05-02 19:49:23.392678,North,Product B,3963.16,2476.99,0.034,False
CUST02240,2025-05-02 21:07:44.492898,East,Product C,4857.06,3125.23,0.186,False
CUST02241,2025-05-02 22:26:05.593118,North,Product D,5602.31,3284.34,0.106,True
CUST02242,2025-05-02 23:44:26.693338,South,Product A,4508.04,2271.99,0.185,False
CUST02243,2025-05-03 01:02:47.793558,West,Product B,4339.87,2730.76,0.042,False
CUST02244,2025-05-03 02:21:08.893778,West,Product A,5180.99,3245.29,0.121,False
CUST02245,2025-05-03 03:39:29.993998,South,Product A,5894.35,3077.35,0.081,False
CUST02246,2025-05-03 04:57:51.094218,North,Product C,4064.55,2407.97,0.155,False
CUST02247,2025-05-03 06:16:12.194438,West,Product D,-4879.88,3333.28,0.121,False
CUST02248,2025-05-03 07:34:33.294658,South,Product A,3614.0,1955.24,0.099,False
CUST02249,2025-05-03 08:52:54.394878,North,Product C,4685.44,2774.81,0.183,False
CUST02250,2025-05-03 10:11:15.495099,North,Product D,5027.36,2977.31,0.075,False
CUST02251,2025-05-03 11:29:36.595319,West,Product D,4316.3,2858.05,0.044,False
CUST02252,2025-05-03 12:47:57.695539,East,Product A,4634.41,3081.49,0.122,False
CUST02253,2025-05-03 14:06:18.795759,West,Product D,3873.42,2524.9,0.125,False
CUST02254,2025-05-03 15:24:39.895979,West,Product A,5061.66,2900.79,0.088,False
CUST02255,2025-05-03 16:43:00.996199,South,Product B,5844.56,3006.48,0.097,False
CUST02256,2025-05-03 18:01:22.096419,South,Product A,4122.28,2349.28,0.192,False
CUST02257,2025-05-03 19:19:43.196639,South,Product A,4501.86,2863.0,0.147,False
CUST02258,2025-05-03 20:38:04.296859,South,Product C,5402.04,3460.27,0.022,False
CUST02259,2025-05-03 21:56:25.397079,South,Product B,5969.67,4136.98,0.042,False
CUST02260,2025-05-03 23:14:46.497299,East,Product A,3805.45,2247.99,0.195,False
CUST02261,2025-05-04 00:33:07.597519,East,Product A,4864.97,3047.84,0.145,False
CUST02262,2025-05-04 01:51:28.697739,West,Product C,5226.5,3176.87,0.183,False
CUST02263,2025-05-04 03:09:49.797959,South,Product A,4918.35,2607.34,0.061,False
CUST02264,2025-05-04 04:28:10.898179,East,Product C,3018.57,1787.72,0.148,False
CUST02265,2025-05-04 05:46:31.998399,East,Product A,5400.87,3288.95,0.143,False
CUST02266,2025-05-04 07:04:53.098619,South,Product A,6215.47,4289.61,0.059,False
CUST02267,2025-05-04 08:23:14.198839,East,Product B,5093.33,2920.05,0.11,False
CUST02268,2025-05-04 09:41:35.299059,North,Product B,4175.12,2905.96,0.125,False
CUST02269,2025-05-04 10:59:56.399279,South,Product B,4589.5,2792.53,0.096,False
CUST02270,2025-05-04 12:18:17.499499,North,Product A,6415.93,3519.1,0.165,False
CUST02271,2025-05-04 13:36:38.599719,South,Product D,5727.97,3083.55,0.167,False
CUST02272,2025-05-04 14:54:59.699939,South,Product C,5512.02,2912.22,0.17,False
CUST02273,2025-05-04 16:13:20.800160,East,Product A,5285.13,3121.33,0.161,False
CUST02274,2025-05-04 17:31:41.900380,West,Product B,4471.09,2255.15,0.098,False
CUST02275,2025-05-04 18:50:03.000600,East,Product D,4839.54,2850.53,0.076,False
CUST02276,2025-05-04 20:08:24.100820,East,Product A,4937.66,3444.91,0.166,False
CUST02277,2025-05-04 21:26:45.201040,South,Product A,5439.66,3448.86,0.098,False
CUST02278,2025-05-04 22:45:06.301260,East,Product C,6207.14,4046.79,0.049,False
CUST02279,2025-05-05 00:03:27.401480,North,Product C,5894.67,3087.63,0.101,False
CUST02280,2025-05-05 01:21:48.501700,North,Product B,3864.49,2297.91,0.028,False
CUST02281,2025-05-05 02:40:09.601920,South,Product A,5179.2,2886.08,0.138,False
CUST02282,2025-05-05 03:58:30.702140,South,Product A,5589.41,3794.2,0.067,False
CUST02283,2025-05-05 05:16:51.802360,North,Product C,5495.09,2946.79,0.052,False
CUST02284,2025-05-05 06:35:12.902580,North,Product A,4496.61,2660.86,0.191,False
CUST02285,2025-05-05 07:53:34.002800,North,Product B,7331.29,4527.87,0.155,False
CUST02286,2025-05-05 09:11:55.103020,West,Product B,3978.33,2398.17,0.157,False
CUST02287,2025-05-05 10:30:16.203240,South,Product A,4133.45,2753.08,0.125,False
CUST02288,2025-05-05 11:48:37.303460,South,Product D,5186.88,2833.54,0.168,False
CUST02289,2025-05-05 13:06:58.403680,North,Product C,6693.44,3851.93,0.152,False
CUST02290,2025-05-05 14:25:19.503900,East,Product C,4331.04,2851.63,0.12,False
CUST02291,2025-05-05 15:43:40.604120,North,Product A,4787.34,2899.28,0.192,False
CUST02292,2025-05-05 17:02:01.704340,North,Product A,5861.83,3402.35,0.038,False
CUST02293,2025-05-05 18:20:22.804560,South,Product B,4985.71,2522.21,0.189,False
CUST02294,2025-05-05 19:38:43.904780,North,Product A,4732.32,3079.21,0.08,False
CUST02295,2025-05-05 20:57:05.005001,North,Product D,5452.51,3786.42,0.106,False
CUST02296,2025-05-05 22:15:26.105221,North,Product A,5218.01,3256.34,0.025,False
CUST02297,2025-05-05 23:33:47.205441,North,Product B,5824.35,3909.93,0.108,False
CUST02298,2025-05-06 00:52:08.305661,North,Product B,6033.18,3640.27,0.122,False
CUST02299,2025-05-06 02:10:29.405881,South,Product C,5245.6,2865.86,0.2,False
CUST02300,2025-05-06 03:28:50.506101,West,Product A,5233.39,2631.81,0.195,False
CUST02301,2025-05-06 04:47:11.606321,South,Product B,5171.29,3261.43,0.193,False
CUST02302,2025-05-06 06:05:32.706541,South,Product A,5391.3,3227.35,0.07,False
CUST02303,2025-05-06 07:23:53.806761,North,Product D,5044.14,3311.07,0.198,False
CUST02304,2025-05-06 08:42:14.906981,West,Product A,4999.51,3194.37,0.091,False
CUST02305,2025-05-06 10:00:36.007201,South,Product D,5957.3,4155.76,0.17,False
CUST02306,2025-05-06 11:18:57.107421,North,Product C,6212.89,3740.55,0.043,False
CUST02307,2025-05-06 12:37:18.207641,East,Product A,3793.96,2221.12,0.101,False
CUST02308,2025-05-06 13:55:39.307861,North,Product C,5008.02,2791.21,0.193,False
CUST02309,2025-05-06 15:14:00.408081,South,Product A,4449.04,2648.84,0.189,True
CUST02310,2025-05-06 16:32:21.508301,South,Product D,4751.22,3205.05,0.137,False
CUST02311,2025-05-06 17:50:42.608521,West,Product B,5322.01,2706.18,0.16,False
CUST02312,2025-05-06 19:09:03.708741,South,Product A,5535.55,3850.42,0.035,False
CUST02313,2025-05-06 20:27:24.808961,East,Product B,4910.3,3430.64,0.144,False
CUST02314,2025-05-06 21:45:45.909181,West,Product A,3469.33,2149.47,0.124,False
CUST02315,2025-05-06 23:04:07.009401,North,Product D,4227.96,2394.33,0.018,False
CUST02316,2025-05-07 00:22:28.109621,North,Product A,5717.2,3113.64,0.023,False
CUST02317,2025-05-07 01:40:49.209841,South,Product C,2807.66,1559.09,0.022,False
CUST02318,2025-05-07 02:59:10.310062,South,Product B,5949.94,3034.6,0.145,False
CUST02319,2025-05-07 04:17:31.410282,South,Product D,5416.98,3223.23,0.028,False
CUST02320,2025-05-07 05:35:52.510502,West,Product A,6052.94,3095.87,0.094,False
CUST02321,2025-05-07 06:54:13.610722,East,Product B,4841.14,3116.22,0.071,False
CUST02322,2025-05-07 08:12:34.710942,East,Product B,3350.88,1924.7,0.11,False
CUST02323,2025-05-07 09:30:55.811162,South,Product C,5344.29,2885.24,0.141,False
CUST02324,2025-05-07 10:49:16.911382,West,Product A,6019.72,3665.83,0.137,False
CUST02325,2025-05-07 12:07:38.011602,West,Product A,5739.78,3987.72,0.103,False
CUST02326,2025-05-07 13:25:59.111822,West,Product A,4469.85,2856.35,0.093,False
CUST02327,2025-05-07 14:44:20.212042,North,Product C,5069.41,3033.28,0.08,False
CUST02328,2025-05-07 16:02:41.312262,East,Product A,4573.73,2997.54,0.172,False
CUST02329,2025-05-07 17:21:02.412482,North,Product B,4344.59,2813.1,0.066,False
CUST02330,2025-05-07 18:39:23.512702,North,Product A,,3910.2,0.052,False
CUST02331,2025-05-07 19:57:44.612922,North,Product D,4041.97,2186.44,0.149,False
CUST02332,2025-05-07 21:16:05.713142,East,Product D,4284.95,2878.52,0.072,False
CUST02333,2025-05-07 22:34:26.813362,East,Product B,4116.78,2306.24,0.169,True
CUST02334,2025-05-07 23:52:47.913582,North,Product B,,2620.53,0.066,False
CUST02335,2025-05-08 01:11:09.013802,South,Product A,5117.13,2846.22,0.14,False
CUST02336,2025-05-08 02:29:30.114022,South,Product A,5929.2,4063.7,0.009,False
CUST02337,2025-05-08 03:47:51.214242,South,Product A,4852.1,3361.33,0.077,False
CUST02338,2025-05-08 05:06:12.314462,North,Product C,3795.4,2008.14,0.069,False
CUST02339,2025-05-08 06:24:33.414682,South,Product B,5671.96,3941.44,0.163,False
CUST02340,2025-05-08 07:42:54.514902,East,Product D,6348.56,3283.12,0.193,False
CUST02341,2025-05-08 09:01:15.615123,North,Product B,4483.01,2437.47,0.092,False
CUST02342,2025-05-08 10:19:36.715343,North,Product C,4617.16,2718.74,0.165,False
CUST02343,2025-05-08 11:37:57.815563,South,Product B,5412.53,3781.84,0.14,False
CUST02344,2025-05-08 12:56:18.915783,West,Product B,6297.5,3764.09,0.193,False
CUST02345,2025-05-08 14:14:40.016003,East,Product A,4584.13,2796.7,0.162,False
CUST02346,2025-05-08 15:33:01.116223,East,Product B,3934.04,2513.4,0.015,False
CUST02347,2025-05-08 16:51:22.216443,South,Product B,5505.13,3818.68,0.143,False
CUST02348,2025-05-08 18:09:43.316663,South,Product C,5639.25,3703.13,0.107,False
CUST02349,2025-05-08 19:28:04.416883,North,Product D,5004.91,2726.83,0.003,False
CUST02350,2025-05-08 20:46:25.517103,East,Product A,4553.49,2552.68,0.05,True
CUST02351,2025-05-08 22:04:46.617323,West,Product A,5795.5,3010.91,0.184,False
CUST02352,2025-05-08 23:23:07.717543,East,Product B,5422.43,3410.11,0.185,False
CUST02353,2025-05-09 00:41:28.817763,West,Product B,4385.25,2351.14,0.16,False
CUST02354,2025-05-09 01:59:49.917983,East,Product A,5039.28,2779.06,0.196,False
CUST02355,2025-05-09 03:18:11.018203,North,Product C,3918.63,2655.36,0.161,False
CUST02356,2025-05-09 04:36:32.118423,West,Product D,5548.71,3136.97,0.002,False
CUST02357,2025-05-09 05:54:53.218643,North,Product D,4790.21,2937.98,0.058,False
CUST02358,2025-05-09 07:13:14.318863,South,Product A,4651.43,2695.57,0.006,False
CUST02359,2025-05-09 08:31:35.419083,North,Product D,4973.7,2560.49,0.019,False
CUST02360,2025-05-09 09:49:56.519303,North,Product C,5032.25,2881.33,0.044,False
CUST02361,2025-05-09 11:08:17.619523,South,Product B,5715.94,3324.47,0.101,False
CUST02362,2025-05-09 12:26:38.719743,North,Product B,5472.87,3716.85,0.17,False
CUST02363,2025-05-09 13:44:59.819963,South,Product C,4874.87,2753.77,0.172,True
CUST02364,2025-05-09 15:03:20.920184,South,Product B,5610.93,3231.05,0.123,False
CUST02365,2025-05-09 16:21:42.020404,North,Product B,5320.59,3493.39,0.186,False
CUST02366,2025-05-09 17:40:03.120624,North,Product B,4658.72,3036.51,0.1,False
CUST02367,2025-05-09 18:58:24.220844,South,Product B,4900.23,3232.47,0.178,False
CUST02368,2025-05-09 20:16:45.321064,South,Product A,4881.42,3371.86,0.091,False
CUST02369,2025-05-09 21:35:06.421284,East,Product D,5404.21,3561.98,0.055,False
CUST02370,2025-05-09 22:53:27.521504,East,Product C,4706.38,2736.86,0.183,False
CUST02371,2025-05-10 00:11:48.621724,West,Product C,4687.67,3114.03,0.078,False
CUST02372,2025-05-10 01:30:09.721944,East,Product A,6575.01,3956.41,0.101,False
CUST02373,2025-05-10 02:48:30.822164,South,Product C,5751.79,3195.36,0.066,False
CUST02374,2025-05-10 04:06:51.922384,East,Product A,4391.52,2461.81,0.133,False
CUST02375,2025-05-10 05:25:13.022604,North,Product A,5456.75,2972.67,0.199,False
CUST02376,2025-05-10 06:43:34.122824,South,Product B,5094.68,2695.08,0.005,False
CUST02377,2025-05-10 08:01:55.223044,East,Product B,5313.24,2852.67,0.18,False
CUST02378,2025-05-10 09:20:16.323264,South,Product B,5109.87,2619.5,0.001,False
CUST02379,2025-05-10 10:38:37.423484,East,Product A,5951.71,4033.42,0.073,False
CUST02380,2025-05-10 11:56:58.523704,West,Product B,5276.5,3620.74,0.034,False
CUST02381,2025-05-10 13:15:19.623924,West,Product A,4950.33,3056.11,0.151,False
CUST02382,2025-05-10 14:33:40.724144,West,Product D,5833.75,3897.52,0.01,False
CUST02383,2025-05-10 15:52:01.824364,South,Product B,5186.63,2783.74,0.111,False
CUST02384,2025-05-10 17:10:22.924584,South,Product C,-5097.18,3467.79,0.059,False
CUST02385,2025-05-10 18:28:44.024804,South,Product A,5251.22,3157.41,0.027,False
CUST02386,2025-05-10 19:47:05.125025,South,Product A,4925.11,2528.72,0.154,False
CUST02387,2025-05-10 21:05:26.225245,East,Product D,5007.38,2645.21,0.043,False
CUST02388,2025-05-10 22:23:47.325465,East,Product A,4530.64,2545.29,0.045,False
CUST02389,2025-05-10 23:42:08.425685,East,Product B,4399.07,2237.86,0.055,False
CUST02390,2025-05-11 01:00:29.525905,South,Product C,4201.14,2360.45,0.117,False
CUST02391,2025-05-11 02:18:50.626125,North,Product A,-3886.41,1989.79,0.132,False
CUST02392,2025-05-11 03:37:11.726345,South,Product C,4296.23,2350.92,0.004,False
CUST02393,2025-05-11 04:55:32.826565,North,Product B,4860.59,2688.56,0.048,False
CUST02394,2025-05-11 06:13:53.926785,West,Product A,5082.49,3552.02,0.086,False
CUST02395,2025-05-11 07:32:15.027005,South,Product A,4782.96,2616.8,0.066,False
CUST02396,2025-05-11 08:50:36.127225,North,Product A,3115.44,1706.75,0.177,False
CUST02397,2025-05-11 10:08:57.227445,North,Product D,6259.67,3989.65,0.158,False
CUST02398,2025-05-11 11:27:18.327665,East,Product C,5869.18,3943.34,0.125,False
CUST02399,2025-05-11 12:45:39.427885,East,Product A,5356.61,3092.96,0.068,False
CUST02400,2025-05-11 14:04:00.528105,South,Product A,6525.99,4405.85,0.14,False
CUST02401,2025-05-11 15:22:21.628325,North,Product C,4218.11,2396.01,0.169,True
CUST02402,2025-05-11 16:40:42.728545,South,Product B,6510.1,3511.57,0.119,False
CUST02403,2025-05-11 17:59:03.828765,South,Product B,4227.83,2392.65,0.157,False
CUST02404,2025-05-11 19:17:24.928985,East,Product B,5190.99,3228.13,0.15,False
CUST02405,2025-05-11 20:35:46.029205,East,Product A,3980.93,2282.78,0.114,False
CUST02406,2025-05-11 21:54:07.129425,South,Product C,5011.76,3180.35,0.062,False
CUST02407,2025-05-11 23:12:28.229645,North,Product D,5308.93,2906.04,0.149,False
CUST02408,2025-05-12 00:30:49.329865,West,Product A,4876.25,3121.77,0.041,False
CUST02409,2025-05-12 01:49:10.430086,South,Product B,5571.1,3172.67,0.156,False
CUST02410,2025-05-12 03:07:31.530306,East,Product B,5079.21,3002.7,0.161,False
CUST02411,2025-05-12 04:25:52.630526,North,Product B,4582.07,2802.16,0.164,False
CUST02412,2025-05-12 05:44:13.730746,South,Product A,4546.55,2897.27,0.095,False
CUST02413,2025-05-12 07:02:34.830966,North,Product C,5648.73,3094.05,0.038,False
CUST02414,2025-05-12 08:20:55.931186,South,Product B,4477.01,2987.01,0.02,False
CUST02415,2025-05-12 09:39:17.031406,West,Product B,5732.32,3693.73,0.149,False
CUST02416,2025-05-12 10:57:38.131626,South,Product A,,3268.98,0.177,False
CUST02417,2025-05-12 12:15:59.231846,North,Product A,3665.03,2547.18,0.13,False
CUST02418,2025-05-12 13:34:20.332066,North,Product A,5906.34,3738.47,0.029,False
CUST02419,2025-05-12 14:52:41.432286,South,Product C,6648.34,3925.75,0.187,False
CUST02420,2025-05-12 16:11:02.532506,North,Product A,5201.6,2764.68,0.198,False
CUST02421,2025-05-12 17:29:23.632726,North,Product C,5479.27,3323.97,0.087,False
CUST02422,2025-05-12 18:47:44.732946,East,Product B,5829.6,3106.92,0.119,False
CUST02423,2025-05-12 20:06:05.833166,South,Product B,4779.61,2800.37,0.155,False
CUST02424,2025-05-12 21:24:26.933386,North,Product B,5145.82,2993.54,0.147,False
CUST02425,2025-05-12 22:42:48.033606,West,Product B,3948.64,2542.88,0.194,False
CUST02426,2025-05-13 00:01:09.133826,North,Product A,5110.91,2752.1,0.023,False
CUST02427,2025-05-13 01:19:30.234046,West,Product A,5398.49,3586.62,0.116,False
CUST02428,2025-05-13 02:37:51.334266,South,Product C,5412.93,3059.53,0.138,False
CUST02429,2025-05-13 03:56:12.434486,West,Product C,5852.34,3445.84,0.178,False
CUST02430,2025-05-13 05:14:33.534706,East,Product A,4380.16,2866.67,0.175,True
CUST02431,2025-05-13 06:32:54.634926,West,Product B,4573.91,2859.06,0.196,False
CUST02432,2025-05-13 07:51:15.735147,West,Product A,6516.41,3659.65,0.102,False
CUST02433,2025-05-13 09:09:36.835367,North,Product A,4879.74,2816.78,0.166,False
CUST02434,2025-05-13 10:27:57.935587,West,Product A,5160.03,2895.59,0.085,False
CUST02435,2025-05-13 11:46:19.035807,South,Product D,4946.39,3061.59,0.084,False
CUST02436,2025-05-13 13:04:40.136027,South,Product A,4342.66,2460.22,0.051,False
CUST02437,2025-05-13 14:23:01.236247,South,Product A,6298.82,4063.62,0.164,False
CUST02438,2025-05-13 15:41:22.336467,South,Product A,4577.84,2819.75,0.197,False
CUST02439,2025-05-13 16:59:43.436687,North,Product A,4098.17,2168.51,0.051,False
CUST02440,2025-05-13 18:18:04.536907,South,Product C,4639.41,2607.6,0.011,False
CUST02441,2025-05-13 19:36:25.637127,South,Product A,3398.64,1849.84,0.163,False
CUST02442,2025-05-13 20:54:46.737347,East,Product A,4478.97,2589.13,0.124,False
CUST02443,2025-05-13 22:13:07.837567,West,Product C,4225.5,2548.81,0.192,False
CUST02444,2025-05-13 23:31:28.937787,South,Product A,5493.94,3303.8,0.05,True
CUST02445,2025-05-14 00:49:50.038007,South,Product C,4461.27,2903.86,0.014,False
CUST02446,2025-05-14 02:08:11.138227,North,Product B,5710.24,3071.17,0.098,False
CUST02447,2025-05-14 03:26:32.238447,North,Product A,6118.79,4217.65,0.017,False
CUST02448,2025-05-14 04:44:53.338667,North,Product C,5624.94,3198.17,0.052,False
CUST02449,2025-05-14 06:03:14.438887,South,Product A,4827.69,2703.75,0.025,False
CUST02450,2025-05-14 07:21:35.539107,North,Product B,5112.89,3257.09,0.045,False
CUST02451,2025-05-14 08:39:56.639327,West,Product B,3780.01,2498.98,0.021,False
CUST02452,2025-05-14 09:58:17.739547,South,Product A,4892.98,2816.86,0.191,False
CUST02453,2025-05-14 11:16:38.839767,South,Product C,4311.65,2799.85,0.056,False
CUST02454,2025-05-14 12:34:59.939987,South,Product D,5555.46,3759.64,0.089,False
CUST02455,2025-05-14 13:53:21.040208,North,Product D,7058.2,4611.55,0.18,False
CUST02456,2025-05-14 15:11:42.140428,South,Product C,5399.86,2736.86,0.135,False
CUST02457,2025-05-14 16:30:03.240648,East,Product B,3407.09,2267.33,0.124,False
CUST02458,2025-05-14 17:48:24.340868,South,Product A,4711.02,3085.23,0.141,False
CUST02459,2025-05-14 19:06:45.441088,South,Product A,5097.99,3231.4,0.166,False
CUST02460,2025-05-14 20:25:06.541308,West,Product B,5069.89,3305.59,0.176,False
CUST02461,2025-05-14 21:43:27.641528,West,Product B,4415.35,3072.58,0.129,False
CUST02462,2025-05-14 23:01:48.741748,East,Product D,5196.23,3046.15,0.178,False
CUST02463,2025-05-15 00:20:09.841968,South,Product B,4006.0,2056.86,0.107,False
CUST02464,2025-05-15 01:38:30.942188,East,Product B,4244.07,2513.25,0.055,False
CUST02465,2025-05-15 02:56:52.042408,North,Product B,5516.64,2809.55,0.176,False
CUST02466,2025-05-15 04:15:13.142628,South,Product C,4187.47,2340.17,0.108,False
CUST02467,2025-05-15 05:33:34.242848,North,Product C,5430.57,3352.7,0.181,True
CUST02468,2025-05-15 06:51:55.343068,South,Product C,3904.43,2193.99,0.008,False
CUST02469,2025-05-15 08:10:16.443288,South,Product A,6411.86,4084.86,0.08,False
CUST02470,2025-05-15 09:28:37.543508,North,Product C,4380.58,2910.45,0.19,False
CUST02471,2025-05-15 10:46:58.643728,West,Product A,4821.07,2815.93,0.05,True
CUST02472,2025-05-15 12:05:19.743948,West,Product D,5264.49,3580.0,0.188,False
CUST02473,2025-05-15 13:23:40.844168,East,Product B,4547.72,2346.48,0.191,False
CUST02474,2025-05-15 14:42:01.944388,South,Product B,5114.72,3416.75,0.176,False
CUST02475,2025-05-15 16:00:23.044608,West,Product B,5460.29,3634.99,0.113,False
CUST02476,2025-05-15 17:18:44.144828,North,Product C,5768.49,3255.73,0.129,False
CUST02477,2025-05-15 18:37:05.245049,East,Product A,5633.2,3153.14,0.174,False
CUST02478,2025-05-15 19:55:26.345269,North,Product D,4862.55,2727.98,0.155,False
CUST02479,2025-05-15 21:13:47.445489,East,Product B,4882.69,3233.7,0.126,False
CUST02480,2025-05-15 22:32:08.545709,North,Product A,6879.29,4583.88,0.196,False
CUST02481,2025-05-15 23:50:29.645929,West,Product A,5759.91,3259.79,0.137,False
CUST02482,2025-05-16 01:08:50.746149,West,Product B,4262.54,2636.46,0.195,False
CUST02483,2025-05-16 02:27:11.846369,North,Product B,5079.99,2681.15,0.011,False
CUST02484,2025-05-16 03:45:32.946589,South,Product B,4731.89,2809.58,0.028,False
CUST02485,2025-05-16 05:03:54.046809,West,Product C,4891.73,3423.03,0.09,False
CUST02486,2025-05-16 06:22:15.147029,South,Product B,4016.4,2135.79,0.077,False
CUST02487,2025-05-16 07:40:36.247249,West,Product D,4670.46,3220.34,0.157,False
CUST02488,2025-05-16 08:58:57.347469,South,Product B,6449.24,4287.79,0.032,False
CUST02489,2025-05-16 10:17:18.447689,South,Product C,5463.26,3793.92,0.195,False
CUST02490,2025-05-16 11:35:39.547909,North,Product A,3007.07,1611.54,0.063,False
CUST02491,2025-05-16 12:54:00.648129,North,Product B,5973.38,3241.77,0.086,False
CUST02492,2025-05-16 14:12:21.748349,East,Product A,5871.7,2955.66,0.055,False
CUST02493,2025-05-16 15:30:42.848569,South,Product B,4712.57,3039.33,0.116,False
CUST02494,2025-05-16 16:49:03.948789,South,Product D,5573.81,3504.92,0.012,False
CUST02495,2025-05-16 18:07:25.049009,South,Product A,4312.48,2309.82,0.03,False
CUST02496,2025-05-16 19:25:46.149229,South,Product A,4623.8,3043.52,0.149,False
CUST02497,2025-05-16 20:44:07.249449,West,Product D,6198.84,3470.35,0.037,False
CUST02498,2025-05-16 22:02:28.349669,West,Product A,4782.62,2520.43,0.047,False
CUST02499,2025-05-16 23:20:49.449889,South,Product C,3504.21,2048.26,0.159,False
CUST02500,2025-05-17 00:39:10.550110,West,Product B,4949.36,2564.73,0.019,False
CUST02501,2025-05-17 01:57:31.650330,East,Product C,4937.13,2728.5,0.087,False
CUST02502,2025-05-17 03:15:52.750550,South,Product A,5958.69,3421.88,0.005,False
CUST02503,2025-05-17 04:34:13.850770,West,Product A,5011.47,3359.55,0.069,False
CUST02504,2025-05-17 05:52:34.950990,North,Product B,4662.73,3070.46,0.14,False
CUST02505,2025-05-17 07:10:56.051210,North,Product D,5836.04,3434.81,0.018,False
CUST02506,2025-05-17 08:29:17.151430,West,Product B,5096.63,3286.89,0.178,False
CUST02507,2025-05-17 09:47:38.251650,South,Product A,4399.98,2700.4,0.182,False
CUST02508,2025-05-17 11:05:59.351870,West,Product C,5924.0,3365.83,0.021,False
CUST02509,2025-05-17 12:24:20.452090,West,Product D,5154.93,3325.83,0.198,False
CUST02510,2025-05-17 13:42:41.552310,North,Product C,5002.34,3184.99,0.06,False
CUST02511,2025-05-17 15:01:02.652530,West,Product D,5142.33,3207.88,0.017,False
CUST02512,2025-05-17 16:19:23.752750,South,Product A,4143.47,2583.83,0.001,False
CUST02513,2025-05-17 17:37:44.852970,South,Product A,,2914.26,0.082,False
CUST02514,2025-05-17 18:56:05.953190,East,Product C,5002.87,2886.2,0.126,False
CUST02515,2025-05-17 20:14:27.053410,West,Product C,4844.27,3264.14,0.066,False
CUST02516,2025-05-17 21:32:48.153630,North,Product A,6017.94,3204.32,0.167,False
CUST02517,2025-05-17 22:51:09.253850,South,Product A,5173.92,3501.59,0.143,True
CUST02518,2025-05-18 00:09:30.354070,East,Product C,5683.92,3231.06,0.07,False
CUST02519,2025-05-18 01:27:51.454290,East,Product A,5007.52,2628.98,0.147,False
CUST02520,2025-05-18 02:46:12.554510,East,Product B,-5845.03,3623.95,0.188,False
CUST02521,2025-05-18 04:04:33.654730,North,Product B,5318.02,3058.91,0.019,False
CUST02522,2025-05-18 05:22:54.754950,North,Product B,5010.74,3322.62,0.061,False
CUST02523,2025-05-18 06:41:15.855171,South,Product C,4989.37,2924.56,0.093,False
CUST02524,2025-05-18 07:59:36.955391,West,Product B,4236.45,2684.69,0.1,False
CUST02525,2025-05-18 09:17:58.055611,North,Product C,5405.53,3036.03,0.108,False
CUST02526,2025-05-18 10:36:19.155831,North,Product B,4967.84,2692.02,0.06,False
CUST02527,2025-05-18 11:54:40.256051,West,Product B,4598.41,2656.08,0.133,False
CUST02528,2025-05-18 13:13:01.356271,North,Product C,5885.17,3656.82,0.129,False
CUST02529,2025-05-18 14:31:22.456491,West,Product A,3999.83,2525.45,0.116,False
CUST02530,2025-05-18 15:49:43.556711,East,Product A,4662.0,2870.12,0.023,False
CUST02531,2025-05-18 17:08:04.656931,West,Product A,5822.17,4061.61,0.095,False
CUST02532,2025-05-18 18:26:25.757151,North,Product A,5252.42,3352.19,0.071,True
CUST02533,2025-05-18 19:44:46.857371,North,Product B,4961.71,3405.24,0.098,False
CUST02534,2025-05-18 21:03:07.957591,East,Product C,5200.8,2723.07,0.184,False
CUST02535,2025-05-18 22:21:29.057811,West,Product C,5143.53,2634.9,0.096,False
CUST02536,2025-05-18 23:39:50.158031,East,Product C,3786.67,2128.86,0.003,False
CUST02537,2025-05-19 00:58:11.258251,North,Product B,4720.59,2489.25,0.088,False
CUST02538,2025-05-19 02:16:32.358471,East,Product B,6293.22,3808.49,0.164,False
CUST02539,2025-05-19 03:34:53.458691,East,Product B,4472.54,2700.5,0.156,False
CUST02540,2025-05-19 04:53:14.558911,East,Product A,4745.36,2918.44,0.103,False
CUST02541,2025-05-19 06:11:35.659131,East,Product A,4566.7,2964.0,0.05,False
CUST02542,2025-05-19 07:29:56.759351,West,Product B,4930.39,3423.0,0.093,False
CUST02543,2025-05-19 08:48:17.859571,East,Product D,4533.5,3063.07,0.113,True
CUST02544,2025-05-19 10:06:38.959791,North,Product A,5389.39,2822.28,0.2,False
CUST02545,2025-05-19 11:25:00.060012,South,Product A,5157.85,2928.13,0.129,False
CUST02546,2025-05-19 12:43:21.160232,North,Product C,5618.84,3096.9,0.139,False
CUST02547,2025-05-19 14:01:42.260452,South,Product A,4159.25,2226.71,0.098,False
CUST02548,2025-05-19 15:20:03.360672,South,Product C,4727.73,2878.93,0.071,False
CUST02549,2025-05-19 16:38:24.460892,North,Product C,4819.42,2942.99,0.163,False
CUST02550,2025-05-19 17:56:45.561112,South,Product D,5364.52,2926.07,0.099,False
CUST02551,2025-05-19 19:15:06.661332,North,Product B,4365.42,2804.26,0.199,False
CUST02552,2025-05-19 20:33:27.761552,West,Product C,5732.52,3706.55,0.091,False
CUST02553,2025-05-19 21:51:48.861772,West,Product B,5949.13,2999.53,0.014,False
CUST02554,2025-05-19 23:10:09.961992,North,Product C,4208.9,2437.59,0.137,False
CUST02555,2025-05-20 00:28:31.062212,West,Product B,4607.3,3123.88,0.009,False
CUST02556,2025-05-20 01:46:52.162432,South,Product A,4574.45,2763.26,0.05,False
CUST02557,2025-05-20 03:05:13.262652,North,Product B,7105.91,4047.0,0.071,False
CUST02558,2025-05-20 04:23:34.362872,North,Product B,4656.08,2564.27,0.148,False
CUST02559,2025-05-20 05:41:55.463092,South,Product C,6342.1,3479.73,0.099,False
CUST02560,2025-05-20 07:00:16.563312,East,Product C,3986.69,2072.9,0.006,False
CUST02561,2025-05-20 08:18:37.663532,East,Product C,4208.28,2791.96,0.123,False
CUST02562,2025-05-20 09:36:58.763752,North,Product A,4450.72,2302.5,0.082,False
CUST02563,2025-05-20 10:55:19.863972,North,Product C,4323.45,2414.47,0.184,False
CUST02564,2025-05-20 12:13:40.964192,South,Product B,4785.68,2436.56,0.1,False
CUST02565,2025-05-20 13:32:02.064412,North,Product D,4432.98,2909.26,0.142,True
CUST02566,2025-05-20 14:50:23.164632,North,Product D,4344.53,2206.4,0.044,False
CUST02567,2025-05-20 16:08:44.264852,North,Product A,5926.78,3328.84,0.152,False
CUST02568,2025-05-20 17:27:05.365073,West,Product C,5979.03,3675.07,0.144,False
CUST02569,2025-05-20 18:45:26.465293,West,Product A,5759.44,3351.49,0.181,False
CUST02570,2025-05-20 20:03:47.565513,South,Product B,5419.2,3015.54,0.007,False
CUST02571,2025-05-20 21:22:08.665733,West,Product B,5074.19,2816.37,0.09,False
CUST02572,2025-05-20 22:40:29.765953,South,Product A,4602.38,3035.53,0.136,False
CUST02573,2025-05-20 23:58:50.866173,South,Product C,4237.47,2944.18,0.019,False
CUST02574,2025-05-21 01:17:11.966393,North,Product A,5290.4,3013.45,0.082,False
CUST02575,2025-05-21 02:35:33.066613,East,Product A,4061.1,2062.34,0.188,False
CUST02576,2025-05-21 03:53:54.166833,West,Product B,4204.86,2133.18,0.087,False
CUST02577,2025-05-21 05:12:15.267053,East,Product C,5922.33,3860.43,0.197,False
CUST02578,2025-05-21 06:30:36.367273,South,Product D,6520.52,3980.61,0.011,False
CUST02579,2025-05-21 07:48:57.467493,East,Product C,5314.64,3490.22,0.144,False
CUST02580,2025-05-21 09:07:18.567713,North,Product C,5885.17,3763.56,0.116,False
CUST02581,2025-05-21 10:25:39.667933,West,Product B,4803.32,3273.47,0.1,False
CUST02582,2025-05-21 11:44:00.768153,South,Product A,3929.86,2661.16,0.194,False
CUST02583,2025-05-21 13:02:21.868373,South,Product A,5489.74,3610.41,0.026,False
CUST02584,2025-05-21 14:20:42.968593,South,Product B,5455.43,3246.19,0.179,False
CUST02585,2025-05-21 15:39:04.068813,East,Product C,5057.33,2840.33,0.138,False
CUST02586,2025-05-21 16:57:25.169033,North,Product B,4806.1,2890.41,0.052,False
CUST02587,2025-05-21 18:15:46.269253,East,Product C,5769.77,3464.25,0.18,False
CUST02588,2025-05-21 19:34:07.369473,North,Product B,4211.41,2619.73,0.086,False
CUST02589,2025-05-21 20:52:28.469693,East,Product A,4380.98,2353.55,0.163,False
CUST02590,2025-05-21 22:10:49.569913,West,Product A,4193.51,2646.63,0.078,False
CUST02591,2025-05-21 23:29:10.670134,West,Product C,5067.98,2996.8,0.17,False
CUST02592,2025-05-22 00:47:31.770354,South,Product C,4129.69,2577.09,0.127,False
CUST02593,2025-05-22 02:05:52.870574,South,Product D,4452.61,2439.68,0.028,False
CUST02594,2025-05-22 03:24:13.970794,North,Product A,4435.4,2603.04,0.13,False
CUST02595,2025-05-22 04:42:35.071014,East,Product D,4791.51,2597.19,0.038,False
CUST02596,2025-05-22 06:00:56.171234,North,Product A,3810.1,2572.05,0.082,False
CUST02597,2025-05-22 07:19:17.271454,South,Product A,5069.76,3029.65,0.034,False
CUST02598,2025-05-22 08:37:38.371674,North,Product D,5997.84,3268.8,0.004,False
CUST02599,2025-05-22 09:55:59.471894,North,Product A,5108.39,2596.3,0.042,False
CUST02600,2025-05-22 11:14:20.572114,East,Product C,6233.06,3958.91,0.107,False
CUST02601,2025-05-22 12:32:41.672334,North,Product A,6067.2,3294.06,0.096,False
CUST02602,2025-05-22 13:51:02.772554,East,Product B,5622.19,3923.82,0.1,False
CUST02603,2025-05-22 15:09:23.872774,South,Product D,5059.75,3069.95,0.05,False
CUST02604,2025-05-22 16:27:44.972994,North,Product A,5018.0,2799.02,0.137,False
CUST02605,2025-05-22 17:46:06.073214,South,Product C,5611.04,3543.57,0.141,False
CUST02606,2025-05-22 19:04:27.173434,North,Product A,4686.66,2601.3,0.072,True
CUST02607,2025-05-22 20:22:48.273654,North,Product C,3493.98,2320.2,0.176,False
CUST02608,2025-05-22 21:41:09.373874,East,Product A,5393.6,3029.3,0.129,False
CUST02609,2025-05-22 22:59:30.474094,North,Product A,4095.15,2856.98,0.143,False
CUST02610,2025-05-23 00:17:51.574314,West,Product A,4230.29,2627.13,0.055,False
CUST02611,2025-05-23 01:36:12.674534,North,Product A,5000.18,3344.53,0.0,False
CUST02612,2025-05-23 02:54:33.774754,North,Product D,4923.9,2533.66,0.173,False
CUST02613,2025-05-23 04:12:54.874974,East,Product B,3870.34,2204.78,0.164,False
CUST02614,2025-05-23 05:31:15.975195,South,Product A,5132.39,3323.21,0.025,False
CUST02615,2025-05-23 06:49:37.075415,North,Product B,5772.91,3642.78,0.075,True
CUST02616,2025-05-23 08:07:58.175635,South,Product A,4097.33,2207.84,0.132,False
CUST02617,2025-05-23 09:26:19.275855,North,Product C,6017.99,3437.72,0.13,False
CUST02618,2025-05-23 10:44:40.376075,West,Product D,3751.86,2073.61,0.172,False
CUST02619,2025-05-23 12:03:01.476295,South,Product B,6693.86,4168.09,0.028,False
CUST02620,2025-05-23 13:21:22.576515,East,Product D,4670.99,2657.39,0.086,True
CUST02621,2025-05-23 14:39:43.676735,West,Product B,5116.49,2874.5,0.019,False
CUST02622,2025-05-23 15:58:04.776955,South,Product A,3486.37,1887.79,0.078,False
CUST02623,2025-05-23 17:16:25.877175,West,Product C,4950.29,2880.11,0.003,False
CUST02624,2025-05-23 18:34:46.977395,South,Product B,5182.79,2794.04,0.18,False
CUST02625,2025-05-23 19:53:08.077615,West,Product C,4931.07,3414.83,0.105,False
CUST02626,2025-05-23 21:11:29.177835,North,Product D,4549.54,2415.35,0.17,False
CUST02627,2025-05-23 22:29:50.278055,East,Product B,4242.75,2896.36,0.012,False
CUST02628,2025-05-23 23:48:11.378275,South,Product D,5904.42,3458.19,0.045,False
CUST02629,2025-05-24 01:06:32.478495,South,Product C,5024.65,2892.05,0.052,False
CUST02630,2025-05-24 02:24:53.578715,East,Product B,6232.6,3404.65,0.077,False
CUST02631,2025-05-24 03:43:14.678935,East,Product C,4578.81,2871.61,0.161,False
CUST02632,2025-05-24 05:01:35.779155,North,Product A,4652.16,2963.92,0.077,False
CUST02633,2025-05-24 06:19:56.879375,North,Product D,5652.48,3354.82,0.041,False
CUST02634,2025-05-24 07:38:17.979595,East,Product C,3701.62,1892.05,0.013,False
CUST02635,2025-05-24 08:56:39.079815,East,Product A,4029.23,2754.79,0.016,False
CUST02636,2025-05-24 10:15:00.180036,West,Product A,5877.99,4091.47,0.152,False
CUST02637,2025-05-24 11:33:21.280256,East,Product C,4062.45,2381.45,0.089,False
CUST02638,2025-05-24 12:51:42.380476,West,Product A,3544.76,2207.44,0.145,False
CUST02639,2025-05-24 14:10:03.480696,East,Product A,6494.82,3832.33,0.136,False
CUST02640,2025-05-24 15:28:24.580916,North,Product B,3884.95,2192.57,0.027,False
CUST02641,2025-05-24 16:46:45.681136,North,Product A,5147.3,2653.24,0.029,True
CUST02642,2025-05-24 18:05:06.781356,East,Product B,5055.27,2988.74,0.151,False
CUST02643,2025-05-24 19:23:27.881576,East,Product A,-2751.5,1826.11,0.144,False
CUST02644,2025-05-24 20:41:48.981796,North,Product A,4786.15,2409.38,0.076,False
CUST02645,2025-05-24 22:00:10.082016,South,Product C,5358.73,3303.24,0.015,False
CUST02646,2025-05-24 23:18:31.182236,West,Product B,5283.45,3572.43,0.002,False
CUST02647,2025-05-25 00:36:52.282456,South,Product A,5722.82,3110.41,0.058,False
CUST02648,2025-05-25 01:55:13.382676,South,Product A,4690.01,2516.9,0.002,False
CUST02649,2025-05-25 03:13:34.482896,South,Product B,5570.0,3645.32,0.046,False
CUST02650,2025-05-25 04:31:55.583116,North,Product A,4448.54,2451.22,0.084,False
CUST02651,2025-05-25 05:50:16.683336,South,Product A,3871.63,2084.47,0.024,False
CUST02652,2025-05-25 07:08:37.783556,South,Product A,3961.82,2280.41,0.021,False
CUST02653,2025-05-25 08:26:58.883776,North,Product C,3830.31,2215.84,0.179,False
CUST02654,2025-05-25 09:45:19.983996,East,Product C,5807.67,3919.13,0.117,False
CUST02655,2025-05-25 11:03:41.084216,South,Product C,3788.34,2362.75,0.187,False
CUST02656,2025-05-25 12:22:02.184436,West,Product C,-5219.23,3033.38,0.069,False
CUST02657,2025-05-25 13:40:23.284656,West,Product C,4787.26,2905.28,0.135,False
CUST02658,2025-05-25 14:58:44.384876,North,Product B,4917.88,3397.24,0.041,False
CUST02659,2025-05-25 16:17:05.485097,East,Product C,6090.89,3183.36,0.124,False
CUST02660,2025-05-25 17:35:26.585317,South,Product A,4649.26,2517.77,0.026,False
CUST02661,2025-05-25 18:53:47.685537,West,Product C,5489.28,3801.36,0.0,False
CUST02662,2025-05-25 20:12:08.785757,North,Product C,5030.05,3478.1,0.186,False
CUST02663,2025-05-25 21:30:29.885977,East,Product B,4878.38,2612.05,0.111,False
CUST02664,2025-05-25 22:48:50.986197,East,Product B,6839.98,3618.5,0.185,False
CUST02665,2025-05-26 00:07:12.086417,North,Product A,3846.93,2247.44,0.067,False
CUST02666,2025-05-26 01:25:33.186637,North,Product C,6031.31,3075.63,0.066,False
CUST02667,2025-05-26 02:43:54.286857,East,Product C,5525.13,3486.25,0.08,False
CUST02668,2025-05-26 04:02:15.387077,East,Product D,4616.38,2379.74,0.141,False
CUST02669,2025-05-26 05:20:36.487297,South,Product A,6303.45,3224.88,0.113,False
CUST02670,2025-05-26 06:38:57.587517,East,Product C,3521.51,2102.47,0.185,False
CUST02671,2025-05-26 07:57:18.687737,South,Product B,4582.59,3169.12,0.005,False
CUST02672,2025-05-26 09:15:39.787957,East,Product D,4033.21,2360.88,0.142,False
CUST02673,2025-05-26 10:34:00.888177,North,Product B,5329.67,3044.82,0.066,False
CUST02674,2025-05-26 11:52:21.988397,West,Product B,4109.55,2875.0,0.036,False
CUST02675,2025-05-26 13:10:43.088617,North,Product B,5346.45,3242.05,0.102,False
CUST02676,2025-05-26 14:29:04.188837,South,Product C,4850.85,2789.47,0.101,False
CUST02677,2025-05-26 15:47:25.289057,North,Product D,4616.52,2664.53,0.027,False
CUST02678,2025-05-26 17:05:46.389277,North,Product A,5310.92,2862.54,0.04,False
CUST02679,2025-05-26 18:24:07.489497,South,Product A,4785.1,2882.76,0.082,False
CUST02680,2025-05-26 19:42:28.589717,North,Product D,4129.09,2426.96,0.082,False
CUST02681,2025-05-26 21:00:49.689937,West,Product B,7241.1,4012.72,0.064,True
CUST02682,2025-05-26 22:19:10.790158,North,Product C,4610.27,2453.16,0.03,False
CUST02683,2025-05-26 23:37:31.890378,South,Product B,3225.91,1813.76,0.001,False
CUST02684,2025-05-27 00:55:52.990598,South,Product A,4326.32,2603.31,0.194,False
CUST02685,2025-05-27 02:14:14.090818,North,Product C,3986.18,2039.59,0.189,False
CUST02686,2025-05-27 03:32:35.191038,North,Product C,5660.92,3004.52,0.097,False
CUST02687,2025-05-27 04:50:56.291258,South,Product A,5257.32,3625.09,0.199,False
CUST02688,2025-05-27 06:09:17.391478,South,Product A,5318.97,3236.97,0.135,False
CUST02689,2025-05-27 07:27:38.491698,South,Product C,4703.98,2411.68,0.014,True
CUST02690,2025-05-27 08:45:59.591918,South,Product A,4776.52,3050.37,0.024,False
CUST02691,2025-05-27 10:04:20.692138,South,Product D,4703.26,2409.76,0.183,False
CUST02692,2025-05-27 11:22:41.792358,North,Product A,4935.05,3196.8,0.126,False
CUST02693,2025-05-27 12:41:02.892578,South,Product B,5668.27,3684.33,0.169,False
CUST02694,2025-05-27 13:59:23.992798,West,Product D,5268.86,3320.52,0.18,False
CUST02695,2025-05-27 15:17:45.093018,South,Product C,5400.09,3490.84,0.09,False
CUST02696,2025-05-27 16:36:06.193238,East,Product B,5399.65,2794.82,0.01,False
CUST02697,2025-05-27 17:54:27.293458,South,Product C,5707.55,3683.4,0.038,False
CUST02698,2025-05-27 19:12:48.393678,East,Product A,5230.52,2758.25,0.013,False
CUST02699,2025-05-27 20:31:09.493898,East,Product A,5287.08,3002.54,0.038,False
CUST02700,2025-05-27 21:49:30.594118,South,Product D,5951.04,4097.59,0.082,False
CUST02701,2025-05-27 23:07:51.694338,West,Product C,,2683.35,0.024,False
CUST02702,2025-05-28 00:26:12.794558,North,Product C,4315.41,2992.67,0.033,False
CUST02703,2025-05-28 01:44:33.894778,North,Product B,4051.26,2097.68,0.089,False
CUST02704,2025-05-28 03:02:54.994999,East,Product A,5146.33,3064.7,0.068,False
CUST02705,2025-05-28 04:21:16.095219,West,Product A,3517.01,1802.4,0.094,True
CUST02706,2025-05-28 05:39:37.195439,North,Product B,5369.72,3361.67,0.086,False
CUST02707,2025-05-28 06:57:58.295659,North,Product C,4912.65,2533.65,0.129,False
CUST02708,2025-05-28 08:16:19.395879,North,Product B,5907.71,3161.06,0.187,False
CUST02709,2025-05-28 09:34:40.496099,North,Product C,4462.47,2462.24,0.022,False
CUST02710,2025-05-28 10:53:01.596319,East,Product A,4837.35,3143.06,0.02,False
CUST02711,2025-05-28 12:11:22.696539,South,Product B,5897.76,3142.28,0.171,False
CUST02712,2025-05-28 13:29:43.796759,South,Product A,6106.51,4087.25,0.101,False
CUST02713,2025-05-28 14:48:04.896979,South,Product B,4455.88,2345.49,0.153,False
CUST02714,2025-05-28 16:06:25.997199,North,Product A,5145.42,2608.98,0.043,False
CUST02715,2025-05-28 17:24:47.097419,North,Product D,5235.54,3031.42,0.166,False
CUST02716,2025-05-28 18:43:08.197639,East,Product A,5298.92,3687.46,0.185,False
CUST02717,2025-05-28 20:01:29.297859,West,Product D,,2500.68,0.127,False
CUST02718,2025-05-28 21:19:50.398079,West,Product B,6025.11,3135.13,0.021,False
CUST02719,2025-05-28 22:38:11.498299,North,Product D,3488.24,2268.17,0.179,False
CUST02720,2025-05-28 23:56:32.598519,West,Product B,4663.1,2622.68,0.158,False
CUST02721,2025-05-29 01:14:53.698739,East,Product D,,3447.86,0.15,False
CUST02722,2025-05-29 02:33:14.798959,East,Product A,5365.78,2897.53,0.007,False
CUST02723,2025-05-29 03:51:35.899179,South,Product C,6082.21,3600.75,0.16,False
CUST02724,2025-05-29 05:09:56.999399,South,Product D,5958.58,3295.44,0.028,False
CUST02725,2025-05-29 06:28:18.099619,South,Product A,4771.57,2816.68,0.044,False
CUST02726,2025-05-29 07:46:39.199839,North,Product A,6039.9,3949.0,0.115,False
CUST02727,2025-05-29 09:05:00.300060,North,Product B,4428.77,2889.34,0.053,False
CUST02728,2025-05-29 10:23:21.400280,North,Product D,5744.71,3464.95,0.132,False
CUST02729,2025-05-29 11:41:42.500500,South,Product B,6448.42,4421.51,0.122,False
CUST02730,2025-05-29 13:00:03.600720,East,Product B,5971.96,3301.04,0.022,False
CUST02731,2025-05-29 14:18:24.700940,South,Product A,5084.62,2786.69,0.131,False
CUST02732,2025-05-29 15:36:45.801160,North,Product A,4734.58,2948.51,0.185,False
CUST02733,2025-05-29 16:55:06.901380,West,Product C,3777.13,2357.91,0.032,False
CUST02734,2025-05-29 18:13:28.001600,West,Product A,5248.43,2673.07,0.119,False
CUST02735,2025-05-29 19:31:49.101820,East,Product C,,2553.24,0.068,False
CUST02736,2025-05-29 20:50:10.202040,West,Product D,4365.49,2509.67,0.092,False
CUST02737,2025-05-29 22:08:31.302260,South,Product A,4047.4,2628.74,0.057,False
CUST02738,2025-05-29 23:26:52.402480,West,Product C,4631.69,3064.42,0.071,False
CUST02739,2025-05-30 00:45:13.502700,North,Product A,4977.62,3038.5,0.006,False
CUST02740,2025-05-30 02:03:34.602920,South,Product C,5218.89,2611.23,0.196,False
CUST02741,2025-05-30 03:21:55.703140,North,Product A,4519.59,2835.02,0.125,False
CUST02742,2025-05-30 04:40:16.803360,North,Product C,5855.43,3804.72,0.1,False
CUST02743,2025-05-30 05:58:37.903580,North,Product A,4833.44,2657.41,0.077,False
CUST02744,2025-05-30 07:16:59.003800,East,Product B,4369.82,2591.0,0.108,False
CUST02745,2025-05-30 08:35:20.104020,East,Product B,5181.03,3591.21,0.076,False
CUST02746,2025-05-30 09:53:41.204240,South,Product A,6570.84,3677.2,0.072,False
CUST02747,2025-05-30 11:12:02.304460,North,Product C,5268.13,2869.18,0.093,True
CUST02748,2025-05-30 12:30:23.404680,West,Product A,4709.72,2553.47,0.055,False
CUST02749,2025-05-30 13:48:44.504900,East,Product C,3778.03,2311.25,0.036,False
CUST02750,2025-05-30 15:07:05.605121,South,Product A,4824.47,3328.68,0.111,False
CUST02751,2025-05-30 16:25:26.705341,East,Product C,5187.94,3225.54,0.169,False
CUST02752,2025-05-30 17:43:47.805561,North,Product A,4689.94,2629.48,0.031,False
CUST02753,2025-05-30 19:02:08.905781,South,Product B,3667.69,2302.26,0.007,True
CUST02754,2025-05-30 20:20:30.006001,West,Product A,4319.55,2699.58,0.049,False
CUST02755,2025-05-30 21:38:51.106221,North,Product C,,3817.66,0.196,False
CUST02756,2025-05-30 22:57:12.206441,South,Product A,6147.2,3269.61,0.166,False
CUST02757,2025-05-31 00:15:33.306661,West,Product D,4290.69,2689.89,0.119,False
CUST02758,2025-05-31 01:33:54.406881,East,Product D,5538.21,3245.57,0.186,False
CUST02759,2025-05-31 02:52:15.507101,North,Product A,4057.14,2043.66,0.089,False
CUST02760,2025-05-31 04:10:36.607321,North,Product C,6123.45,3722.77,0.197,False
CUST02761,2025-05-31 05:28:57.707541,North,Product A,5196.19,3626.18,0.059,False
CUST02762,2025-05-31 06:47:18.807761,East,Product B,5759.71,3282.74,0.048,False
CUST02763,2025-05-31 08:05:39.907981,South,Product C,3627.93,2514.56,0.128,False
CUST02764,2025-05-31 09:24:01.008201,North,Product C,,2877.69,0.076,False
CUST02765,2025-05-31 10:42:22.108421,West,Product C,4993.86,3228.48,0.125,False
CUST02766,2025-05-31 12:00:43.208641,South,Product A,5681.54,2970.69,0.061,False
CUST02767,2025-05-31 13:19:04.308861,North,Product B,5731.89,3179.56,0.124,False
CUST02768,2025-05-31 14:37:25.409081,South,Product A,5052.63,3103.16,0.055,False
CUST02769,2025-05-31 15:55:46.509301,East,Product C,4519.34,2795.46,0.01,False
CUST02770,2025-05-31 17:14:07.609521,North,Product B,5623.76,3683.8,0.182,False
CUST02771,2025-05-31 18:32:28.709741,North,Product C,4951.88,3085.33,0.177,False
CUST02772,2025-05-31 19:50:49.809961,West,Product A,4301.77,2661.61,0.194,False
CUST02773,2025-05-31 21:09:10.910182,South,Product A,4263.88,2909.97,0.143,False
CUST02774,2025-05-31 22:27:32.010402,South,Product A,3818.27,2254.43,0.137,False
CUST02775,2025-05-31 23:45:53.110622,South,Product A,,2502.76,0.112,False
CUST02776,2025-06-01 01:04:14.210842,North,Product A,5882.15,3131.41,0.025,False
CUST02777,2025-06-01 02:22:35.311062,North,Product C,5142.26,2982.51,0.038,False
CUST02778,2025-06-01 03:40:56.411282,South,Product D,4576.19,2940.43,0.058,False
CUST02779,2025-06-01 04:59:17.511502,North,Product B,5643.88,2869.96,0.178,False
CUST02780,2025-06-01 06:17:38.611722,North,Product B,4334.02,2278.87,0.035,False
CUST02781,2025-06-01 07:35:59.711942,West,Product A,5076.28,2645.87,0.185,False
CUST02782,2025-06-01 08:54:20.812162,West,Product D,-4856.3,2996.58,0.105,False
CUST02783,2025-06-01 10:12:41.912382,East,Product A,5623.3,3084.79,0.143,False
CUST02784,2025-06-01 11:31:03.012602,West,Product D,3738.22,1993.41,0.022,False
CUST02785,2025-06-01 12:49:24.112822,North,Product B,4319.84,2672.06,0.054,False
CUST02786,2025-06-01 14:07:45.213042,West,Product A,3689.4,2406.46,0.192,True
CUST02787,2025-06-01 15:26:06.313262,North,Product D,4792.32,2714.52,0.053,False
CUST02788,2025-06-01 16:44:27.413482,West,Product A,5969.14,3674.85,0.059,False
CUST02789,2025-06-01 18:02:48.513702,West,Product B,4595.64,2388.01,0.04,False
CUST02790,2025-06-01 19:21:09.613922,East,Product B,4591.45,3154.5,0.026,False
CUST02791,2025-06-01 20:39:30.714142,West,Product A,5697.38,3232.57,0.047,False
CUST02792,2025-06-01 21:57:51.814362,South,Product B,5854.84,4095.47,0.128,False
CUST02793,2025-06-01 23:16:12.914582,North,Product C,4929.14,3429.29,0.091,False
CUST02794,2025-06-02 00:34:34.014802,South,Product C,5547.77,3638.03,0.111,False
CUST02795,2025-06-02 01:52:55.115023,South,Product A,4138.44,2085.83,0.024,False
CUST02796,2025-06-02 03:11:16.215243,North,Product D,6102.38,3714.49,0.16,False
CUST02797,2025-06-02 04:29:37.315463,East,Product A,6718.97,3476.17,0.157,False
CUST02798,2025-06-02 05:47:58.415683,West,Product A,5416.97,3678.27,0.004,False
CUST02799,2025-06-02 07:06:19.515903,North,Product A,3332.53,2192.57,0.077,False
CUST02800,2025-06-02 08:24:40.616123,East,Product A,4553.42,3162.2,0.014,False
CUST02801,2025-06-02 09:43:01.716343,West,Product A,5490.26,3413.17,0.158,False
CUST02802,2025-06-02 11:01:22.816563,West,Product D,4662.81,2818.37,0.147,False
CUST02803,2025-06-02 12:19:43.916783,West,Product A,6017.76,3633.49,0.18,False
CUST02804,2025-06-02 13:38:05.017003,South,Product A,5470.53,3158.08,0.047,False
CUST02805,2025-06-02 14:56:26.117223,West,Product A,4434.82,2633.12,0.091,False
CUST02806,2025-06-02 16:14:47.217443,East,Product C,5025.81,3151.6,0.037,False
CUST02807,2025-06-02 17:33:08.317663,North,Product D,4284.93,2941.99,0.074,False
CUST02808,2025-06-02 18:51:29.417883,South,Product A,4853.93,3005.44,0.104,False
CUST02809,2025-06-02 20:09:50.518103,East,Product A,4556.33,3059.22,0.011,False
CUST02810,2025-06-02 21:28:11.618323,North,Product A,-5939.81,3994.85,0.143,False
CUST02811,2025-06-02 22:46:32.718543,East,Product A,6692.81,4040.89,0.109,False
CUST02812,2025-06-03 00:04:53.818763,East,Product A,3855.05,2195.43,0.166,False
CUST02813,2025-06-03 01:23:14.918983,North,Product B,3461.43,2173.48,0.054,False
CUST02814,2025-06-03 02:41:36.019203,South,Product A,4803.86,2830.32,0.181,False
CUST02815,2025-06-03 03:59:57.119423,East,Product B,3785.27,1954.29,0.2,False
CUST02816,2025-06-03 05:18:18.219643,South,Product A,5036.97,2899.09,0.184,False
CUST02817,2025-06-03 06:36:39.319863,North,Product D,5599.15,3912.77,0.156,False
CUST02818,2025-06-03 07:55:00.420084,North,Product D,6195.31,3157.77,0.162,False
CUST02819,2025-06-03 09:13:21.520304,South,Product B,5161.12,3299.67,0.115,False
CUST02820,2025-06-03 10:31:42.620524,West,Product B,4845.48,3237.93,0.038,False
CUST02821,2025-06-03 11:50:03.720744,North,Product B,3417.29,2152.02,0.135,False
CUST02822,2025-06-03 13:08:24.820964,East,Product B,5020.95,3082.61,0.143,False
CUST02823,2025-06-03 14:26:45.921184,North,Product C,5057.03,3244.14,0.197,False
CUST02824,2025-06-03 15:45:07.021404,South,Product B,5511.17,3228.82,0.108,False
CUST02825,2025-06-03 17:03:28.121624,West,Product D,4433.21,2297.61,0.054,False
CUST02826,2025-06-03 18:21:49.221844,East,Product D,4651.96,3221.36,0.137,False
CUST02827,2025-06-03 19:40:10.322064,North,Product A,3817.6,2238.87,0.196,False
CUST02828,2025-06-03 20:58:31.422284,South,Product B,3166.97,2004.94,0.035,False
CUST02829,2025-06-03 22:16:52.522504,North,Product A,4113.2,2493.68,0.065,False
CUST02830,2025-06-03 23:35:13.622724,South,Product A,3743.74,1912.81,0.108,False
CUST02831,2025-06-04 00:53:34.722944,East,Product B,5269.37,3638.76,0.034,False
CUST02832,2025-06-04 02:11:55.823164,North,Product A,4585.49,3019.58,0.004,False
CUST02833,2025-06-04 03:30:16.923384,North,Product D,4569.41,2420.96,0.067,False
CUST02834,2025-06-04 04:48:38.023604,South,Product A,4212.47,2933.27,0.173,False
CUST02835,2025-06-04 06:06:59.123824,West,Product B,2413.95,1562.74,0.009,False
CUST02836,2025-06-04 07:25:20.224044,West,Product C,6206.65,3689.63,0.086,False
CUST02837,2025-06-04 08:43:41.324264,North,Product C,4199.78,2613.42,0.152,False
CUST02838,2025-06-04 10:02:02.424484,East,Product B,4670.06,2434.73,0.191,False
CUST02839,2025-06-04 11:20:23.524704,South,Product D,3836.09,2348.0,0.197,False
CUST02840,2025-06-04 12:38:44.624924,South,Product B,5777.54,2973.89,0.084,True
CUST02841,2025-06-04 13:57:05.725145,East,Product B,5114.74,3114.73,0.19,False
CUST02842,2025-06-04 15:15:26.825365,West,Product A,4338.91,2649.07,0.007,False
CUST02843,2025-06-04 16:33:47.925585,West,Product B,4686.22,3162.67,0.149,False
CUST02844,2025-06-04 17:52:09.025805,South,Product C,6342.54,4091.01,0.129,False
CUST02845,2025-06-04 19:10:30.126025,South,Product C,4941.62,2717.45,0.05,False
CUST02846,2025-06-04 20:28:51.226245,East,Product C,4854.61,3289.9,0.101,False
CUST02847,2025-06-04 21:47:12.326465,North,Product B,4246.89,2610.35,0.026,True
CUST02848,2025-06-04 23:05:33.426685,South,Product A,3484.34,2164.73,0.174,False
CUST02849,2025-06-05 00:23:54.526905,South,Product A,4871.97,2600.64,0.072,False
CUST02850,2025-06-05 01:42:15.627125,East,Product A,5260.39,3532.64,0.125,False
CUST02851,2025-06-05 03:00:36.727345,North,Product C,5879.67,4034.59,0.032,False
CUST02852,2025-06-05 04:18:57.827565,North,Product C,3201.2,2096.78,0.041,False
CUST02853,2025-06-05 05:37:18.927785,West,Product A,4099.92,2821.36,0.198,False
CUST02854,2025-06-05 06:55:40.028005,North,Product B,4535.41,2541.91,0.151,False
CUST02855,2025-06-05 08:14:01.128225,South,Product B,4997.22,3359.25,0.192,False
CUST02856,2025-06-05 09:32:22.228445,North,Product B,4883.97,2919.53,0.059,False
CUST02857,2025-06-05 10:50:43.328665,North,Product A,4902.65,2612.05,0.033,False
CUST02858,2025-06-05 12:09:04.428885,North,Product A,5326.48,3375.71,0.101,False
CUST02859,2025-06-05 13:27:25.529105,North,Product A,4277.37,2723.93,0.099,False
CUST02860,2025-06-05 14:45:46.629325,West,Product A,5747.31,3203.47,0.035,False
CUST02861,2025-06-05 16:04:07.729545,North,Product A,5346.76,2702.78,0.147,False
CUST02862,2025-06-05 17:22:28.829765,West,Product A,4744.13,2561.69,0.072,True
CUST02863,2025-06-05 18:40:49.929985,South,Product C,6280.73,3642.54,0.037,False
CUST02864,2025-06-05 19:59:11.030206,South,Product A,6245.13,3331.86,0.066,False
CUST02865,2025-06-05 21:17:32.130426,South,Product D,5746.32,3096.15,0.113,False
CUST02866,2025-06-05 22:35:53.230646,South,Product A,2585.15,1494.94,0.145,False
CUST02867,2025-06-05 23:54:14.330866,East,Product A,6263.16,4336.34,0.096,False
CUST02868,2025-06-06 01:12:35.431086,North,Product B,5635.81,3679.33,0.105,False
CUST02869,2025-06-06 02:30:56.531306,South,Product A,6605.13,3724.96,0.028,False
CUST02870,2025-06-06 03:49:17.631526,West,Product C,5989.97,4135.0,0.183,False
CUST02871,2025-06-06 05:07:38.731746,West,Product A,6262.67,3940.03,0.186,False
CUST02872,2025-06-06 06:25:59.831966,West,Product D,5702.92,3370.94,0.137,False
CUST02873,2025-06-06 07:44:20.932186,South,Product D,6078.95,3608.83,0.004,False
CUST02874,2025-06-06 09:02:42.032406,East,Product B,6595.3,3839.45,0.107,False
CUST02875,2025-06-06 10:21:03.132626,South,Product B,5173.24,2827.69,0.126,False
CUST02876,2025-06-06 11:39:24.232846,South,Product C,3742.22,2160.48,0.199,False
CUST02877,2025-06-06 12:57:45.333066,North,Product B,4754.03,2878.94,0.199,False
CUST02878,2025-06-06 14:16:06.433286,South,Product C,5311.96,3216.95,0.172,False
CUST02879,2025-06-06 15:34:27.533506,North,Product A,5059.91,3300.82,0.013,False
CUST02880,2025-06-06 16:52:48.633726,South,Product A,4002.75,2288.61,0.191,True
CUST02881,2025-06-06 18:11:09.733946,West,Product B,3695.15,2377.31,0.123,False
CUST02882,2025-06-06 19:29:30.834166,North,Product B,4407.07,2713.07,0.16,False
CUST02883,2025-06-06 20:47:51.934386,North,Product D,5646.19,3909.25,0.081,False
CUST02884,2025-06-06 22:06:13.034606,North,Product A,6264.27,3614.84,0.064,True
CUST02885,2025-06-06 23:24:34.134826,West,Product C,5733.25,3900.01,0.093,True
CUST02886,2025-06-07 00:42:55.235047,South,Product A,5845.94,3882.46,0.029,False
CUST02887,2025-06-07 02:01:16.335267,South,Product B,4935.35,3097.09,0.071,False
CUST02888,2025-06-07 03:19:37.435487,West,Product A,3606.33,2275.25,0.172,True
CUST02889,2025-06-07 04:37:58.535707,West,Product B,4635.82,2396.4,0.008,False
CUST02890,2025-06-07 05:56:19.635927,South,Product A,4792.99,3307.38,0.03,False
CUST02891,2025-06-07 07:14:40.736147,East,Product B,4602.36,2399.61,0.025,False
CUST02892,2025-06-07 08:33:01.836367,East,Product C,5043.76,3090.04,0.081,False
CUST02893,2025-06-07 09:51:22.936587,East,Product B,5353.14,3029.95,0.199,False
CUST02894,2025-06-07 11:09:44.036807,North,Product B,5682.41,3329.73,0.035,False
CUST02895,2025-06-07 12:28:05.137027,West,Product C,4777.5,2971.78,0.029,True
CUST02896,2025-06-07 13:46:26.237247,South,Product C,3476.99,2370.51,0.183,True
CUST02897,2025-06-07 15:04:47.337467,North,Product B,4613.7,2729.06,0.176,True
CUST02898,2025-06-07 16:23:08.437687,South,Product A,5034.97,3512.12,0.006,False
CUST02899,2025-06-07 17:41:29.537907,North,Product D,5978.25,3697.92,0.15,False
CUST02900,2025-06-07 18:59:50.638127,North,Product B,4545.75,2418.84,0.131,False
CUST02901,2025-06-07 20:18:11.738347,East,Product A,5410.03,2910.61,0.154,False
CUST02902,2025-06-07 21:36:32.838567,North,Product A,5232.07,3365.38,0.099,False
CUST02903,2025-06-07 22:54:53.938787,South,Product C,5035.12,2568.31,0.198,False
CUST02904,2025-06-08 00:13:15.039007,South,Product A,5744.43,3424.07,0.009,True
CUST02905,2025-06-08 01:31:36.139227,North,Product D,4471.33,2368.21,0.047,False
CUST02906,2025-06-08 02:49:57.239447,West,Product A,4539.85,2663.28,0.079,False
CUST02907,2025-06-08 04:08:18.339667,North,Product C,4990.48,3243.73,0.09,False
CUST02908,2025-06-08 05:26:39.439887,South,Product B,4487.88,2655.76,0.184,False
CUST02909,2025-06-08 06:45:00.540108,South,Product B,5406.41,2879.94,0.112,False
CUST02910,2025-06-08 08:03:21.640328,North,Product D,4429.45,2437.9,0.009,False
CUST02911,2025-06-08 09:21:42.740548,North,Product B,5181.04,2971.37,0.082,False
CUST02912,2025-06-08 10:40:03.840768,East,Product B,4919.86,2528.38,0.083,False
CUST02913,2025-06-08 11:58:24.940988,West,Product A,5171.94,3190.4,0.193,False
CUST02914,2025-06-08 13:16:46.041208,North,Product A,4632.21,2878.95,0.12,False
CUST02915,2025-06-08 14:35:07.141428,East,Product A,4728.73,2423.14,0.127,True
CUST02916,2025-06-08 15:53:28.241648,East,Product C,,2946.9,0.143,False
CUST02917,2025-06-08 17:11:49.341868,West,Product A,5161.66,3008.22,0.154,False
CUST02918,2025-06-08 18:30:10.442088,South,Product A,4996.64,2831.91,0.127,False
CUST02919,2025-06-08 19:48:31.542308,South,Product B,6364.29,3892.07,0.047,False
CUST02920,2025-06-08 21:06:52.642528,South,Product C,4207.41,2394.82,0.175,False
CUST02921,2025-06-08 22:25:13.742748,East,Product C,4948.64,2886.45,0.146,False
CUST02922,2025-06-08 23:43:34.842968,West,Product A,3741.1,2467.27,0.148,False
CUST02923,2025-06-09 01:01:55.943188,North,Product A,5297.67,2820.59,0.199,False
CUST02924,2025-06-09 02:20:17.043408,South,Product D,4107.8,2562.54,0.161,False
CUST02925,2025-06-09 03:38:38.143628,West,Product A,4777.35,2871.76,0.166,False
CUST02926,2025-06-09 04:56:59.243848,West,Product D,4702.35,2638.08,0.19,True
CUST02927,2025-06-09 06:15:20.344068,West,Product D,5224.71,3372.59,0.03,False
CUST02928,2025-06-09 07:33:41.444288,East,Product C,4557.77,2781.32,0.1,False
CUST02929,2025-06-09 08:52:02.544508,South,Product A,4523.76,2693.77,0.116,True
CUST02930,2025-06-09 10:10:23.644728,South,Product C,6148.69,3895.4,0.066,False
CUST02931,2025-06-09 11:28:44.744948,East,Product C,5227.65,3452.65,0.168,False
CUST02932,2025-06-09 12:47:05.845169,North,Product B,4551.16,3160.93,0.152,False
CUST02933,2025-06-09 14:05:26.945389,South,Product A,4799.33,3003.76,0.144,False
CUST02934,2025-06-09 15:23:48.045609,East,Product A,6316.28,4262.78,0.199,False
CUST02935,2025-06-09 16:42:09.145829,North,Product A,4811.87,2406.98,0.052,False
CUST02936,2025-06-09 18:00:30.246049,East,Product B,4448.58,2696.05,0.147,False
CUST02937,2025-06-09 19:18:51.346269,South,Product B,4452.0,2417.12,0.11,False
CUST02938,2025-06-09 20:37:12.446489,West,Product B,4560.7,2366.27,0.063,False
CUST02939,2025-06-09 21:55:33.546709,North,Product B,4524.4,2743.57,0.032,False
CUST02940,2025-06-09 23:13:54.646929,North,Product B,3976.28,2582.06,0.179,False
CUST02941,2025-06-10 00:32:15.747149,East,Product C,4100.64,2388.44,0.119,False
CUST02942,2025-06-10 01:50:36.847369,North,Product D,4336.54,2749.46,0.165,False
CUST02943,2025-06-10 03:08:57.947589,East,Product A,,3272.7,0.109,False
CUST02944,2025-06-10 04:27:19.047809,East,Product B,4695.01,2757.93,0.044,False
CUST02945,2025-06-10 05:45:40.148029,North,Product A,4834.27,2697.77,0.068,False
CUST02946,2025-06-10 07:04:01.248249,South,Product C,6016.07,3468.38,0.076,False
CUST02947,2025-06-10 08:22:22.348469,South,Product C,6036.01,3440.28,0.195,True
CUST02948,2025-06-10 09:40:43.448689,South,Product D,4774.3,3004.17,0.001,False
CUST02949,2025-06-10 10:59:04.548909,West,Product A,4495.31,2351.96,0.197,False
CUST02950,2025-06-10 12:17:25.649129,West,Product D,4308.46,2234.05,0.196,True
CUST02951,2025-06-10 13:35:46.749349,East,Product A,5554.22,3510.28,0.199,False
CUST02952,2025-06-10 14:54:07.849569,East,Product C,4836.23,2946.52,0.095,False
CUST02953,2025-06-10 16:12:28.949789,South,Product A,4690.8,2749.0,0.193,False
CUST02954,2025-06-10 17:30:50.050010,West,Product D,4349.07,2307.13,0.079,False
CUST02955,2025-06-10 18:49:11.150230,East,Product B,4384.27,2552.54,0.005,False
CUST02956,2025-06-10 20:07:32.250450,East,Product C,5256.05,3458.2,0.045,False
CUST02957,2025-06-10 21:25:53.350670,West,Product C,3947.65,2676.21,0.189,False
CUST02958,2025-06-10 22:44:14.450890,North,Product A,5795.89,3712.36,0.003,False
CUST02959,2025-06-11 00:02:35.551110,West,Product A,4572.92,2341.26,0.109,False
CUST02960,2025-06-11 01:20:56.651330,North,Product D,4880.29,3094.5,0.015,False
CUST02961,2025-06-11 02:39:17.751550,South,Product A,3930.42,2154.64,0.057,False
CUST02962,2025-06-11 03:57:38.851770,South,Product A,4990.11,2809.68,0.018,False
CUST02963,2025-06-11 05:15:59.951990,West,Product B,4737.34,2554.26,0.172,False
CUST02964,2025-06-11 06:34:21.052210,West,Product B,4959.94,3249.51,0.118,False
CUST02965,2025-06-11 07:52:42.152430,East,Product A,6177.37,3890.01,0.18,False
CUST02966,2025-06-11 09:11:03.252650,East,Product A,5142.16,3200.31,0.138,False
CUST02967,2025-06-11 10:29:24.352870,South,Product A,4364.27,2765.18,0.194,False
CUST02968,2025-06-11 11:47:45.453090,West,Product B,4430.94,2425.3,0.102,False
CUST02969,2025-06-11 13:06:06.553310,South,Product D,5476.1,3225.04,0.128,False
CUST02970,2025-06-11 14:24:27.653530,South,Product D,6038.95,3784.32,0.115,False
CUST02971,2025-06-11 15:42:48.753750,North,Product C,,3278.08,0.097,False
CUST02972,2025-06-11 17:01:09.853970,East,Product A,5550.97,3654.59,0.169,False
CUST02973,2025-06-11 18:19:30.954190,East,Product D,5487.79,3059.01,0.129,False
CUST02974,2025-06-11 19:37:52.054410,South,Product B,6135.25,4012.87,0.16,False
CUST02975,2025-06-11 20:56:13.154630,North,Product A,3440.33,2023.04,0.157,True
CUST02976,2025-06-11 22:14:34.254850,West,Product D,5533.78,3508.6,0.038,False
CUST02977,2025-06-11 23:32:55.355071,North,Product C,5786.99,3420.94,0.13,False
CUST02978,2025-06-12 00:51:16.455291,East,Product C,3929.02,2709.93,0.04,False
CUST02979,2025-06-12 02:09:37.555511,West,Product C,4291.47,2299.63,0.117,False
CUST02980,2025-06-12 03:27:58.655731,South,Product A,4319.37,2742.81,0.135,False
CUST02981,2025-06-12 04:46:19.755951,North,Product A,4416.97,2717.79,0.199,False
CUST02982,2025-06-12 06:04:40.856171,East,Product C,,2466.73,0.006,False
CUST02983,2025-06-12 07:23:01.956391,West,Product A,5194.08,2665.61,0.018,False
CUST02984,2025-06-12 08:41:23.056611,South,Product B,5692.54,3756.1,0.015,False
CUST02985,2025-06-12 09:59:44.156831,West,Product C,5865.05,3117.22,0.08,False
CUST02986,2025-06-12 11:18:05.257051,North,Product C,4329.74,2326.38,0.164,False
CUST02987,2025-06-12 12:36:26.357271,South,Product B,4324.24,3008.32,0.169,False
CUST02988,2025-06-12 13:54:47.457491,East,Product C,6052.66,3894.6,0.147,False
CUST02989,2025-06-12 15:13:08.557711,West,Product C,5517.4,3035.1,0.179,False
CUST02990,2025-06-12 16:31:29.657931,North,Product C,5066.29,3131.93,0.065,False
CUST02991,2025-06-12 17:49:50.758151,West,Product A,5378.67,3263.9,0.018,False
CUST02992,2025-06-12 19:08:11.858371,South,Product A,4976.16,3328.52,0.012,False
CUST02993,2025-06-12 20:26:32.958591,South,Product A,5419.67,3500.37,0.17,False
CUST02994,2025-06-12 21:44:54.058811,North,Product A,4731.15,3152.57,0.146,False
CUST02995,2025-06-12 23:03:15.159031,West,Product A,5215.04,2828.13,0.14,False
CUST02996,2025-06-13 00:21:36.259251,North,Product A,3791.56,2381.27,0.068,False
CUST02997,2025-06-13 01:39:57.359471,South,Product B,4449.77,2260.7,0.076,False
CUST02998,2025-06-13 02:58:18.459691,North,Product D,4458.39,2290.67,0.192,True
CUST02999,2025-06-13 04:16:39.559911,West,Product A,4700.49,3021.03,0.013,False
CUST03000,2025-06-13 05:35:00.660132,East,Product C,4258.79,2150.19,0.155,False
CUST03001,2025-06-13 06:53:21.760352,East,Product C,4573.17,2816.85,0.062,False
CUST03002,2025-06-13 08:11:42.860572,North,Product A,3788.47,2531.0,0.008,False
CUST03003,2025-06-13 09:30:03.960792,East,Product D,5438.96,3132.78,0.149,False
CUST03004,2025-06-13 10:48:25.061012,South,Product B,4933.99,2511.24,0.066,False
CUST03005,2025-06-13 12:06:46.161232,West,Product B,3635.83,2337.0,0.144,True
CUST03006,2025-06-13 13:25:07.261452,West,Product C,4332.14,2971.57,0.142,False
CUST03007,2025-06-13 14:43:28.361672,North,Product A,5269.28,3390.44,0.107,False
CUST03008,2025-06-13 16:01:49.461892,East,Product C,4565.58,2810.98,0.155,False
CUST03009,2025-06-13 17:20:10.562112,North,Product A,4442.45,2425.6,0.116,False
CUST03010,2025-06-13 18:38:31.662332,South,Product C,4940.33,2485.36,0.057,False
CUST03011,2025-06-13 19:56:52.762552,North,Product B,5274.88,3370.3,0.147,False
CUST03012,2025-06-13 21:15:13.862772,South,Product C,3850.92,2103.39,0.118,False
CUST03013,2025-06-13 22:33:34.962992,South,Product A,5440.1,3653.75,0.003,False
CUST03014,2025-06-13 23:51:56.063212,East,Product C,4359.77,2586.53,0.18,False
CUST03015,2025-06-14 01:10:17.163432,South,Product C,4985.66,3021.94,0.109,False
CUST03016,2025-06-14 02:28:38.263652,East,Product B,4971.66,3235.5,0.174,False
CUST03017,2025-06-14 03:46:59.363872,South,Product C,4578.35,3002.87,0.177,False
CUST03018,2025-06-14 05:05:20.464092,North,Product B,4181.07,2627.93,0.089,False
CUST03019,2025-06-14 06:23:41.564312,East,Product D,,3281.26,0.102,False
CUST03020,2025-06-14 07:42:02.664532,North,Product B,6300.26,4387.88,0.083,False
CUST03021,2025-06-14 09:00:23.764752,South,Product C,3910.66,2695.92,0.09,False
CUST03022,2025-06-14 10:18:44.864972,East,Product C,6353.85,4224.27,0.179,False
CUST03023,2025-06-14 11:37:05.965193,South,Product B,4792.22,3072.41,0.158,False
CUST03024,2025-06-14 12:55:27.065413,North,Product A,5028.3,3181.23,0.025,False
CUST03025,2025-06-14 14:13:48.165633,South,Product B,4130.63,2151.03,0.122,False
CUST03026,2025-06-14 15:32:09.265853,West,Product C,4382.98,2429.47,0.199,False
CUST03027,2025-06-14 16:50:30.366073,East,Product A,4597.67,2304.07,0.119,False
CUST03028,2025-06-14 18:08:51.466293,East,Product B,4163.44,2196.14,0.157,False
CUST03029,2025-06-14 19:27:12.566513,East,Product C,4832.87,2840.98,0.154,False
CUST03030,2025-06-14 20:45:33.666733,North,Product B,4674.39,2474.19,0.07,False
CUST03031,2025-06-14 22:03:54.766953,South,Product C,6480.62,4408.98,0.074,False
CUST03032,2025-06-14 23:22:15.867173,East,Product A,4067.22,2689.0,0.145,False
CUST03033,2025-06-15 00:40:36.967393,North,Product A,5082.15,2613.86,0.1,False
CUST03034,2025-06-15 01:58:58.067613,North,Product C,5198.28,2857.92,0.114,False
CUST03035,2025-06-15 03:17:19.167833,North,Product A,4143.74,2750.68,0.143,False
CUST03036,2025-06-15 04:35:40.268053,South,Product A,5549.46,3666.03,0.156,False
CUST03037,2025-06-15 05:54:01.368273,West,Product D,4681.34,3225.86,0.054,False
CUST03038,2025-06-15 07:12:22.468493,North,Product A,3006.09,2102.79,0.029,False
CUST03039,2025-06-15 08:30:43.568713,South,Product D,5527.88,3843.28,0.058,False
CUST03040,2025-06-15 09:49:04.668933,North,Product D,4106.45,2390.07,0.102,False
CUST03041,2025-06-15 11:07:25.769153,West,Product A,4161.78,2289.25,0.068,False
CUST03042,2025-06-15 12:25:46.869373,North,Product A,5550.32,3617.04,0.114,True
CUST03043,2025-06-15 13:44:07.969593,South,Product C,4722.27,2643.78,0.011,False
CUST03044,2025-06-15 15:02:29.069813,East,Product B,5734.22,3791.92,0.102,False
CUST03045,2025-06-15 16:20:50.170034,East,Product A,5968.13,3621.41,0.074,False
CUST03046,2025-06-15 17:39:11.270254,South,Product C,4484.06,2954.03,0.107,False
CUST03047,2025-06-15 18:57:32.370474,South,Product A,5634.61,3128.2,0.085,False
CUST03048,2025-06-15 20:15:53.470694,South,Product D,4395.63,2644.44,0.057,False
CUST03049,2025-06-15 21:34:14.570914,North,Product A,6786.49,4158.8,0.181,False
CUST03050,2025-06-15 22:52:35.671134,North,Product A,4445.63,3061.36,0.037,True
CUST03051,2025-06-16 00:10:56.771354,South,Product A,5820.87,3220.8,0.136,False
CUST03052,2025-06-16 01:29:17.871574,North,Product D,5675.03,3900.66,0.185,False
CUST03053,2025-06-16 02:47:38.971794,North,Product C,5252.87,3472.0,0.108,False
CUST03054,2025-06-16 04:06:00.072014,East,Product C,4463.57,2884.26,0.175,False
CUST03055,2025-06-16 05:24:21.172234,West,Product B,4878.88,3207.25,0.025,False
CUST03056,2025-06-16 06:42:42.272454,East,Product A,3277.13,2035.38,0.099,False
CUST03057,2025-06-16 08:01:03.372674,North,Product A,5179.54,2842.61,0.091,False
CUST03058,2025-06-16 09:19:24.472894,North,Product B,5279.69,2839.94,0.002,False
CUST03059,2025-06-16 10:37:45.573114,West,Product B,5106.8,3438.25,0.089,False
CUST03060,2025-06-16 11:56:06.673334,North,Product C,2621.36,1690.85,0.074,False
CUST03061,2025-06-16 13:14:27.773554,North,Product A,3987.49,2163.78,0.134,True
CUST03062,2025-06-16 14:32:48.873774,South,Product D,4401.53,2742.23,0.188,False
CUST03063,2025-06-16 15:51:09.973994,East,Product A,5233.33,3085.1,0.017,False
CUST03064,2025-06-16 17:09:31.074214,East,Product D,5231.47,2781.74,0.065,False
CUST03065,2025-06-16 18:27:52.174434,North,Product A,4863.82,2949.28,0.089,False
CUST03066,2025-06-16 19:46:13.274654,North,Product B,5508.2,3064.23,0.091,False
CUST03067,2025-06-16 21:04:34.374874,West,Product A,4179.01,2169.94,0.155,False
CUST03068,2025-06-16 22:22:55.475095,North,Product B,5488.19,3256.64,0.089,False
CUST03069,2025-06-16 23:41:16.575315,East,Product B,5379.79,3324.83,0.005,False
CUST03070,2025-06-17 00:59:37.675535,East,Product B,5302.04,2700.76,0.142,False
CUST03071,2025-06-17 02:17:58.775755,East,Product B,4854.37,2817.57,0.177,False
CUST03072,2025-06-17 03:36:19.875975,South,Product C,6464.6,3565.43,0.103,False
CUST03073,2025-06-17 04:54:40.976195,North,Product C,5394.56,2730.35,0.116,False
CUST03074,2025-06-17 06:13:02.076415,South,Product C,4225.33,2218.86,0.033,False
CUST03075,2025-06-17 07:31:23.176635,West,Product A,5198.64,2743.88,0.044,False
CUST03076,2025-06-17 08:49:44.276855,West,Product C,5601.99,3005.89,0.047,False
CUST03077,2025-06-17 10:08:05.377075,North,Product B,4529.51,2992.54,0.086,False
CUST03078,2025-06-17 11:26:26.477295,North,Product B,5871.42,3451.8,0.186,False
CUST03079,2025-06-17 12:44:47.577515,West,Product B,5305.63,2808.89,0.104,False
CUST03080,2025-06-17 14:03:08.677735,East,Product A,3126.02,1625.71,0.038,True
CUST03081,2025-06-17 15:21:29.777955,West,Product A,5239.74,2932.09,0.053,True
CUST03082,2025-06-17 16:39:50.878175,North,Product A,4675.18,3083.76,0.077,False
CUST03083,2025-06-17 17:58:11.978395,South,Product A,5429.74,3110.66,0.125,False
CUST03084,2025-06-17 19:16:33.078615,East,Product C,5755.37,3061.74,0.088,False
CUST03085,2025-06-17 20:34:54.178835,East,Product C,5156.13,2994.8,0.078,False
CUST03086,2025-06-17 21:53:15.279055,South,Product D,6332.2,3869.37,0.113,False
CUST03087,2025-06-17 23:11:36.379275,North,Product C,4857.03,2457.26,0.048,False
CUST03088,2025-06-18 00:29:57.479495,South,Product A,5499.85,3440.31,0.016,False
CUST03089,2025-06-18 01:48:18.579715,North,Product D,5643.95,3267.96,0.005,False
CUST03090,2025-06-18 03:06:39.679935,South,Product D,,2470.64,0.05,False
CUST03091,2025-06-18 04:25:00.780156,West,Product B,5623.02,3569.37,0.018,False
CUST03092,2025-06-18 05:43:21.880376,South,Product B,4524.26,2906.74,0.067,False
CUST03093,2025-06-18 07:01:42.980596,West,Product D,4661.95,2917.3,0.155,False
CUST03094,2025-06-18 08:20:04.080816,North,Product B,3950.01,2245.13,0.143,False
CUST03095,2025-06-18 09:38:25.181036,East,Product D,5193.13,3146.62,0.122,False
CUST03096,2025-06-18 10:56:46.281256,West,Product A,5260.2,3037.41,0.171,True
CUST03097,2025-06-18 12:15:07.381476,North,Product A,5943.41,3804.52,0.056,False
CUST03098,2025-06-18 13:33:28.481696,North,Product B,5632.91,3473.91,0.177,False
CUST03099,2025-06-18 14:51:49.581916,South,Product B,4772.16,2464.15,0.08,False
CUST03100,2025-06-18 16:10:10.682136,North,Product C,4057.46,2550.59,0.08,False
CUST03101,2025-06-18 17:28:31.782356,East,Product D,5346.28,3407.97,0.081,False
CUST03102,2025-06-18 18:46:52.882576,West,Product B,5888.6,3380.88,0.02,True
CUST03103,2025-06-18 20:05:13.982796,South,Product A,5604.15,3783.68,0.195,False
CUST03104,2025-06-18 21:23:35.083016,North,Product C,5867.58,3923.08,0.028,True
CUST03105,2025-06-18 22:41:56.183236,South,Product C,4830.49,2584.47,0.068,False
CUST03106,2025-06-19 00:00:17.283456,East,Product A,4626.7,3150.11,0.064,False
CUST03107,2025-06-19 01:18:38.383676,North,Product B,4410.48,2594.13,0.015,False
CUST03108,2025-06-19 02:36:59.483896,South,Product C,4955.28,3194.92,0.03,False
CUST03109,2025-06-19 03:55:20.584116,East,Product C,4937.13,3272.42,0.009,False
CUST03110,2025-06-19 05:13:41.684336,East,Product B,5165.34,3104.49,0.058,False
CUST03111,2025-06-19 06:32:02.784556,North,Product A,4896.56,2839.13,0.173,False
CUST03112,2025-06-19 07:50:23.884776,East,Product D,4893.1,3342.43,0.068,False
CUST03113,2025-06-19 09:08:44.984997,North,Product C,4378.64,2391.49,0.025,False
CUST03114,2025-06-19 10:27:06.085217,North,Product B,5753.3,3172.33,0.129,False
CUST03115,2025-06-19 11:45:27.185437,West,Product A,5061.21,2896.65,0.199,False
CUST03116,2025-06-19 13:03:48.285657,East,Product C,4860.44,3265.7,0.046,False
CUST03117,2025-06-19 14:22:09.385877,North,Product A,4402.06,3027.55,0.056,False
CUST03118,2025-06-19 15:40:30.486097,North,Product A,3934.47,2140.4,0.194,False
CUST03119,2025-06-19 16:58:51.586317,North,Product B,6046.37,4067.84,0.036,False
CUST03120,2025-06-19 18:17:12.686537,North,Product A,5443.71,3002.97,0.102,False
CUST03121,2025-06-19 19:35:33.786757,North,Product C,3700.87,2568.88,0.048,False
CUST03122,2025-06-19 20:53:54.886977,North,Product A,5610.51,3475.61,0.186,False
CUST03123,2025-06-19 22:12:15.987197,South,Product C,5737.98,2877.12,0.196,False
CUST03124,2025-06-19 23:30:37.087417,East,Product A,5099.5,2584.56,0.163,False
CUST03125,2025-06-20 00:48:58.187637,East,Product A,6278.49,3324.44,0.063,False
CUST03126,2025-06-20 02:07:19.287857,East,Product A,5173.38,2780.77,0.081,False
CUST03127,2025-06-20 03:25:40.388077,North,Product D,3866.54,2526.88,0.048,False
CUST03128,2025-06-20 04:44:01.488297,West,Product D,5292.14,2881.85,0.178,False
CUST03129,2025-06-20 06:02:22.588517,West,Product A,5195.92,3605.07,0.183,False
CUST03130,2025-06-20 07:20:43.688737,West,Product C,4517.36,2833.39,0.084,False
CUST03131,2025-06-20 08:39:04.788957,West,Product C,5458.85,3485.49,0.131,False
CUST03132,2025-06-20 09:57:25.889177,West,Product D,3665.87,1992.63,0.033,False
CUST03133,2025-06-20 11:15:46.989397,South,Product B,5792.45,3930.42,0.087,False
CUST03134,2025-06-20 12:34:08.089617,North,Product C,4297.5,2722.74,0.126,False
CUST03135,2025-06-20 13:52:29.189837,East,Product A,4212.04,2834.2,0.077,False
CUST03136,2025-06-20 15:10:50.290058,East,Product B,4908.94,3393.53,0.072,False
CUST03137,2025-06-20 16:29:11.390278,East,Product D,5346.38,2807.53,0.0,False
CUST03138,2025-06-20 17:47:32.490498,South,Product B,5131.14,2664.69,0.161,False
CUST03139,2025-06-20 19:05:53.590718,North,Product A,4405.87,2910.88,0.178,False
CUST03140,2025-06-20 20:24:14.690938,South,Product A,4595.13,3093.56,0.194,False
CUST03141,2025-06-20 21:42:35.791158,West,Product C,4093.57,2524.72,0.144,False
CUST03142,2025-06-20 23:00:56.891378,South,Product C,4820.26,2762.97,0.11,False
CUST03143,2025-06-21 00:19:17.991598,South,Product B,5860.02,3694.89,0.054,True
CUST03144,2025-06-21 01:37:39.091818,North,Product D,4996.59,2803.75,0.2,False
CUST03145,2025-06-21 02:56:00.192038,South,Product A,5687.53,3114.93,0.118,False
CUST03146,2025-06-21 04:14:21.292258,West,Product A,6164.32,3683.98,0.136,False
CUST03147,2025-06-21 05:32:42.392478,East,Product D,4529.59,2460.61,0.136,False
CUST03148,2025-06-21 06:51:03.492698,East,Product A,4850.74,2894.63,0.169,False
CUST03149,2025-06-21 08:09:24.592918,South,Product A,6736.95,4657.4,0.002,False
CUST03150,2025-06-21 09:27:45.693138,East,Product B,6155.47,4111.59,0.044,False
CUST03151,2025-06-21 10:46:06.793358,North,Product C,3662.08,2520.7,0.133,False
CUST03152,2025-06-21 12:04:27.893578,East,Product A,5309.72,3511.14,0.179,False
CUST03153,2025-06-21 13:22:48.993798,South,Product D,5000.45,2855.01,0.137,False
CUST03154,2025-06-21 14:41:10.094018,South,Product C,5661.16,3750.01,0.083,False
CUST03155,2025-06-21 15:59:31.194238,East,Product A,4404.02,3014.92,0.072,False
CUST03156,2025-06-21 17:17:52.294458,West,Product C,4328.31,2983.97,0.148,False
CUST03157,2025-06-21 18:36:13.394678,North,Product B,4459.14,2838.87,0.148,False
CUST03158,2025-06-21 19:54:34.494898,West,Product B,4542.46,2463.25,0.121,False
CUST03159,2025-06-21 21:12:55.595119,North,Product C,5652.26,2871.04,0.058,False
CUST03160,2025-06-21 22:31:16.695339,South,Product D,4055.04,2146.9,0.185,False
CUST03161,2025-06-21 23:49:37.795559,North,Product A,4501.91,3120.32,0.11,False
CUST03162,2025-06-22 01:07:58.895779,South,Product B,3568.79,2114.22,0.158,False
CUST03163,2025-06-22 02:26:19.995999,South,Product B,5805.69,3895.6,0.043,False
CUST03164,2025-06-22 03:44:41.096219,North,Product B,6016.82,3568.03,0.069,False
CUST03165,2025-06-22 05:03:02.196439,South,Product B,4738.34,2995.41,0.175,False
CUST03166,2025-06-22 06:21:23.296659,West,Product A,4761.64,2403.81,0.01,False
CUST03167,2025-06-22 07:39:44.396879,North,Product C,5362.58,2949.27,0.102,False
CUST03168,2025-06-22 08:58:05.497099,East,Product B,6179.59,3628.99,0.096,False
CUST03169,2025-06-22 10:16:26.597319,South,Product A,5326.89,3335.3,0.15,False
CUST03170,2025-06-22 11:34:47.697539,East,Product C,4441.97,2373.36,0.056,False
CUST03171,2025-06-22 12:53:08.797759,North,Product C,3704.94,2418.99,0.044,False
CUST03172,2025-06-22 14:11:29.897979,North,Product B,4107.9,2353.34,0.185,False
CUST03173,2025-06-22 15:29:50.998199,North,Product A,5058.58,3356.3,0.114,False
CUST03174,2025-06-22 16:48:12.098419,North,Product C,4475.74,2325.57,0.021,False
CUST03175,2025-06-22 18:06:33.198639,North,Product A,5155.97,3278.95,0.039,False
CUST03176,2025-06-22 19:24:54.298859,East,Product A,4557.66,2546.21,0.2,False
CUST03177,2025-06-22 20:43:15.399079,West,Product C,4153.48,2737.46,0.039,False
CUST03178,2025-06-22 22:01:36.499299,West,Product A,4058.37,2355.62,0.122,False
CUST03179,2025-06-22 23:19:57.599519,East,Product A,6249.88,3956.61,0.084,False
CUST03180,2025-06-23 00:38:18.699739,North,Product A,5711.19,3922.79,0.177,False
CUST03181,2025-06-23 01:56:39.799959,North,Product A,6384.41,3218.54,0.151,False
CUST03182,2025-06-23 03:15:00.900180,South,Product A,5431.96,2728.06,0.119,False
CUST03183,2025-06-23 04:33:22.000400,North,Product D,4656.01,3045.29,0.002,False
CUST03184,2025-06-23 05:51:43.100620,South,Product A,6058.67,3812.59,0.176,False
CUST03185,2025-06-23 07:10:04.200840,South,Product A,,2778.2,0.089,False
CUST03186,2025-06-23 08:28:25.301060,South,Product A,5176.67,3100.2,0.186,False
CUST03187,2025-06-23 09:46:46.401280,South,Product D,4965.74,2524.52,0.099,False
CUST03188,2025-06-23 11:05:07.501500,West,Product B,2642.48,1422.94,0.139,False
CUST03189,2025-06-23 12:23:28.601720,East,Product B,6283.79,3675.38,0.014,False
CUST03190,2025-06-23 13:41:49.701940,South,Product D,5392.8,3595.97,0.149,False
CUST03191,2025-06-23 15:00:10.802160,West,Product B,5263.86,3136.91,0.068,False
CUST03192,2025-06-23 16:18:31.902380,West,Product A,4950.58,3055.86,0.07,False
CUST03193,2025-06-23 17:36:53.002600,South,Product A,5130.74,3461.97,0.024,False
CUST03194,2025-06-23 18:55:14.102820,South,Product B,4522.18,2540.4,0.029,False
CUST03195,2025-06-23 20:13:35.203040,South,Product A,5493.26,3516.46,0.037,False
CUST03196,2025-06-23 21:31:56.303260,West,Product C,3954.32,2658.62,0.066,False
CUST03197,2025-06-23 22:50:17.403480,West,Product A,5148.85,2783.08,0.178,False
CUST03198,2025-06-24 00:08:38.503700,North,Product B,5449.26,3113.14,0.074,False
CUST03199,2025-06-24 01:26:59.603920,South,Product A,4841.06,3369.2,0.145,False
CUST03200,2025-06-24 02:45:20.704140,South,Product A,5296.69,3689.91,0.017,False
CUST03201,2025-06-24 04:03:41.804360,South,Product B,4206.93,2291.29,0.118,False
CUST03202,2025-06-24 05:22:02.904580,North,Product D,4227.34,2169.85,0.096,False
CUST03203,2025-06-24 06:40:24.004800,West,Product B,5189.37,2875.87,0.196,False
CUST03204,2025-06-24 07:58:45.105021,East,Product C,5542.84,3212.33,0.169,False
CUST03205,2025-06-24 09:17:06.205241,West,Product A,3500.11,2058.77,0.091,False
CUST03206,2025-06-24 10:35:27.305461,West,Product A,5417.62,3379.3,0.155,False
CUST03207,2025-06-24 11:53:48.405681,East,Product A,4565.44,3104.04,0.039,False
CUST03208,2025-06-24 13:12:09.505901,South,Product A,4845.76,2743.03,0.112,False
CUST03209,2025-06-24 14:30:30.606121,East,Product A,3928.39,2632.01,0.015,False
CUST03210,2025-06-24 15:48:51.706341,North,Product A,4318.71,2240.09,0.07,False
CUST03211,2025-06-24 17:07:12.806561,East,Product C,5772.9,2934.8,0.045,False
CUST03212,2025-06-24 18:25:33.906781,North,Product A,5026.29,3019.84,0.144,False
CUST03213,2025-06-24 19:43:55.007001,East,Product B,4693.78,2402.9,0.098,False
CUST03214,2025-06-24 21:02:16.107221,North,Product B,4906.81,2838.58,0.15,False
CUST03215,2025-06-24 22:20:37.207441,North,Product B,5391.37,3662.66,0.103,False
CUST03216,2025-06-24 23:38:58.307661,North,Product B,5352.4,2934.7,0.017,False
CUST03217,2025-06-25 00:57:19.407881,North,Product A,4939.98,3167.49,0.147,False
CUST03218,2025-06-25 02:15:40.508101,East,Product A,5874.37,3292.42,0.167,False
CUST03219,2025-06-25 03:34:01.608321,East,Product C,5776.37,2940.08,0.181,False
CUST03220,2025-06-25 04:52:22.708541,South,Product D,5330.7,3258.86,0.114,False
CUST03221,2025-06-25 06:10:43.808761,North,Product A,5043.69,3363.99,0.151,False
CUST03222,2025-06-25 07:29:04.908981,North,Product A,5525.86,3215.46,0.15,False
CUST03223,2025-06-25 08:47:26.009201,North,Product D,5251.41,3274.04,0.031,False
CUST03224,2025-06-25 10:05:47.109421,North,Product A,5848.64,3977.1,0.033,False
CUST03225,2025-06-25 11:24:08.209641,West,Product B,5719.65,3763.18,0.014,False
CUST03226,2025-06-25 12:42:29.309861,North,Product B,4185.4,2254.99,0.064,False
CUST03227,2025-06-25 14:00:50.410082,South,Product A,4131.23,2671.57,0.095,False
CUST03228,2025-06-25 15:19:11.510302,North,Product B,4439.0,2665.08,0.2,False
CUST03229,2025-06-25 16:37:32.610522,North,Product B,5780.91,3752.93,0.086,False
CUST03230,2025-06-25 17:55:53.710742,South,Product A,3738.95,2239.27,0.145,False
CUST03231,2025-06-25 19:14:14.810962,East,Product B,5315.81,2793.94,0.139,False
CUST03232,2025-06-25 20:32:35.911182,North,Product C,5290.03,3247.99,0.041,False
CUST03233,2025-06-25 21:50:57.011402,North,Product B,5930.12,3548.74,0.012,False
CUST03234,2025-06-25 23:09:18.111622,South,Product A,5144.27,3105.0,0.109,False
CUST03235,2025-06-26 00:27:39.211842,North,Product B,3925.43,2652.73,0.14,False
CUST03236,2025-06-26 01:46:00.312062,North,Product C,4232.52,2873.74,0.2,False
CUST03237,2025-06-26 03:04:21.412282,West,Product C,4054.4,2394.97,0.072,False
CUST03238,2025-06-26 04:22:42.512502,East,Product C,4569.64,2701.33,0.179,False
CUST03239,2025-06-26 05:41:03.612722,South,Product A,4853.68,2926.95,0.076,False
CUST03240,2025-06-26 06:59:24.712942,South,Product C,4067.65,2456.52,0.138,False
CUST03241,2025-06-26 08:17:45.813162,South,Product C,6176.53,4262.28,0.12,False
CUST03242,2025-06-26 09:36:06.913382,South,Product A,3939.77,2481.59,0.011,False
CUST03243,2025-06-26 10:54:28.013602,East,Product B,6076.88,3375.66,0.016,False
CUST03244,2025-06-26 12:12:49.113822,East,Product A,5948.13,3606.4,0.004,False
CUST03245,2025-06-26 13:31:10.214042,North,Product C,5718.64,3576.69,0.074,False
CUST03246,2025-06-26 14:49:31.314262,South,Product A,4444.99,2791.25,0.149,False
CUST03247,2025-06-26 16:07:52.414482,South,Product B,5273.96,3254.3,0.035,False
CUST03248,2025-06-26 17:26:13.514702,West,Product D,3978.1,2130.46,0.121,False
CUST03249,2025-06-26 18:44:34.614922,East,Product C,5728.73,2902.85,0.058,False
CUST03250,2025-06-26 20:02:55.715143,South,Product D,4940.81,2804.25,0.159,False
CUST03251,2025-06-26 21:21:16.815363,North,Product D,4672.54,2735.8,0.16,False
CUST03252,2025-06-26 22:39:37.915583,East,Product A,4021.0,2060.21,0.155,False
CUST03253,2025-06-26 23:57:59.015803,North,Product C,3018.0,2000.91,0.105,False
CUST03254,2025-06-27 01:16:20.116023,South,Product B,4169.17,2371.49,0.057,False
CUST03255,2025-06-27 02:34:41.216243,North,Product D,5890.24,4021.42,0.162,False
CUST03256,2025-06-27 03:53:02.316463,East,Product A,4677.73,2483.32,0.037,False
CUST03257,2025-06-27 05:11:23.416683,North,Product D,4864.54,2487.66,0.058,False
CUST03258,2025-06-27 06:29:44.516903,South,Product C,5524.44,3295.13,0.037,False
CUST03259,2025-06-27 07:48:05.617123,West,Product C,6444.54,3466.04,0.135,False
CUST03260,2025-06-27 09:06:26.717343,North,Product A,6060.0,4166.13,0.137,False
CUST03261,2025-06-27 10:24:47.817563,South,Product A,4222.13,2119.77,0.131,False
CUST03262,2025-06-27 11:43:08.917783,South,Product C,3445.94,2007.34,0.083,False
CUST03263,2025-06-27 13:01:30.018003,North,Product A,6887.69,4720.48,0.02,False
CUST03264,2025-06-27 14:19:51.118223,East,Product C,6815.19,3931.57,0.182,False
CUST03265,2025-06-27 15:38:12.218443,North,Product A,5150.76,2671.3,0.102,False
CUST03266,2025-06-27 16:56:33.318663,South,Product C,3983.61,2233.13,0.081,False
CUST03267,2025-06-27 18:14:54.418883,South,Product B,5770.58,3460.05,0.118,False
CUST03268,2025-06-27 19:33:15.519103,East,Product C,4913.61,2638.76,0.039,False
CUST03269,2025-06-27 20:51:36.619323,East,Product C,4909.62,2912.94,0.027,False
CUST03270,2025-06-27 22:09:57.719543,North,Product A,5715.57,3813.82,0.081,False
CUST03271,2025-06-27 23:28:18.819763,North,Product A,,3553.05,0.045,False
CUST03272,2025-06-28 00:46:39.919983,East,Product A,4051.35,2065.59,0.049,False
CUST03273,2025-06-28 02:05:01.020204,South,Product B,4740.21,2522.65,0.179,False
CUST03274,2025-06-28 03:23:22.120424,West,Product B,5528.92,3068.87,0.106,False
CUST03275,2025-06-28 04:41:43.220644,West,Product C,5408.2,3347.53,0.097,False
CUST03276,2025-06-28 06:00:04.320864,West,Product B,5209.61,2980.94,0.138,False
CUST03277,2025-06-28 07:18:25.421084,South,Product B,5746.74,3843.47,0.19,False
CUST03278,2025-06-28 08:36:46.521304,South,Product B,4710.63,3030.51,0.022,False
CUST03279,2025-06-28 09:55:07.621524,East,Product A,5142.94,2674.8,0.167,False
CUST03280,2025-06-28 11:13:28.721744,South,Product A,2299.54,1437.01,0.117,False
CUST03281,2025-06-28 12:31:49.821964,North,Product D,4640.28,2425.02,0.029,False
CUST03282,2025-06-28 13:50:10.922184,West,Product D,5611.12,3091.77,0.059,False
CUST03283,2025-06-28 15:08:32.022404,West,Product A,,2510.6,0.096,False
CUST03284,2025-06-28 16:26:53.122624,South,Product B,4627.02,2473.66,0.138,False
CUST03285,2025-06-28 17:45:14.222844,North,Product C,4166.84,2597.1,0.049,True
CUST03286,2025-06-28 19:03:35.323064,South,Product B,5802.69,3555.43,0.107,False
CUST03287,2025-06-28 20:21:56.423284,West,Product A,5438.77,2910.86,0.137,False
CUST03288,2025-06-28 21:40:17.523504,West,Product A,5660.33,3951.11,0.09,False
CUST03289,2025-06-28 22:58:38.623724,North,Product B,,2114.84,0.173,False
CUST03290,2025-06-29 00:16:59.723944,North,Product D,4871.64,2530.4,0.174,False
CUST03291,2025-06-29 01:35:20.824164,West,Product C,4775.91,2503.12,0.094,False
CUST03292,2025-06-29 02:53:41.924384,South,Product A,4775.54,2945.45,0.195,False
CUST03293,2025-06-29 04:12:03.024604,South,Product A,4507.18,3136.16,0.015,False
CUST03294,2025-06-29 05:30:24.124824,West,Product C,4723.12,2901.84,0.001,False
CUST03295,2025-06-29 06:48:45.225045,North,Product C,5679.72,3917.92,0.076,False
CUST03296,2025-06-29 08:07:06.325265,East,Product C,3469.72,2043.06,0.12,False
CUST03297,2025-06-29 09:25:27.425485,North,Product C,6421.84,3770.7,0.126,False
CUST03298,2025-06-29 10:43:48.525705,South,Product A,5387.07,3232.25,0.095,False
CUST03299,2025-06-29 12:02:09.625925,West,Product C,4966.13,3175.77,0.025,False
CUST03300,2025-06-29 13:20:30.726145,South,Product C,5725.47,3283.69,0.034,False
CUST03301,2025-06-29 14:38:51.826365,West,Product A,3838.53,2582.48,0.17,False
CUST03302,2025-06-29 15:57:12.926585,South,Product C,4468.24,2260.29,0.174,False
CUST03303,2025-06-29 17:15:34.026805,South,Product A,4903.14,2882.81,0.135,False
CUST03304,2025-06-29 18:33:55.127025,North,Product A,6092.45,3668.86,0.133,False
CUST03305,2025-06-29 19:52:16.227245,South,Product A,4962.8,3083.92,0.12,False
CUST03306,2025-06-29 21:10:37.327465,South,Product A,5360.04,2975.97,0.041,False
CUST03307,2025-06-29 22:28:58.427685,North,Product A,4528.34,2651.32,0.086,False
CUST03308,2025-06-29 23:47:19.527905,South,Product B,5389.47,3217.02,0.139,False
CUST03309,2025-06-30 01:05:40.628125,South,Product B,6341.79,4042.14,0.107,False
CUST03310,2025-06-30 02:24:01.728345,East,Product B,5796.42,3794.97,0.004,False
CUST03311,2025-06-30 03:42:22.828565,East,Product A,4934.84,3195.63,0.191,False
CUST03312,2025-06-30 05:00:43.928785,East,Product A,5540.39,3148.7,0.169,False
CUST03313,2025-06-30 06:19:05.029005,North,Product C,5462.01,3822.81,0.052,False
CUST03314,2025-06-30 07:37:26.129225,North,Product B,5405.27,3620.09,0.123,False
CUST03315,2025-06-30 08:55:47.229445,East,Product A,5889.56,3251.07,0.185,False
CUST03316,2025-06-30 10:14:08.329665,South,Product D,5883.58,3171.38,0.019,False
CUST03317,2025-06-30 11:32:29.429885,North,Product C,4898.27,2756.77,0.101,False
CUST03318,2025-06-30 12:50:50.530106,West,Product D,5513.5,3255.55,0.091,False
CUST03319,2025-06-30 14:09:11.630326,East,Product B,4693.52,3145.41,0.082,False
CUST03320,2025-06-30 15:27:32.730546,South,Product A,4261.54,2794.18,0.167,False
CUST03321,2025-06-30 16:45:53.830766,North,Product C,4784.4,3206.74,0.076,False
CUST03322,2025-06-30 18:04:14.930986,East,Product A,4938.98,2738.13,0.013,False
CUST03323,2025-06-30 19:22:36.031206,South,Product B,3670.74,2271.06,0.013,False
CUST03324,2025-06-30 20:40:57.131426,East,Product A,5688.27,3166.37,0.009,False
CUST03325,2025-06-30 21:59:18.231646,East,Product C,2786.14,1453.82,0.082,False
CUST03326,2025-06-30 23:17:39.331866,West,Product A,7171.85,4567.32,0.144,False
CUST03327,2025-07-01 00:36:00.432086,South,Product D,2170.53,1147.34,0.261,True
CUST03328,2025-07-01 01:54:21.532306,North,Product D,4791.19,3035.41,0.129,False
CUST03329,2025-07-01 03:12:42.632526,East,Product B,5007.54,3152.71,0.137,False
CUST03330,2025-07-01 04:31:03.732746,East,Product C,5242.38,3470.71,0.051,False
CUST03331,2025-07-01 05:49:24.832966,East,Product C,4528.67,2390.74,0.12,False
CUST03332,2025-07-01 07:07:45.933186,North,Product C,5154.1,3384.67,0.137,False
CUST03333,2025-07-01 08:26:07.033406,North,Product B,4884.8,3418.65,0.093,False
CUST03334,2025-07-01 09:44:28.133626,West,Product C,4924.58,3300.5,0.067,False
CUST03335,2025-07-01 11:02:49.233846,East,Product B,5145.17,3346.22,0.124,False
CUST03336,2025-07-01 12:21:10.334066,West,Product D,3949.18,2497.59,0.196,False
CUST03337,2025-07-01 13:39:31.434286,East,Product B,5031.66,2940.28,0.085,False
CUST03338,2025-07-01 14:57:52.534506,South,Product B,1795.77,1160.24,0.298,True
CUST03339,2025-07-01 16:16:13.634726,East,Product C,5103.08,3290.65,0.093,False
CUST03340,2025-07-01 17:34:34.734946,West,Product C,4827.34,3023.36,0.015,False
CUST03341,2025-07-01 18:52:55.835167,South,Product B,2068.6,1363.74,0.331,False
CUST03342,2025-07-01 20:11:16.935387,East,Product A,4717.08,2781.91,0.066,False
CUST03343,2025-07-01 21:29:38.035607,North,Product B,5181.86,2716.59,0.024,False
CUST03344,2025-07-01 22:47:59.135827,South,Product D,2113.24,1292.91,0.313,False
CUST03345,2025-07-02 00:06:20.236047,East,Product C,4936.5,2729.93,0.001,False
CUST03346,2025-07-02 01:24:41.336267,North,Product C,5171.57,2983.41,0.08,False
CUST03347,2025-07-02 02:43:02.436487,North,Product A,,2478.59,0.021,False
CUST03348,2025-07-02 04:01:23.536707,South,Product B,2096.46,1208.73,0.225,True
CUST03349,2025-07-02 05:19:44.636927,North,Product C,4793.82,3172.36,0.165,False
CUST03350,2025-07-02 06:38:05.737147,North,Product C,6026.68,3667.51,0.183,False
CUST03351,2025-07-02 07:56:26.837367,South,Product A,1721.0,863.87,0.262,True
CUST03352,2025-07-02 09:14:47.937587,West,Product D,4312.43,2561.45,0.108,False
CUST03353,2025-07-02 10:33:09.037807,South,Product B,1940.22,1083.21,0.276,True
CUST03354,2025-07-02 11:51:30.138027,North,Product A,4756.27,2832.4,0.099,False
CUST03355,2025-07-02 13:09:51.238247,North,Product A,5496.4,3193.07,0.087,True
CUST03356,2025-07-02 14:28:12.338467,East,Product A,2816.48,1933.22,0.054,False
CUST03357,2025-07-02 15:46:33.438687,South,Product B,1751.46,890.15,0.36,False
CUST03358,2025-07-02 17:04:54.538907,West,Product A,4632.32,2949.48,0.025,False
CUST03359,2025-07-02 18:23:15.639127,East,Product A,4149.39,2780.95,0.011,True
CUST03360,2025-07-02 19:41:36.739347,East,Product C,4557.41,3153.03,0.154,True
CUST03361,2025-07-02 20:59:57.839567,North,Product A,4541.04,2431.85,0.133,False
CUST03362,2025-07-02 22:18:18.939787,East,Product A,4961.61,3008.03,0.1,False
CUST03363,2025-07-02 23:36:40.040008,North,Product B,3906.14,1987.12,0.094,False
CUST03364,2025-07-03 00:55:01.140228,West,Product B,5253.02,3150.95,0.099,False
CUST03365,2025-07-03 02:13:22.240448,East,Product C,6092.97,3199.37,0.087,False
CUST03366,2025-07-03 03:31:43.340668,South,Product B,1828.66,1220.78,0.299,False
CUST03367,2025-07-03 04:50:04.440888,North,Product C,5647.19,2952.2,0.1,False
CUST03368,2025-07-03 06:08:25.541108,North,Product C,5875.65,3541.01,0.106,False
CUST03369,2025-07-03 07:26:46.641328,East,Product A,5989.19,3618.78,0.138,False
CUST03370,2025-07-03 08:45:07.741548,North,Product A,6496.11,4510.45,0.142,False
CUST03371,2025-07-03 10:03:28.841768,South,Product B,1610.22,1016.04,0.296,True
CUST03372,2025-07-03 11:21:49.941988,North,Product B,4425.21,2467.36,0.083,False
CUST03373,2025-07-03 12:40:11.042208,East,Product C,5626.77,3084.37,0.075,False
CUST03374,2025-07-03 13:58:32.142428,West,Product B,5566.61,2926.09,0.107,False
CUST03375,2025-07-03 15:16:53.242648,East,Product B,5620.54,3660.67,0.091,False
CUST03376,2025-07-03 16:35:14.342868,East,Product A,6511.43,4155.28,0.178,False
CUST03377,2025-07-03 17:53:35.443088,North,Product A,5009.1,3115.53,0.139,False
CUST03378,2025-07-03 19:11:56.543308,North,Product B,5340.93,2714.09,0.18,False
CUST03379,2025-07-03 20:30:17.643528,East,Product B,4215.69,2751.01,0.142,False
CUST03380,2025-07-03 21:48:38.743748,South,Product B,2347.89,1475.36,0.414,True
CUST03381,2025-07-03 23:06:59.843968,South,Product A,1655.77,1147.08,0.347,False
CUST03382,2025-07-04 00:25:20.944188,North,Product C,4753.43,2934.96,0.193,False
CUST03383,2025-07-04 01:43:42.044408,North,Product D,4722.6,2648.39,0.032,True
CUST03384,2025-07-04 03:02:03.144628,North,Product A,4484.08,2584.2,0.01,False
CUST03385,2025-07-04 04:20:24.244848,West,Product B,4416.45,2363.54,0.116,False
CUST03386,2025-07-04 05:38:45.345069,North,Product D,4581.04,2952.86,0.197,False
CUST03387,2025-07-04 06:57:06.445289,South,Product A,1367.58,877.36,0.304,False
CUST03388,2025-07-04 08:15:27.545509,North,Product B,4371.75,2361.31,0.042,False
CUST03389,2025-07-04 09:33:48.645729,East,Product A,6559.17,3487.5,0.104,False
CUST03390,2025-07-04 10:52:09.745949,South,Product C,1955.98,1008.12,0.35,False
CUST03391,2025-07-04 12:10:30.846169,West,Product A,5740.72,3917.44,0.063,False
CUST03392,2025-07-04 13:28:51.946389,West,Product D,5941.77,3247.85,0.143,False
CUST03393,2025-07-04 14:47:13.046609,South,Product C,2263.56,1287.59,0.415,False
CUST03394,2025-07-04 16:05:34.146829,West,Product C,3582.86,1992.43,0.179,False
CUST03395,2025-07-04 17:23:55.247049,West,Product C,4016.09,2340.28,0.058,False
CUST03396,2025-07-04 18:42:16.347269,West,Product B,4357.02,2800.74,0.065,False
CUST03397,2025-07-04 20:00:37.447489,West,Product B,4624.22,3117.27,0.074,False
CUST03398,2025-07-04 21:18:58.547709,North,Product D,4759.54,2553.59,0.079,False
CUST03399,2025-07-04 22:37:19.647929,South,Product D,1624.85,1035.49,0.24,True
CUST03400,2025-07-04 23:55:40.748149,North,Product B,5175.45,2952.66,0.152,False
CUST03401,2025-07-05 01:14:01.848369,North,Product D,5028.24,3500.18,0.073,False
CUST03402,2025-07-05 02:32:22.948589,West,Product B,4421.73,2475.21,0.176,False
CUST03403,2025-07-05 03:50:44.048809,South,Product B,1140.85,572.06,0.405,False
CUST03404,2025-07-05 05:09:05.149029,East,Product B,4205.71,2536.58,0.005,False
CUST03405,2025-07-05 06:27:26.249249,West,Product A,4560.61,2417.79,0.198,False
CUST03406,2025-07-05 07:45:47.349469,West,Product A,4802.34,2443.9,0.142,False
CUST03407,2025-07-05 09:04:08.449689,West,Product A,4096.27,2620.19,0.104,False
CUST03408,2025-07-05 10:22:29.549909,North,Product B,4607.35,2978.43,0.078,False
CUST03409,2025-07-05 11:40:50.650130,North,Product B,4095.21,2424.94,0.104,False
CUST03410,2025-07-05 12:59:11.750350,South,Product B,1714.77,1089.53,0.285,False
CUST03411,2025-07-05 14:17:32.850570,North,Product D,4141.53,2516.59,0.125,False
CUST03412,2025-07-05 15:35:53.950790,North,Product B,4320.88,2704.7,0.019,False
CUST03413,2025-07-05 16:54:15.051010,South,Product B,1383.57,856.9,0.344,False
CUST03414,2025-07-05 18:12:36.151230,East,Product A,4877.2,3088.07,0.055,False
CUST03415,2025-07-05 19:30:57.251450,South,Product A,1507.39,813.88,0.224,False
CUST03416,2025-07-05 20:49:18.351670,South,Product C,2003.9,1109.64,0.331,False
CUST03417,2025-07-05 22:07:39.451890,East,Product B,5324.68,3130.87,0.116,False
CUST03418,2025-07-05 23:26:00.552110,North,Product C,4944.12,2913.2,0.085,False
CUST03419,2025-07-06 00:44:21.652330,North,Product A,4362.01,2856.6,0.014,False
CUST03420,2025-07-06 02:02:42.752550,East,Product B,,3041.97,0.179,False
CUST03421,2025-07-06 03:21:03.852770,East,Product A,5552.56,2956.74,0.122,False
CUST03422,2025-07-06 04:39:24.952990,East,Product A,5114.15,2814.28,0.023,False
CUST03423,2025-07-06 05:57:46.053210,North,Product A,6282.96,3411.31,0.102,False
CUST03424,2025-07-06 07:16:07.153430,West,Product A,5367.71,3469.32,0.099,False
CUST03425,2025-07-06 08:34:28.253650,East,Product A,5730.89,3404.54,0.012,False
CUST03426,2025-07-06 09:52:49.353870,South,Product A,1787.4,1147.02,0.341,False
CUST03427,2025-07-06 11:11:10.454090,East,Product D,5540.53,3231.48,0.162,False
CUST03428,2025-07-06 12:29:31.554310,West,Product A,4362.58,2957.6,0.15,False
CUST03429,2025-07-06 13:47:52.654530,South,Product A,1621.65,1129.81,0.261,False
CUST03430,2025-07-06 15:06:13.754750,South,Product A,1847.82,1171.46,0.392,True
CUST03431,2025-07-06 16:24:34.854970,West,Product B,5273.68,3547.93,0.069,False
CUST03432,2025-07-06 17:42:55.955191,East,Product A,5406.09,3252.23,0.189,False
CUST03433,2025-07-06 19:01:17.055411,South,Product D,2058.11,1413.77,0.234,False
CUST03434,2025-07-06 20:19:38.155631,East,Product D,3860.02,2572.0,0.097,True
CUST03435,2025-07-06 21:37:59.255851,South,Product A,1477.15,1031.58,0.339,False
CUST03436,2025-07-06 22:56:20.356071,North,Product B,5183.66,3237.81,0.05,False
CUST03437,2025-07-07 00:14:41.456291,South,Product A,1547.18,1014.7,0.374,False
CUST03438,2025-07-07 01:33:02.556511,West,Product C,7702.21,4687.36,0.125,False
CUST03439,2025-07-07 02:51:23.656731,West,Product B,5412.58,2986.79,0.004,False
CUST03440,2025-07-07 04:09:44.756951,South,Product A,1728.07,986.64,0.342,False
CUST03441,2025-07-07 05:28:05.857171,South,Product A,1605.67,1089.93,0.318,False
CUST03442,2025-07-07 06:46:26.957391,North,Product C,4615.87,2359.58,0.039,False
CUST03443,2025-07-07 08:04:48.057611,West,Product B,5024.11,3106.39,0.199,False
CUST03444,2025-07-07 09:23:09.157831,West,Product A,5089.59,2923.95,0.179,False
CUST03445,2025-07-07 10:41:30.258051,East,Product C,4634.64,2675.76,0.059,False
CUST03446,2025-07-07 11:59:51.358271,West,Product B,4781.48,3236.65,0.108,False
CUST03447,2025-07-07 13:18:12.458491,East,Product D,6075.43,4075.18,0.063,False
CUST03448,2025-07-07 14:36:33.558711,South,Product A,2137.66,1324.86,0.375,True
CUST03449,2025-07-07 15:54:54.658931,North,Product C,5201.63,2884.74,0.186,False
CUST03450,2025-07-07 17:13:15.759151,South,Product C,1374.45,817.92,0.292,True
CUST03451,2025-07-07 18:31:36.859371,East,Product A,5430.8,3158.87,0.161,False
CUST03452,2025-07-07 19:49:57.959591,East,Product C,6243.43,3563.27,0.1,False
CUST03453,2025-07-07 21:08:19.059811,South,Product B,2133.54,1110.63,0.299,False
CUST03454,2025-07-07 22:26:40.160032,West,Product D,5587.54,3400.7,0.188,False
CUST03455,2025-07-07 23:45:01.260252,North,Product A,6137.94,3439.49,0.102,False
CUST03456,2025-07-08 01:03:22.360472,South,Product C,1764.95,1115.73,0.313,False
CUST03457,2025-07-08 02:21:43.460692,East,Product B,5502.48,3102.52,0.134,False
CUST03458,2025-07-08 03:40:04.560912,East,Product D,4455.38,2611.89,0.052,False
CUST03459,2025-07-08 04:58:25.661132,East,Product A,5233.81,2671.72,0.065,False
CUST03460,2025-07-08 06:16:46.761352,North,Product D,6063.63,4235.49,0.186,False
CUST03461,2025-07-08 07:35:07.861572,North,Product D,4528.46,2723.97,0.136,False
CUST03462,2025-07-08 08:53:28.961792,East,Product A,4310.85,2176.32,0.165,False
CUST03463,2025-07-08 10:11:50.062012,South,Product C,1777.3,1081.03,0.274,True
CUST03464,2025-07-08 11:30:11.162232,North,Product D,4818.67,3248.12,0.109,False
CUST03465,2025-07-08 12:48:32.262452,East,Product A,5519.32,3612.45,0.194,False
CUST03466,2025-07-08 14:06:53.362672,South,Product B,1623.09,1039.07,0.284,False
CUST03467,2025-07-08 15:25:14.462892,East,Product B,6374.75,3365.19,0.032,False
CUST03468,2025-07-08 16:43:35.563112,West,Product A,3968.26,2506.14,0.102,False
CUST03469,2025-07-08 18:01:56.663332,North,Product A,6002.99,3921.51,0.078,False
CUST03470,2025-07-08 19:20:17.763552,North,Product A,4388.12,2696.43,0.032,False
CUST03471,2025-07-08 20:38:38.863772,East,Product A,3563.21,2417.82,0.178,False
CUST03472,2025-07-08 21:56:59.963992,East,Product B,5190.3,2882.68,0.198,False
CUST03473,2025-07-08 23:15:21.064212,East,Product A,4796.31,2630.44,0.114,False
CUST03474,2025-07-09 00:33:42.164432,West,Product D,4112.31,2771.34,0.155,False
CUST03475,2025-07-09 01:52:03.264652,West,Product C,3654.9,2284.6,0.172,False
CUST03476,2025-07-09 03:10:24.364872,West,Product A,4993.31,2498.1,0.14,False
CUST03477,2025-07-09 04:28:45.465093,South,Product C,2023.23,1154.51,0.229,False
CUST03478,2025-07-09 05:47:06.565313,South,Product C,1913.79,1285.24,0.252,False
CUST03479,2025-07-09 07:05:27.665533,South,Product D,1765.88,892.59,0.234,False
CUST03480,2025-07-09 08:23:48.765753,North,Product A,5383.08,2695.04,0.002,False
CUST03481,2025-07-09 09:42:09.865973,South,Product A,1742.38,969.2,0.281,True
CUST03482,2025-07-09 11:00:30.966193,North,Product D,3856.22,2633.03,0.078,False
CUST03483,2025-07-09 12:18:52.066413,West,Product D,3863.28,2628.18,0.048,False
CUST03484,2025-07-09 13:37:13.166633,South,Product C,1693.11,1022.22,0.233,False
CUST03485,2025-07-09 14:55:34.266853,South,Product C,1705.02,1041.16,0.326,False
CUST03486,2025-07-09 16:13:55.367073,South,Product A,1988.28,1126.16,0.275,True
CUST03487,2025-07-09 17:32:16.467293,North,Product B,5605.84,3076.19,0.159,False
CUST03488,2025-07-09 18:50:37.567513,North,Product A,5484.11,3636.21,0.002,False
CUST03489,2025-07-09 20:08:58.667733,South,Product A,1671.52,871.3,0.389,False
CUST03490,2025-07-09 21:27:19.767953,North,Product C,3895.48,2327.43,0.191,False
CUST03491,2025-07-09 22:45:40.868173,East,Product A,5329.66,3341.05,0.143,False
CUST03492,2025-07-10 00:04:01.968393,West,Product B,5420.14,2822.46,0.147,False
CUST03493,2025-07-10 01:22:23.068613,West,Product D,3089.17,1865.62,0.187,False
CUST03494,2025-07-10 02:40:44.168833,East,Product A,4332.53,2666.69,0.042,False
CUST03495,2025-07-10 03:59:05.269053,North,Product D,4447.16,2883.98,0.199,False
CUST03496,2025-07-10 05:17:26.369273,West,Product D,5094.68,2786.62,0.155,False
CUST03497,2025-07-10 06:35:47.469493,West,Product B,4357.31,2434.28,0.145,False
CUST03498,2025-07-10 07:54:08.569713,North,Product A,4969.49,3050.79,0.072,True
CUST03499,2025-07-10 09:12:29.669933,East,Product A,,3365.8,0.109,False
CUST03500,2025-07-10 10:30:50.770154,North,Product B,4872.68,2648.3,0.131,False
CUST03501,2025-07-10 11:49:11.870374,West,Product A,4426.88,3086.34,0.124,False
CUST03502,2025-07-10 13:07:32.970594,West,Product A,4488.81,2885.72,0.141,False
CUST03503,2025-07-10 14:25:54.070814,North,Product D,4135.79,2751.19,0.016,False
CUST03504,2025-07-10 15:44:15.171034,West,Product A,5304.05,2747.12,0.071,False
CUST03505,2025-07-10 17:02:36.271254,East,Product C,5456.88,3056.31,0.087,False
CUST03506,2025-07-10 18:20:57.371474,West,Product A,4383.51,2242.37,0.052,False
CUST03507,2025-07-10 19:39:18.471694,South,Product B,2175.78,1249.57,0.255,True
CUST03508,2025-07-10 20:57:39.571914,West,Product D,4748.32,3306.05,0.028,False
CUST03509,2025-07-10 22:16:00.672134,North,Product A,6224.15,3243.12,0.073,False
CUST03510,2025-07-10 23:34:21.772354,South,Product A,1570.2,961.71,0.319,False
CUST03511,2025-07-11 00:52:42.872574,North,Product C,3378.74,1693.47,0.013,True
CUST03512,2025-07-11 02:11:03.972794,West,Product C,5321.76,3419.42,0.189,False
CUST03513,2025-07-11 03:29:25.073014,West,Product C,5198.84,2804.45,0.153,False
CUST03514,2025-07-11 04:47:46.173234,West,Product A,5027.52,2644.06,0.146,False
CUST03515,2025-07-11 06:06:07.273454,West,Product A,4486.21,2545.49,0.035,False
CUST03516,2025-07-11 07:24:28.373674,North,Product D,4972.34,3252.95,0.121,False
CUST03517,2025-07-11 08:42:49.473894,South,Product D,1606.85,837.69,0.326,False
CUST03518,2025-07-11 10:01:10.574114,North,Product B,4758.12,2597.78,0.196,False
CUST03519,2025-07-11 11:19:31.674334,North,Product C,5673.31,2846.26,0.15,False
CUST03520,2025-07-11 12:37:52.774554,North,Product B,5147.37,3570.65,0.115,False
CUST03521,2025-07-11 13:56:13.874774,South,Product B,,1187.87,0.39,False
CUST03522,2025-07-11 15:14:34.974995,North,Product A,4814.51,3100.44,0.031,False
CUST03523,2025-07-11 16:32:56.075215,North,Product B,4726.39,2978.93,0.003,False
CUST03524,2025-07-11 17:51:17.175435,North,Product B,4077.21,2156.33,0.138,False
CUST03525,2025-07-11 19:09:38.275655,North,Product A,4703.97,2911.7,0.02,False
CUST03526,2025-07-11 20:27:59.375875,West,Product B,2343.11,1233.14,0.023,False
CUST03527,2025-07-11 21:46:20.476095,East,Product C,4527.82,2627.26,0.149,False
CUST03528,2025-07-11 23:04:41.576315,West,Product C,4934.5,3028.76,0.054,False
CUST03529,2025-07-12 00:23:02.676535,South,Product C,1907.83,1167.16,0.346,False
CUST03530,2025-07-12 01:41:23.776755,North,Product D,4785.06,2506.48,0.183,False
CUST03531,2025-07-12 02:59:44.876975,East,Product A,5278.14,2675.42,0.063,False
CUST03532,2025-07-12 04:18:05.977195,South,Product B,1139.66,751.77,0.263,False
CUST03533,2025-07-12 05:36:27.077415,North,Product C,4954.53,3196.59,0.021,False
CUST03534,2025-07-12 06:54:48.177635,North,Product B,3656.4,1888.03,0.026,False
CUST03535,2025-07-12 08:13:09.277855,North,Product A,4033.36,2119.46,0.012,False
CUST03536,2025-07-12 09:31:30.378075,North,Product A,4850.27,3290.99,0.018,False
CUST03537,2025-07-12 10:49:51.478295,South,Product D,2107.35,1377.84,0.306,False
CUST03538,2025-07-12 12:08:12.578515,East,Product B,5296.97,3703.81,0.064,False
CUST03539,2025-07-12 13:26:33.678735,North,Product D,5014.58,2762.02,0.141,False
CUST03540,2025-07-12 14:44:54.778955,North,Product B,4984.38,2978.47,0.174,False
CUST03541,2025-07-12 16:03:15.879175,West,Product C,4429.1,2424.01,0.157,False
CUST03542,2025-07-12 17:21:36.979395,North,Product C,4564.81,2851.0,0.106,False
CUST03543,2025-07-12 18:39:58.079615,South,Product C,1869.67,977.99,0.24,True
CUST03544,2025-07-12 19:58:19.179835,West,Product B,3891.71,2044.89,0.142,False
CUST03545,2025-07-12 21:16:40.280056,North,Product B,5474.44,2815.93,0.073,False
CUST03546,2025-07-12 22:35:01.380276,North,Product C,4689.19,2995.07,0.017,False
CUST03547,2025-07-12 23:53:22.480496,South,Product B,1981.16,1186.34,0.388,True
CUST03548,2025-07-13 01:11:43.580716,South,Product B,2019.11,1259.01,0.288,True
CUST03549,2025-07-13 02:30:04.680936,South,Product A,1281.54,866.14,0.264,False
CUST03550,2025-07-13 03:48:25.781156,West,Product D,-4534.74,2938.81,0.174,False
CUST03551,2025-07-13 05:06:46.881376,North,Product A,4315.58,2556.31,0.18,False
CUST03552,2025-07-13 06:25:07.981596,South,Product C,1242.44,865.82,0.288,False
CUST03553,2025-07-13 07:43:29.081816,South,Product B,1460.89,863.75,0.291,False
CUST03554,2025-07-13 09:01:50.182036,North,Product B,6953.0,3632.88,0.116,False
CUST03555,2025-07-13 10:20:11.282256,East,Product C,5487.61,3833.26,0.147,False
CUST03556,2025-07-13 11:38:32.382476,North,Product A,6533.83,3296.74,0.013,False
CUST03557,2025-07-13 12:56:53.482696,South,Product B,1982.15,1209.06,0.339,False
CUST03558,2025-07-13 14:15:14.582916,North,Product C,4406.53,2475.67,0.191,False
CUST03559,2025-07-13 15:33:35.683136,South,Product C,1643.1,987.03,0.272,True
CUST03560,2025-07-13 16:51:56.783356,South,Product A,1914.76,1171.34,0.402,False
CUST03561,2025-07-13 18:10:17.883576,West,Product D,5350.0,2931.91,0.19,False
CUST03562,2025-07-13 19:28:38.983796,North,Product C,4538.13,2774.48,0.054,False
CUST03563,2025-07-13 20:47:00.084016,South,Product D,1327.2,864.29,0.371,False
CUST03564,2025-07-13 22:05:21.184236,South,Product B,2670.57,1477.63,0.268,False
CUST03565,2025-07-13 23:23:42.284456,East,Product B,4887.08,2818.31,0.148,False
CUST03566,2025-07-14 00:42:03.384676,South,Product D,-1658.79,918.39,0.379,True
CUST03567,2025-07-14 02:00:24.484896,East,Product D,5090.67,3380.77,0.049,False
CUST03568,2025-07-14 03:18:45.585117,East,Product B,4805.82,3099.73,0.143,False
CUST03569,2025-07-14 04:37:06.685337,West,Product A,5098.18,3437.4,0.162,False
CUST03570,2025-07-14 05:55:27.785557,South,Product B,2110.35,1126.95,0.292,True
CUST03571,2025-07-14 07:13:48.885777,South,Product B,1715.13,882.8,0.254,False
CUST03572,2025-07-14 08:32:09.985997,West,Product A,4069.83,2132.09,0.018,False
CUST03573,2025-07-14 09:50:31.086217,West,Product A,4870.68,2592.2,0.115,False
CUST03574,2025-07-14 11:08:52.186437,West,Product D,4628.48,2807.71,0.196,False
CUST03575,2025-07-14 12:27:13.286657,South,Product A,2148.69,1491.58,0.385,True
CUST03576,2025-07-14 13:45:34.386877,North,Product C,5936.9,3392.62,0.087,False
CUST03577,2025-07-14 15:03:55.487097,South,Product A,1780.11,1231.3,0.327,True
CUST03578,2025-07-14 16:22:16.587317,East,Product A,3977.01,2018.89,0.056,False
CUST03579,2025-07-14 17:40:37.687537,South,Product A,1406.75,964.15,0.253,False
CUST03580,2025-07-14 18:58:58.787757,South,Product A,1754.23,940.67,0.316,True
CUST03581,2025-07-14 20:17:19.887977,West,Product C,5269.06,3596.11,0.093,False
CUST03582,2025-07-14 21:35:40.988197,South,Product D,1645.11,841.05,0.324,True
CUST03583,2025-07-14 22:54:02.088417,West,Product A,4615.86,3183.3,0.191,False
CUST03584,2025-07-15 00:12:23.188637,South,Product B,1584.02,855.62,0.341,False
CUST03585,2025-07-15 01:30:44.288857,South,Product B,1743.45,977.28,0.341,False
CUST03586,2025-07-15 02:49:05.389077,South,Product D,1082.83,647.73,0.246,False
CUST03587,2025-07-15 04:07:26.489297,East,Product C,4118.94,2373.1,0.199,False
CUST03588,2025-07-15 05:25:47.589517,North,Product B,4498.36,2849.74,0.155,True
CUST03589,2025-07-15 06:44:08.689737,North,Product C,5966.0,4146.14,0.175,False
CUST03590,2025-07-15 08:02:29.789957,West,Product C,4348.95,2701.94,0.083,False
CUST03591,2025-07-15 09:20:50.890178,North,Product A,5144.37,3314.51,0.1,False
CUST03592,2025-07-15 10:39:11.990398,South,Product B,1813.43,938.63,0.324,True
CUST03593,2025-07-15 11:57:33.090618,South,Product D,2113.42,1322.07,0.259,False
CUST03594,2025-07-15 13:15:54.190838,South,Product C,2103.52,1242.7,0.358,False
CUST03595,2025-07-15 14:34:15.291058,East,Product B,4954.0,3354.63,0.181,False
CUST03596,2025-07-15 15:52:36.391278,North,Product B,4619.61,2668.48,0.033,False
CUST03597,2025-07-15 17:10:57.491498,South,Product A,1564.13,994.61,0.237,False
CUST03598,2025-07-15 18:29:18.591718,South,Product B,1682.5,918.02,0.368,False
CUST03599,2025-07-15 19:47:39.691938,East,Product C,4652.77,2567.75,0.055,False
CUST03600,2025-07-15 21:06:00.792158,North,Product B,5442.9,3130.89,0.125,False
CUST03601,2025-07-15 22:24:21.892378,South,Product C,1867.69,1047.42,0.359,True
CUST03602,2025-07-15 23:42:42.992598,North,Product D,5473.44,3014.64,0.064,False
CUST03603,2025-07-16 01:01:04.092818,North,Product A,6007.43,3063.39,0.163,False
CUST03604,2025-07-16 02:19:25.193038,North,Product B,6490.3,4331.29,0.11,False
CUST03605,2025-07-16 03:37:46.293258,North,Product B,5099.73,2615.45,0.174,False
CUST03606,2025-07-16 04:56:07.393478,West,Product C,5879.57,3983.25,0.153,False
CUST03607,2025-07-16 06:14:28.493698,North,Product A,4718.67,2477.74,0.174,False
CUST03608,2025-07-16 07:32:49.593918,West,Product C,5948.01,3051.64,0.004,False
CUST03609,2025-07-16 08:51:10.694138,West,Product D,5849.21,3583.23,0.049,False
CUST03610,2025-07-16 10:09:31.794358,South,Product B,2032.36,1220.41,0.238,False
CUST03611,2025-07-16 11:27:52.894578,North,Product D,5075.26,3036.26,0.088,False
CUST03612,2025-07-16 12:46:13.994798,South,Product D,1562.86,961.0,0.398,False
CUST03613,2025-07-16 14:04:35.095019,East,Product A,3884.38,2165.2,0.094,False
CUST03614,2025-07-16 15:22:56.195239,South,Product A,1738.79,1099.94,0.39,False
CUST03615,2025-07-16 16:41:17.295459,North,Product D,6226.41,3738.84,0.065,False
CUST03616,2025-07-16 17:59:38.395679,South,Product D,1663.24,942.97,0.288,True
CUST03617,2025-07-16 19:17:59.495899,West,Product A,5628.1,3744.38,0.179,False
CUST03618,2025-07-16 20:36:20.596119,East,Product A,5675.16,3663.57,0.085,False
CUST03619,2025-07-16 21:54:41.696339,North,Product A,4773.05,2762.27,0.158,False
CUST03620,2025-07-16 23:13:02.796559,East,Product D,6053.08,4052.68,0.047,False
CUST03621,2025-07-17 00:31:23.896779,North,Product A,2673.07,1828.52,0.19,False
CUST03622,2025-07-17 01:49:44.996999,North,Product B,4021.8,2442.73,0.115,False
CUST03623,2025-07-17 03:08:06.097219,West,Product C,4267.49,2317.21,0.152,False
CUST03624,2025-07-17 04:26:27.197439,North,Product A,4344.23,2967.8,0.018,False
CUST03625,2025-07-17 05:44:48.297659,North,Product C,5269.01,2834.18,0.099,False
CUST03626,2025-07-17 07:03:09.397879,North,Product A,5232.03,2666.69,0.18,False
CUST03627,2025-07-17 08:21:30.498099,West,Product D,5315.19,3005.73,0.175,False
CUST03628,2025-07-17 09:39:51.598319,East,Product A,5476.87,3534.73,0.009,False
CUST03629,2025-07-17 10:58:12.698539,East,Product C,4239.92,2902.88,0.061,True
CUST03630,2025-07-17 12:16:33.798759,East,Product C,4025.46,2525.8,0.089,False
CUST03631,2025-07-17 13:34:54.898979,North,Product A,5317.06,3670.72,0.034,False
CUST03632,2025-07-17 14:53:15.999199,South,Product A,1573.54,815.84,0.366,True
CUST03633,2025-07-17 16:11:37.099419,South,Product B,1310.27,671.05,0.257,False
CUST03634,2025-07-17 17:29:58.199639,North,Product A,5777.08,3586.63,0.069,False
CUST03635,2025-07-17 18:48:19.299859,South,Product C,,1483.93,0.353,False
CUST03636,2025-07-17 20:06:40.400080,West,Product C,6245.73,3750.84,0.096,False
CUST03637,2025-07-17 21:25:01.500300,North,Product B,5149.61,2627.86,0.148,False
CUST03638,2025-07-17 22:43:22.600520,North,Product C,5500.75,2993.75,0.192,False
CUST03639,2025-07-18 00:01:43.700740,North,Product C,6095.89,3346.39,0.023,False
CUST03640,2025-07-18 01:20:04.800960,North,Product C,4486.87,2546.62,0.142,False
CUST03641,2025-07-18 02:38:25.901180,West,Product B,5888.54,2995.62,0.046,False
CUST03642,2025-07-18 03:56:47.001400,South,Product A,1827.11,1244.22,0.303,False
CUST03643,2025-07-18 05:15:08.101620,South,Product A,2005.84,1209.75,0.227,False
CUST03644,2025-07-18 06:33:29.201840,East,Product B,5148.87,3265.34,0.027,False
CUST03645,2025-07-18 07:51:50.302060,North,Product B,6037.01,3099.61,0.064,False
CUST03646,2025-07-18 09:10:11.402280,South,Product B,1812.59,925.91,0.288,False
CUST03647,2025-07-18 10:28:32.502500,South,Product A,1334.49,823.77,0.4,True
CUST03648,2025-07-18 11:46:53.602720,South,Product C,2156.54,1460.97,0.368,False
CUST03649,2025-07-18 13:05:14.702940,West,Product A,4241.98,2569.35,0.194,False
CUST03650,2025-07-18 14:23:35.803160,East,Product A,6002.45,4055.04,0.12,False
CUST03651,2025-07-18 15:41:56.903380,South,Product B,1724.73,1142.11,0.268,False
CUST03652,2025-07-18 17:00:18.003600,West,Product A,5940.81,3060.53,0.066,False
CUST03653,2025-07-18 18:18:39.103820,North,Product B,5907.81,3192.53,0.064,False
CUST03654,2025-07-18 19:37:00.204040,North,Product B,5344.11,3375.03,0.065,False
CUST03655,2025-07-18 20:55:21.304260,North,Product B,5406.83,3183.0,0.135,False
CUST03656,2025-07-18 22:13:42.404480,South,Product B,1868.34,1042.79,0.326,False
CUST03657,2025-07-18 23:32:03.504700,South,Product A,1186.13,692.38,0.297,True
CUST03658,2025-07-19 00:50:24.604920,East,Product A,5094.66,3000.96,0.03,False
CUST03659,2025-07-19 02:08:45.705141,West,Product D,4107.15,2801.53,0.004,False
CUST03660,2025-07-19 03:27:06.805361,South,Product B,1797.93,936.17,0.264,True
CUST03661,2025-07-19 04:45:27.905581,South,Product B,1429.98,794.99,0.241,False
CUST03662,2025-07-19 06:03:49.005801,North,Product A,4052.04,2461.67,0.157,False
CUST03663,2025-07-19 07:22:10.106021,North,Product B,6283.95,4019.57,0.022,False
CUST03664,2025-07-19 08:40:31.206241,South,Product B,2049.45,1283.21,0.365,False
CUST03665,2025-07-19 09:58:52.306461,South,Product B,1748.84,1203.78,0.297,False
CUST03666,2025-07-19 11:17:13.406681,West,Product C,5147.81,3393.04,0.015,False
CUST03667,2025-07-19 12:35:34.506901,North,Product A,4801.67,2935.81,0.163,False
CUST03668,2025-07-19 13:53:55.607121,North,Product A,5455.9,2962.21,0.116,False
CUST03669,2025-07-19 15:12:16.707341,South,Product C,1560.7,921.09,0.267,False
CUST03670,2025-07-19 16:30:37.807561,North,Product D,,3701.13,0.179,True
CUST03671,2025-07-19 17:48:58.907781,North,Product A,4797.53,3202.8,0.009,True
CUST03672,2025-07-19 19:07:20.008001,East,Product B,4664.12,3227.33,0.04,False
CUST03673,2025-07-19 20:25:41.108221,North,Product A,5017.37,3116.24,0.15,False
CUST03674,2025-07-19 21:44:02.208441,East,Product A,4527.08,2740.62,0.142,False
CUST03675,2025-07-19 23:02:23.308661,North,Product A,5262.95,2650.1,0.058,False
CUST03676,2025-07-20 00:20:44.408881,North,Product A,4570.11,2350.96,0.012,False
CUST03677,2025-07-20 01:39:05.509101,South,Product C,1881.19,999.33,0.392,False
CUST03678,2025-07-20 02:57:26.609321,West,Product B,5972.81,3051.82,0.063,False
CUST03679,2025-07-20 04:15:47.709541,South,Product A,1548.59,898.45,0.259,False
CUST03680,2025-07-20 05:34:08.809761,East,Product A,4895.54,2777.61,0.103,False
CUST03681,2025-07-20 06:52:29.909981,North,Product C,5369.06,3368.93,0.182,False
CUST03682,2025-07-20 08:10:51.010202,East,Product A,4651.31,2823.97,0.009,False
CUST03683,2025-07-20 09:29:12.110422,North,Product C,5371.46,3325.97,0.153,False
CUST03684,2025-07-20 10:47:33.210642,East,Product A,5444.32,3236.08,0.114,False
CUST03685,2025-07-20 12:05:54.310862,South,Product B,2053.31,1140.71,0.305,False
CUST03686,2025-07-20 13:24:15.411082,West,Product A,4515.21,3118.04,0.149,True
CUST03687,2025-07-20 14:42:36.511302,South,Product A,1486.02,768.69,0.413,False
CUST03688,2025-07-20 16:00:57.611522,North,Product A,4753.94,3269.65,0.046,False
CUST03689,2025-07-20 17:19:18.711742,North,Product A,4225.8,2375.94,0.029,False
CUST03690,2025-07-20 18:37:39.811962,West,Product B,5451.6,3284.76,0.183,False
CUST03691,2025-07-20 19:56:00.912182,South,Product C,1424.71,743.37,0.354,False
CUST03692,2025-07-20 21:14:22.012402,East,Product A,6866.41,3530.61,0.088,False
CUST03693,2025-07-20 22:32:43.112622,North,Product A,6036.74,3536.98,0.115,False
CUST03694,2025-07-20 23:51:04.212842,South,Product B,1753.52,1136.88,0.369,False
CUST03695,2025-07-21 01:09:25.313062,North,Product C,5693.92,3153.71,0.155,False
CUST03696,2025-07-21 02:27:46.413282,West,Product D,3690.56,2260.35,0.184,False
CUST03697,2025-07-21 03:46:07.513502,East,Product B,7018.7,3900.5,0.085,True
CUST03698,2025-07-21 05:04:28.613722,West,Product B,4527.83,2615.83,0.059,False
CUST03699,2025-07-21 06:22:49.713942,North,Product B,4903.6,3340.77,0.128,False
CUST03700,2025-07-21 07:41:10.814162,East,Product D,3515.25,2359.33,0.083,False
CUST03701,2025-07-21 08:59:31.914382,East,Product C,5389.03,3250.68,0.119,False
CUST03702,2025-07-21 10:17:53.014602,South,Product A,1440.22,788.7,0.304,False
CUST03703,2025-07-21 11:36:14.114822,West,Product A,5081.32,2736.99,0.031,False
CUST03704,2025-07-21 12:54:35.215043,West,Product A,4564.58,3153.29,0.094,False
CUST03705,2025-07-21 14:12:56.315263,West,Product B,,2236.66,0.138,False
CUST03706,2025-07-21 15:31:17.415483,East,Product C,4356.51,2882.41,0.16,False
CUST03707,2025-07-21 16:49:38.515703,North,Product B,5180.63,2972.61,0.099,False
CUST03708,2025-07-21 18:07:59.615923,North,Product A,3974.81,2770.97,0.033,False
CUST03709,2025-07-21 19:26:20.716143,West,Product C,4400.95,2524.52,0.083,False
CUST03710,2025-07-21 20:44:41.816363,North,Product C,5530.62,3154.13,0.157,False
CUST03711,2025-07-21 22:03:02.916583,East,Product A,7081.98,4443.89,0.083,False
CUST03712,2025-07-21 23:21:24.016803,East,Product C,5382.07,3726.03,0.139,False
CUST03713,2025-07-22 00:39:45.117023,East,Product B,4266.19,2966.03,0.101,False
CUST03714,2025-07-22 01:58:06.217243,West,Product D,4706.31,3018.82,0.048,False
CUST03715,2025-07-22 03:16:27.317463,South,Product C,1758.84,1144.87,0.379,False
CUST03716,2025-07-22 04:34:48.417683,South,Product B,1652.16,1012.25,0.237,True
CUST03717,2025-07-22 05:53:09.517903,North,Product C,5722.45,3726.2,0.105,False
CUST03718,2025-07-22 07:11:30.618123,South,Product D,1810.89,1216.84,0.262,False
CUST03719,2025-07-22 08:29:51.718343,North,Product B,5726.28,3419.84,0.013,False
CUST03720,2025-07-22 09:48:12.818563,South,Product A,1661.96,1037.01,0.321,False
CUST03721,2025-07-22 11:06:33.918783,West,Product C,6060.4,3681.47,0.1,False
CUST03722,2025-07-22 12:24:55.019003,West,Product A,4866.81,2980.89,0.141,False
CUST03723,2025-07-22 13:43:16.119223,North,Product B,4223.05,2863.27,0.149,False
CUST03724,2025-07-22 15:01:37.219443,South,Product D,2359.65,1347.65,0.366,True
CUST03725,2025-07-22 16:19:58.319663,West,Product C,3540.02,1917.4,0.082,False
CUST03726,2025-07-22 17:38:19.419883,North,Product B,4409.01,2606.85,0.126,False
CUST03727,2025-07-22 18:56:40.520104,North,Product A,4498.38,2436.4,0.115,False
CUST03728,2025-07-22 20:15:01.620324,North,Product B,7006.65,4201.75,0.084,False
CUST03729,2025-07-22 21:33:22.720544,South,Product A,2255.92,1535.61,0.339,False
CUST03730,2025-07-22 22:51:43.820764,North,Product A,6195.14,3862.59,0.189,False
CUST03731,2025-07-23 00:10:04.920984,West,Product C,4735.47,3177.91,0.039,False
CUST03732,2025-07-23 01:28:26.021204,South,Product A,2429.33,1295.41,0.401,False
CUST03733,2025-07-23 02:46:47.121424,South,Product B,1853.14,1260.46,0.231,False
CUST03734,2025-07-23 04:05:08.221644,North,Product B,5781.81,3586.79,0.062,False
CUST03735,2025-07-23 05:23:29.321864,South,Product D,1800.31,911.59,0.278,False
CUST03736,2025-07-23 06:41:50.422084,East,Product B,4960.43,3108.32,0.125,False
CUST03737,2025-07-23 08:00:11.522304,East,Product A,4798.58,3312.36,0.026,False
CUST03738,2025-07-23 09:18:32.622524,East,Product A,4832.29,2492.66,0.176,True
CUST03739,2025-07-23 10:36:53.722744,South,Product B,1920.38,1183.9,0.386,False
CUST03740,2025-07-23 11:55:14.822964,West,Product B,5293.76,3616.14,0.13,False
CUST03741,2025-07-23 13:13:35.923184,West,Product B,4974.82,2497.06,0.092,False
CUST03742,2025-07-23 14:31:57.023404,East,Product B,6207.62,3887.1,0.187,True
CUST03743,2025-07-23 15:50:18.123624,North,Product A,,1562.77,0.166,False
CUST03744,2025-07-23 17:08:39.223844,North,Product B,5407.91,3079.25,0.1,False
CUST03745,2025-07-23 18:27:00.324064,North,Product B,5574.19,3486.7,0.14,False
CUST03746,2025-07-23 19:45:21.424284,East,Product A,5917.57,3021.16,0.113,False
CUST03747,2025-07-23 21:03:42.524504,South,Product A,1731.84,1126.75,0.338,False
CUST03748,2025-07-23 22:22:03.624724,South,Product A,1808.22,905.73,0.286,False
CUST03749,2025-07-23 23:40:24.724944,West,Product A,5788.76,3249.73,0.092,False
CUST03750,2025-07-24 00:58:45.825165,West,Product C,6192.93,3720.66,0.016,False
CUST03751,2025-07-24 02:17:06.925385,West,Product A,4759.57,2738.68,0.071,False
CUST03752,2025-07-24 03:35:28.025605,South,Product A,1824.75,1024.59,0.359,True
CUST03753,2025-07-24 04:53:49.125825,East,Product A,6342.86,4225.4,0.191,False
CUST03754,2025-07-24 06:12:10.226045,North,Product D,3300.78,2267.52,0.193,False
CUST03755,2025-07-24 07:30:31.326265,North,Product D,4447.99,3001.25,0.111,False
CUST03756,2025-07-24 08:48:52.426485,North,Product A,6172.67,3731.29,0.121,False
CUST03757,2025-07-24 10:07:13.526705,South,Product A,2055.91,1391.51,0.257,False
CUST03758,2025-07-24 11:25:34.626925,South,Product A,1896.28,1297.39,0.359,True
CUST03759,2025-07-24 12:43:55.727145,West,Product B,4641.12,2700.43,0.014,False
CUST03760,2025-07-24 14:02:16.827365,North,Product A,4294.55,2390.73,0.057,False
CUST03761,2025-07-24 15:20:37.927585,East,Product C,4527.03,2352.48,0.134,False
CUST03762,2025-07-24 16:38:59.027805,South,Product B,2183.44,1300.94,0.282,False
CUST03763,2025-07-24 17:57:20.128025,North,Product D,4497.25,3099.77,0.01,True
CUST03764,2025-07-24 19:15:41.228245,South,Product A,1778.4,1088.7,0.386,True
CUST03765,2025-07-24 20:34:02.328465,North,Product C,4397.03,2785.58,0.062,False
CUST03766,2025-07-24 21:52:23.428685,South,Product C,1985.98,1037.83,0.233,True
CUST03767,2025-07-24 23:10:44.528905,South,Product A,1599.16,845.48,0.235,False
CUST03768,2025-07-25 00:29:05.629125,North,Product B,4921.92,2918.18,0.05,False
CUST03769,2025-07-25 01:47:26.729345,North,Product A,3653.29,2521.7,0.036,False
CUST03770,2025-07-25 03:05:47.829565,South,Product A,1298.26,742.81,0.375,False
CUST03771,2025-07-25 04:24:08.929785,West,Product A,5006.14,3381.63,0.064,False
CUST03772,2025-07-25 05:42:30.030006,South,Product B,1378.96,722.65,0.381,True
CUST03773,2025-07-25 07:00:51.130226,East,Product B,6684.07,4166.87,0.035,False
CUST03774,2025-07-25 08:19:12.230446,East,Product D,-3350.78,2077.9,0.099,False
CUST03775,2025-07-25 09:37:33.330666,West,Product A,4359.86,2929.72,0.138,False
CUST03776,2025-07-25 10:55:54.430886,West,Product D,5013.36,2510.01,0.13,False
CUST03777,2025-07-25 12:14:15.531106,South,Product A,1647.76,886.47,0.34,True
CUST03778,2025-07-25 13:32:36.631326,East,Product C,4116.68,2239.22,0.185,False
CUST03779,2025-07-25 14:50:57.731546,West,Product A,4233.66,2921.2,0.046,False
CUST03780,2025-07-25 16:09:18.831766,South,Product A,1472.62,781.57,0.319,False
CUST03781,2025-07-25 17:27:39.931986,South,Product D,1669.72,847.2,0.397,False
CUST03782,2025-07-25 18:46:01.032206,North,Product A,6561.54,3982.15,0.016,False
CUST03783,2025-07-25 20:04:22.132426,West,Product C,5062.35,3066.32,0.011,False
CUST03784,2025-07-25 21:22:43.232646,West,Product B,5946.32,3976.95,0.047,False
CUST03785,2025-07-25 22:41:04.332866,North,Product B,5405.58,3728.62,0.127,False
CUST03786,2025-07-25 23:59:25.433086,South,Product B,2061.88,1253.02,0.272,True
CUST03787,2025-07-26 01:17:46.533306,South,Product C,966.01,662.68,0.258,False
CUST03788,2025-07-26 02:36:07.633526,North,Product A,4756.43,3068.05,0.092,False
CUST03789,2025-07-26 03:54:28.733746,West,Product C,6045.71,3342.74,0.123,False
CUST03790,2025-07-26 05:12:49.833966,North,Product D,4542.61,3114.8,0.05,False
CUST03791,2025-07-26 06:31:10.934186,North,Product A,6409.98,4060.65,0.06,False
CUST03792,2025-07-26 07:49:32.034406,South,Product A,2165.49,1262.09,0.343,True
CUST03793,2025-07-26 09:07:53.134626,East,Product C,4624.7,2941.53,0.189,False
CUST03794,2025-07-26 10:26:14.234846,North,Product B,4597.47,2667.74,0.135,False
CUST03795,2025-07-26 11:44:35.335067,East,Product B,4189.12,2190.22,0.157,False
CUST03796,2025-07-26 13:02:56.435287,South,Product A,1573.71,1013.15,0.293,True
CUST03797,2025-07-26 14:21:17.535507,North,Product B,4013.93,2668.53,0.054,False
CUST03798,2025-07-26 15:39:38.635727,North,Product A,5343.05,3450.33,0.091,False
CUST03799,2025-07-26 16:57:59.735947,South,Product B,1342.31,732.66,0.381,False
CUST03800,2025-07-26 18:16:20.836167,North,Product C,5482.99,3790.54,0.091,False
CUST03801,2025-07-26 19:34:41.936387,West,Product A,5502.46,2779.02,0.169,False
CUST03802,2025-07-26 20:53:03.036607,West,Product B,3671.04,2079.78,0.198,False
CUST03803,2025-07-26 22:11:24.136827,West,Product D,6239.85,3444.52,0.014,False
CUST03804,2025-07-26 23:29:45.237047,North,Product C,5410.89,2757.52,0.009,False
CUST03805,2025-07-27 00:48:06.337267,West,Product C,5599.76,3254.28,0.03,False
CUST03806,2025-07-27 02:06:27.437487,South,Product B,1537.57,960.4,0.297,False
CUST03807,2025-07-27 03:24:48.537707,South,Product C,1924.27,1301.79,0.246,True
CUST03808,2025-07-27 04:43:09.637927,North,Product A,5901.11,4118.61,0.174,False
CUST03809,2025-07-27 06:01:30.738147,North,Product A,4921.11,3255.9,0.005,False
CUST03810,2025-07-27 07:19:51.838367,East,Product A,6601.54,3919.57,0.063,False
CUST03811,2025-07-27 08:38:12.938587,South,Product B,1762.34,1136.25,0.257,False
CUST03812,2025-07-27 09:56:34.038807,North,Product C,5912.63,3953.92,0.186,False
CUST03813,2025-07-27 11:14:55.139027,East,Product A,5234.41,3104.32,0.134,False
CUST03814,2025-07-27 12:33:16.239247,North,Product C,,3592.81,0.182,False
CUST03815,2025-07-27 13:51:37.339467,South,Product C,1282.03,764.77,0.414,False
CUST03816,2025-07-27 15:09:58.439687,South,Product B,1853.9,1070.25,0.319,True
CUST03817,2025-07-27 16:28:19.539907,West,Product B,4412.02,2670.23,0.047,False
CUST03818,2025-07-27 17:46:40.640128,West,Product B,4322.88,2745.77,0.039,False
CUST03819,2025-07-27 19:05:01.740348,South,Product A,2238.35,1444.58,0.265,False
CUST03820,2025-07-27 20:23:22.840568,South,Product A,1690.14,965.66,0.362,False
CUST03821,2025-07-27 21:41:43.940788,South,Product D,1469.08,902.4,0.228,False
CUST03822,2025-07-27 23:00:05.041008,West,Product A,4712.69,3213.94,0.01,False
CUST03823,2025-07-28 00:18:26.141228,South,Product A,,963.55,0.342,False
CUST03824,2025-07-28 01:36:47.241448,North,Product D,6147.11,3352.94,0.128,False
CUST03825,2025-07-28 02:55:08.341668,North,Product A,4443.46,2393.1,0.133,False
CUST03826,2025-07-28 04:13:29.441888,South,Product C,1898.2,1206.0,0.294,False
CUST03827,2025-07-28 05:31:50.542108,South,Product A,2129.71,1241.49,0.381,False
CUST03828,2025-07-28 06:50:11.642328,West,Product B,4599.88,2322.22,0.107,False
CUST03829,2025-07-28 08:08:32.742548,North,Product A,5425.62,3089.2,0.021,False
CUST03830,2025-07-28 09:26:53.842768,South,Product A,1461.58,966.61,0.379,False
CUST03831,2025-07-28 10:45:14.942988,West,Product B,6956.62,4587.79,0.191,False
CUST03832,2025-07-28 12:03:36.043208,West,Product C,5749.1,3443.35,0.012,False
CUST03833,2025-07-28 13:21:57.143428,South,Product B,1696.07,1008.34,0.298,False
CUST03834,2025-07-28 14:40:18.243648,South,Product D,1533.61,944.55,0.318,True
CUST03835,2025-07-28 15:58:39.343868,South,Product A,1718.08,934.43,0.249,False
CUST03836,2025-07-28 17:17:00.444088,West,Product B,4728.01,2861.43,0.174,False
CUST03837,2025-07-28 18:35:21.544308,North,Product B,6562.36,3295.68,0.057,True
CUST03838,2025-07-28 19:53:42.644528,West,Product D,4019.57,2392.1,0.157,False
CUST03839,2025-07-28 21:12:03.744748,East,Product A,5107.84,2897.22,0.134,False
CUST03840,2025-07-28 22:30:24.844968,South,Product B,1744.87,1107.94,0.34,True
CUST03841,2025-07-28 23:48:45.945189,North,Product D,4906.07,3079.4,0.038,False
CUST03842,2025-07-29 01:07:07.045409,South,Product A,1719.59,990.77,0.264,False
CUST03843,2025-07-29 02:25:28.145629,South,Product D,1717.5,861.25,0.229,False
CUST03844,2025-07-29 03:43:49.245849,North,Product A,5698.45,3136.74,0.048,False
CUST03845,2025-07-29 05:02:10.346069,East,Product C,5487.19,3438.65,0.069,False
CUST03846,2025-07-29 06:20:31.446289,West,Product D,5335.13,2744.79,0.167,False
CUST03847,2025-07-29 07:38:52.546509,South,Product C,900.48,469.63,0.293,False
CUST03848,2025-07-29 08:57:13.646729,East,Product B,5239.84,3297.99,0.151,False
CUST03849,2025-07-29 10:15:34.746949,North,Product A,3675.49,2393.31,0.088,False
CUST03850,2025-07-29 11:33:55.847169,South,Product D,1930.97,1089.67,0.377,False
CUST03851,2025-07-29 12:52:16.947389,North,Product B,6179.6,3695.0,0.195,False
CUST03852,2025-07-29 14:10:38.047609,East,Product A,4259.01,2935.06,0.048,False
CUST03853,2025-07-29 15:28:59.147829,West,Product C,4790.58,3301.23,0.172,False
CUST03854,2025-07-29 16:47:20.248049,East,Product B,4520.52,2538.27,0.124,False
CUST03855,2025-07-29 18:05:41.348269,North,Product A,5988.35,3964.27,0.163,False
CUST03856,2025-07-29 19:24:02.448489,South,Product A,1776.61,1099.35,0.35,False
CUST03857,2025-07-29 20:42:23.548709,South,Product A,2233.93,1552.8,0.305,True
CUST03858,2025-07-29 22:00:44.648929,South,Product B,1865.85,1111.16,0.266,False
CUST03859,2025-07-29 23:19:05.749149,West,Product C,5193.96,3401.74,0.014,False
CUST03860,2025-07-30 00:37:26.849369,West,Product B,5054.57,3303.8,0.107,False
CUST03861,2025-07-30 01:55:47.949589,East,Product C,5654.39,3389.73,0.198,True
CUST03862,2025-07-30 03:14:09.049809,South,Product D,1263.45,832.77,0.368,False
CUST03863,2025-07-30 04:32:30.150030,North,Product C,5068.28,2798.74,0.065,False
CUST03864,2025-07-30 05:50:51.250250,North,Product A,4943.96,2592.86,0.165,False
CUST03865,2025-07-30 07:09:12.350470,South,Product C,1953.12,1142.64,0.374,False
CUST03866,2025-07-30 08:27:33.450690,South,Product B,1697.44,1169.07,0.276,False
CUST03867,2025-07-30 09:45:54.550910,East,Product B,4169.01,2502.03,0.003,False
CUST03868,2025-07-30 11:04:15.651130,East,Product C,5005.88,3138.95,0.024,False
CUST03869,2025-07-30 12:22:36.751350,North,Product B,4133.73,2582.89,0.175,False
CUST03870,2025-07-30 13:40:57.851570,South,Product D,1210.93,637.57,0.387,False
CUST03871,2025-07-30 14:59:18.951790,North,Product A,5581.7,3226.55,0.059,False
CUST03872,2025-07-30 16:17:40.052010,North,Product C,5463.25,3504.06,0.057,False
CUST03873,2025-07-30 17:36:01.152230,West,Product A,5373.67,3731.47,0.159,False
CUST03874,2025-07-30 18:54:22.252450,North,Product D,6042.34,3224.22,0.188,False
CUST03875,2025-07-30 20:12:43.352670,South,Product A,1563.79,910.26,0.376,True
CUST03876,2025-07-30 21:31:04.452890,North,Product A,3855.11,2000.87,0.121,False
CUST03877,2025-07-30 22:49:25.553110,West,Product A,4943.98,2711.65,0.049,False
CUST03878,2025-07-31 00:07:46.653330,South,Product B,1652.7,950.88,0.325,False
CUST03879,2025-07-31 01:26:07.753550,North,Product A,4326.16,2630.86,0.047,False
CUST03880,2025-07-31 02:44:28.853770,South,Product B,1727.64,943.49,0.382,False
CUST03881,2025-07-31 04:02:49.953990,East,Product B,4510.72,2460.65,0.077,False
CUST03882,2025-07-31 05:21:11.054210,West,Product A,3531.2,2314.93,0.167,False
CUST03883,2025-07-31 06:39:32.154430,North,Product A,4647.06,3218.22,0.076,False
CUST03884,2025-07-31 07:57:53.254650,West,Product C,4090.9,2310.22,0.165,False
CUST03885,2025-07-31 09:16:14.354870,West,Product C,5185.32,3306.15,0.067,False
CUST03886,2025-07-31 10:34:35.455091,West,Product C,4475.17,2468.58,0.088,False
CUST03887,2025-07-31 11:52:56.555311,East,Product C,5889.31,4037.65,0.123,False
CUST03888,2025-07-31 13:11:17.655531,East,Product A,6283.09,3987.13,0.014,False
CUST03889,2025-07-31 14:29:38.755751,South,Product A,1940.23,1281.59,0.41,True
CUST03890,2025-07-31 15:47:59.855971,East,Product A,3759.18,1916.7,0.115,False
CUST03891,2025-07-31 17:06:20.956191,South,Product C,2171.45,1345.65,0.322,False
CUST03892,2025-07-31 18:24:42.056411,East,Product D,6260.58,3790.92,0.168,False
CUST03893,2025-07-31 19:43:03.156631,South,Product B,1755.26,980.49,0.393,False
CUST03894,2025-07-31 21:01:24.256851,East,Product A,6058.34,3347.15,0.104,False
CUST03895,2025-07-31 22:19:45.357071,West,Product A,4558.66,2808.16,0.185,False
CUST03896,2025-07-31 23:38:06.457291,North,Product A,3507.0,2249.03,0.013,False
CUST03897,2025-08-01 00:56:27.557511,West,Product B,4391.77,2225.02,0.023,False
CUST03898,2025-08-01 02:14:48.657731,South,Product A,2234.2,1370.64,0.339,True
CUST03899,2025-08-01 03:33:09.757951,West,Product D,3807.14,2033.36,0.071,False
CUST03900,2025-08-01 04:51:30.858171,South,Product B,1749.87,924.06,0.313,False
CUST03901,2025-08-01 06:09:51.958391,South,Product D,1759.56,1099.06,0.286,False
CUST03902,2025-08-01 07:28:13.058611,West,Product C,4589.62,2580.17,0.081,False
CUST03903,2025-08-01 08:46:34.158831,North,Product C,,2732.19,0.165,False
CUST03904,2025-08-01 10:04:55.259051,West,Product C,5057.8,2893.06,0.119,False
CUST03905,2025-08-01 11:23:16.359271,South,Product C,1592.59,1002.8,0.419,True
CUST03906,2025-08-01 12:41:37.459491,South,Product C,1351.82,803.02,0.377,False
CUST03907,2025-08-01 13:59:58.559711,South,Product C,1810.21,1253.92,0.275,False
CUST03908,2025-08-01 15:18:19.659931,South,Product B,2050.54,1169.79,0.273,True
CUST03909,2025-08-01 16:36:40.760152,South,Product D,1993.48,1291.89,0.287,False
CUST03910,2025-08-01 17:55:01.860372,North,Product C,4352.21,2400.06,0.169,False
CUST03911,2025-08-01 19:13:22.960592,North,Product C,3999.02,2406.41,0.005,False
CUST03912,2025-08-01 20:31:44.060812,North,Product D,4772.65,2913.77,0.046,True
CUST03913,2025-08-01 21:50:05.161032,West,Product A,6254.23,3538.78,0.181,False
CUST03914,2025-08-01 23:08:26.261252,West,Product A,5516.48,3278.75,0.128,False
CUST03915,2025-08-02 00:26:47.361472,South,Product B,1947.11,1082.31,0.265,False
CUST03916,2025-08-02 01:45:08.461692,East,Product B,5711.89,2862.8,0.044,False
CUST03917,2025-08-02 03:03:29.561912,South,Product C,1867.81,1014.47,0.393,False
CUST03918,2025-08-02 04:21:50.662132,East,Product B,5096.49,3261.82,0.179,False
CUST03919,2025-08-02 05:40:11.762352,West,Product B,5529.85,3617.58,0.051,False
CUST03920,2025-08-02 06:58:32.862572,West,Product B,4563.07,2537.25,0.084,False
CUST03921,2025-08-02 08:16:53.962792,South,Product A,1353.95,787.47,0.387,False
CUST03922,2025-08-02 09:35:15.063012,East,Product C,,2830.89,0.154,False
CUST03923,2025-08-02 10:53:36.163232,North,Product C,5990.19,3279.11,0.163,False
CUST03924,2025-08-02 12:11:57.263452,West,Product A,4105.41,2692.51,0.104,False
CUST03925,2025-08-02 13:30:18.363672,North,Product B,5657.54,3514.45,0.182,False
CUST03926,2025-08-02 14:48:39.463892,East,Product B,6344.61,3433.41,0.065,False
CUST03927,2025-08-02 16:07:00.564112,East,Product A,4998.2,2756.45,0.031,False
CUST03928,2025-08-02 17:25:21.664332,East,Product A,4345.6,2882.7,0.142,False
CUST03929,2025-08-02 18:43:42.764552,North,Product D,5098.41,2762.41,0.108,False
CUST03930,2025-08-02 20:02:03.864772,West,Product B,4559.57,2584.51,0.171,False
CUST03931,2025-08-02 21:20:24.964993,North,Product A,4506.62,2852.11,0.016,False
CUST03932,2025-08-02 22:38:46.065213,East,Product A,5346.55,3273.28,0.169,False
CUST03933,2025-08-02 23:57:07.165433,North,Product C,3717.02,2201.12,0.059,False
CUST03934,2025-08-03 01:15:28.265653,South,Product C,1345.7,915.01,0.351,False
CUST03935,2025-08-03 02:33:49.365873,South,Product C,1755.4,954.84,0.228,False
CUST03936,2025-08-03 03:52:10.466093,South,Product A,1743.75,1130.45,0.342,False
CUST03937,2025-08-03 05:10:31.566313,North,Product D,5274.84,2805.23,0.143,False
CUST03938,2025-08-03 06:28:52.666533,North,Product B,6500.18,4050.57,0.074,False
CUST03939,2025-08-03 07:47:13.766753,South,Product A,1779.26,1199.45,0.263,True
CUST03940,2025-08-03 09:05:34.866973,East,Product B,5478.54,3241.0,0.108,False
CUST03941,2025-08-03 10:23:55.967193,West,Product B,4219.57,2721.03,0.167,False
CUST03942,2025-08-03 11:42:17.067413,North,Product D,5614.35,3728.37,0.065,False
CUST03943,2025-08-03 13:00:38.167633,South,Product D,1602.61,844.9,0.27,False
CUST03944,2025-08-03 14:18:59.267853,North,Product A,,3242.46,0.056,False
CUST03945,2025-08-03 15:37:20.368073,North,Product D,4912.92,3360.28,0.19,False
CUST03946,2025-08-03 16:55:41.468293,East,Product C,5826.38,3584.82,0.072,True
CUST03947,2025-08-03 18:14:02.568513,East,Product D,3952.02,2123.12,0.001,False
CUST03948,2025-08-03 19:32:23.668733,North,Product A,3173.41,1667.27,0.156,False
CUST03949,2025-08-03 20:50:44.768953,North,Product B,4829.25,2665.49,0.14,False
CUST03950,2025-08-03 22:09:05.869173,North,Product A,5374.83,2798.69,0.026,False
CUST03951,2025-08-03 23:27:26.969393,West,Product C,5121.82,3086.81,0.197,False
CUST03952,2025-08-04 00:45:48.069613,West,Product A,5985.76,3076.33,0.122,False
CUST03953,2025-08-04 02:04:09.169833,North,Product B,5349.9,2913.99,0.1,False
CUST03954,2025-08-04 03:22:30.270054,North,Product A,4548.92,2674.68,0.076,False
CUST03955,2025-08-04 04:40:51.370274,West,Product A,3139.66,1867.42,0.18,True
CUST03956,2025-08-04 05:59:12.470494,West,Product C,4810.15,2949.01,0.049,False
CUST03957,2025-08-04 07:17:33.570714,South,Product D,2037.83,1306.5,0.277,True
CUST03958,2025-08-04 08:35:54.670934,North,Product C,4686.36,2387.45,0.024,False
CUST03959,2025-08-04 09:54:15.771154,North,Product D,5022.66,2592.31,0.152,False
CUST03960,2025-08-04 11:12:36.871374,South,Product A,1867.98,956.73,0.339,True
CUST03961,2025-08-04 12:30:57.971594,South,Product B,1465.72,856.9,0.342,False
CUST03962,2025-08-04 13:49:19.071814,North,Product B,5498.59,2795.32,0.044,False
CUST03963,2025-08-04 15:07:40.172034,South,Product A,2208.39,1433.73,0.35,False
CUST03964,2025-08-04 16:26:01.272254,North,Product B,4861.75,2647.71,0.153,False
CUST03965,2025-08-04 17:44:22.372474,East,Product C,4096.75,2817.92,0.072,False
CUST03966,2025-08-04 19:02:43.472694,South,Product B,1731.35,1034.1,0.38,False
CUST03967,2025-08-04 20:21:04.572914,North,Product C,3220.49,1897.72,0.07,False
CUST03968,2025-08-04 21:39:25.673134,South,Product B,1844.33,1210.08,0.372,False
CUST03969,2025-08-04 22:57:46.773354,South,Product A,1876.64,1205.98,0.227,True
CUST03970,2025-08-05 00:16:07.873574,West,Product A,6340.51,3940.38,0.11,False
CUST03971,2025-08-05 01:34:28.973794,South,Product B,1695.68,1164.98,0.414,False
CUST03972,2025-08-05 02:52:50.074014,North,Product A,5326.79,3113.25,0.196,False
CUST03973,2025-08-05 04:11:11.174234,East,Product A,4310.97,2852.6,0.056,False
CUST03974,2025-08-05 05:29:32.274454,North,Product B,4714.86,2715.85,0.088,False
CUST03975,2025-08-05 06:47:53.374674,West,Product B,3779.85,2523.69,0.013,False
CUST03976,2025-08-05 08:06:14.474894,South,Product A,1695.46,935.72,0.395,False
CUST03977,2025-08-05 09:24:35.575115,South,Product C,1664.51,928.55,0.334,True
CUST03978,2025-08-05 10:42:56.675335,North,Product C,5239.36,3330.0,0.077,False
CUST03979,2025-08-05 12:01:17.775555,South,Product A,1575.39,854.72,0.243,True
CUST03980,2025-08-05 13:19:38.875775,West,Product C,5066.68,2765.55,0.189,False
CUST03981,2025-08-05 14:37:59.975995,West,Product C,4733.3,2655.63,0.106,False
CUST03982,2025-08-05 15:56:21.076215,North,Product C,4734.8,3010.32,0.057,False
CUST03983,2025-08-05 17:14:42.176435,North,Product B,5064.29,3432.97,0.07,False
CUST03984,2025-08-05 18:33:03.276655,West,Product A,5032.42,3195.15,0.054,False
CUST03985,2025-08-05 19:51:24.376875,West,Product C,5608.94,3733.1,0.12,False
CUST03986,2025-08-05 21:09:45.477095,North,Product B,4903.49,2984.81,0.186,False
CUST03987,2025-08-05 22:28:06.577315,South,Product D,1652.03,848.79,0.391,True
CUST03988,2025-08-05 23:46:27.677535,South,Product C,,883.83,0.312,False
CUST03989,2025-08-06 01:04:48.777755,West,Product B,4428.27,2705.13,0.165,False
CUST03990,2025-08-06 02:23:09.877975,North,Product A,4712.07,2664.96,0.085,False
CUST03991,2025-08-06 03:41:30.978195,North,Product A,6624.93,3604.71,0.05,False
CUST03992,2025-08-06 04:59:52.078415,East,Product A,4269.86,2533.1,0.197,False
CUST03993,2025-08-06 06:18:13.178635,North,Product B,4777.07,3025.32,0.061,False
CUST03994,2025-08-06 07:36:34.278855,South,Product A,1641.5,947.14,0.285,False
CUST03995,2025-08-06 08:54:55.379075,South,Product B,-1680.79,1110.18,0.418,True
CUST03996,2025-08-06 10:13:16.479295,South,Product A,1657.25,1073.41,0.247,True
CUST03997,2025-08-06 11:31:37.579515,South,Product D,1828.19,1182.81,0.372,False
CUST03998,2025-08-06 12:49:58.679735,South,Product A,1271.15,886.04,0.407,False
CUST03999,2025-08-06 14:08:19.779955,North,Product D,5829.74,3259.09,0.102,False
CUST04000,2025-08-06 15:26:40.880176,South,Product D,1927.12,1212.05,0.221,False
CUST04001,2025-08-06 16:45:01.980396,West,Product B,4005.7,2688.21,0.075,False
CUST04002,2025-08-06 18:03:23.080616,East,Product C,3184.74,1961.5,0.022,False
CUST04003,2025-08-06 19:21:44.180836,North,Product B,4218.34,2775.25,0.083,False
CUST04004,2025-08-06 20:40:05.281056,North,Product C,4805.87,2801.29,0.158,False
CUST04005,2025-08-06 21:58:26.381276,North,Product A,7064.23,4366.39,0.088,False
CUST04006,2025-08-06 23:16:47.481496,South,Product A,1902.11,972.23,0.306,False
CUST04007,2025-08-07 00:35:08.581716,South,Product B,1243.87,867.17,0.331,False
CUST04008,2025-08-07 01:53:29.681936,East,Product B,4448.28,2935.88,0.116,False
CUST04009,2025-08-07 03:11:50.782156,North,Product B,4957.43,3340.13,0.171,False
CUST04010,2025-08-07 04:30:11.882376,North,Product A,5202.95,3323.95,0.062,False
CUST04011,2025-08-07 05:48:32.982596,South,Product B,1381.87,742.35,0.384,False
CUST04012,2025-08-07 07:06:54.082816,East,Product A,4892.01,2476.36,0.113,False
CUST04013,2025-08-07 08:25:15.183036,North,Product A,4425.89,2978.32,0.06,False
CUST04014,2025-08-07 09:43:36.283256,East,Product A,4116.99,2384.83,0.059,False
CUST04015,2025-08-07 11:01:57.383476,North,Product A,5207.68,2878.66,0.072,False
CUST04016,2025-08-07 12:20:18.483696,West,Product A,5619.1,3440.77,0.125,False
CUST04017,2025-08-07 13:38:39.583916,West,Product C,5672.83,3313.95,0.046,False
CUST04018,2025-08-07 14:57:00.684136,North,Product A,5459.51,3441.31,0.184,False
CUST04019,2025-08-07 16:15:21.784356,North,Product C,4602.1,2746.35,0.115,False
CUST04020,2025-08-07 17:33:42.884576,South,Product A,1950.07,1246.97,0.404,True
CUST04021,2025-08-07 18:52:03.984796,North,Product D,5247.24,3519.25,0.009,False
CUST04022,2025-08-07 20:10:25.085017,East,Product B,5107.15,2753.32,0.069,False
CUST04023,2025-08-07 21:28:46.185237,West,Product A,4510.65,2552.51,0.005,False
CUST04024,2025-08-07 22:47:07.285457,East,Product B,4602.5,2703.34,0.054,False
CUST04025,2025-08-08 00:05:28.385677,West,Product B,5059.11,3502.99,0.172,False
CUST04026,2025-08-08 01:23:49.485897,South,Product B,2433.16,1394.37,0.227,False
CUST04027,2025-08-08 02:42:10.586117,North,Product A,5240.99,3019.97,0.087,False
CUST04028,2025-08-08 04:00:31.686337,East,Product D,4511.05,2845.09,0.024,False
CUST04029,2025-08-08 05:18:52.786557,South,Product B,1516.93,885.64,0.303,False
CUST04030,2025-08-08 06:37:13.886777,East,Product A,4606.59,3179.67,0.168,False
CUST04031,2025-08-08 07:55:34.986997,North,Product C,6741.83,4576.99,0.125,False
CUST04032,2025-08-08 09:13:56.087217,North,Product B,4680.59,2820.91,0.147,False
CUST04033,2025-08-08 10:32:17.187437,West,Product C,5725.5,3601.08,0.07,False
CUST04034,2025-08-08 11:50:38.287657,North,Product B,4699.26,2404.17,0.189,True
CUST04035,2025-08-08 13:08:59.387877,West,Product C,5208.95,3329.28,0.142,False
CUST04036,2025-08-08 14:27:20.488097,West,Product A,5633.4,3613.49,0.084,False
CUST04037,2025-08-08 15:45:41.588317,East,Product C,4542.48,2597.57,0.085,False
CUST04038,2025-08-08 17:04:02.688537,East,Product C,4487.11,2440.7,0.184,False
CUST04039,2025-08-08 18:22:23.788757,South,Product A,2214.48,1512.53,0.335,False
CUST04040,2025-08-08 19:40:44.888977,West,Product A,5787.67,3387.76,0.141,False
CUST04041,2025-08-08 20:59:05.989197,North,Product A,5632.54,3552.67,0.083,False
CUST04042,2025-08-08 22:17:27.089417,South,Product D,1970.44,998.35,0.265,False
CUST04043,2025-08-08 23:35:48.189637,East,Product A,5367.66,3128.34,0.145,False
CUST04044,2025-08-09 00:54:09.289857,South,Product B,2314.98,1535.88,0.342,False
CUST04045,2025-08-09 02:12:30.390078,South,Product A,1762.29,1017.75,0.32,False
CUST04046,2025-08-09 03:30:51.490298,South,Product B,1911.63,1186.42,0.345,False
CUST04047,2025-08-09 04:49:12.590518,South,Product B,1343.74,728.27,0.262,False
CUST04048,2025-08-09 06:07:33.690738,West,Product D,4340.03,2531.56,0.159,False
CUST04049,2025-08-09 07:25:54.790958,North,Product B,4039.34,2769.08,0.19,False
CUST04050,2025-08-09 08:44:15.891178,West,Product C,6019.25,3691.55,0.178,False
CUST04051,2025-08-09 10:02:36.991398,East,Product B,2957.97,2012.56,0.064,False
CUST04052,2025-08-09 11:20:58.091618,West,Product A,4678.15,3183.03,0.081,False
CUST04053,2025-08-09 12:39:19.191838,South,Product A,911.76,628.05,0.382,False
CUST04054,2025-08-09 13:57:40.292058,East,Product B,,2943.78,0.119,False
CUST04055,2025-08-09 15:16:01.392278,North,Product D,4607.24,2306.64,0.11,False
CUST04056,2025-08-09 16:34:22.492498,West,Product D,6107.9,4194.92,0.185,False
CUST04057,2025-08-09 17:52:43.592718,North,Product A,5317.3,2804.83,0.107,False
CUST04058,2025-08-09 19:11:04.692938,West,Product A,4333.49,2201.35,0.103,False
CUST04059,2025-08-09 20:29:25.793158,West,Product A,5852.77,2991.22,0.008,False
CUST04060,2025-08-09 21:47:46.893378,North,Product D,5014.27,2857.04,0.014,False
CUST04061,2025-08-09 23:06:07.993598,North,Product D,5030.05,3139.56,0.001,False
CUST04062,2025-08-10 00:24:29.093818,East,Product C,4037.86,2343.83,0.183,False
CUST04063,2025-08-10 01:42:50.194038,North,Product B,4207.99,2125.5,0.082,False
CUST04064,2025-08-10 03:01:11.294258,West,Product B,4339.92,2583.54,0.094,False
CUST04065,2025-08-10 04:19:32.394478,North,Product B,5037.17,2964.0,0.169,True
CUST04066,2025-08-10 05:37:53.494698,North,Product A,5062.31,3297.44,0.122,False
CUST04067,2025-08-10 06:56:14.594918,West,Product B,6235.27,3466.33,0.122,False
CUST04068,2025-08-10 08:14:35.695139,East,Product A,5308.04,2884.96,0.059,False
CUST04069,2025-08-10 09:32:56.795359,West,Product A,2833.95,1562.04,0.167,False
CUST04070,2025-08-10 10:51:17.895579,South,Product D,1823.54,1022.55,0.253,False
CUST04071,2025-08-10 12:09:38.995799,East,Product C,3839.99,2380.15,0.011,False
CUST04072,2025-08-10 13:28:00.096019,South,Product B,1479.53,879.29,0.258,False
CUST04073,2025-08-10 14:46:21.196239,East,Product B,4350.26,2468.25,0.054,False
CUST04074,2025-08-10 16:04:42.296459,East,Product B,4469.33,2569.25,0.056,True
CUST04075,2025-08-10 17:23:03.396679,South,Product C,1364.96,783.74,0.354,True
CUST04076,2025-08-10 18:41:24.496899,South,Product C,1806.97,1254.91,0.264,False
CUST04077,2025-08-10 19:59:45.597119,North,Product C,,2116.08,0.135,False
CUST04078,2025-08-10 21:18:06.697339,East,Product C,5285.33,3507.41,0.018,False
CUST04079,2025-08-10 22:36:27.797559,North,Product A,,4356.48,0.029,False
CUST04080,2025-08-10 23:54:48.897779,East,Product A,,1972.64,0.102,False
CUST04081,2025-08-11 01:13:09.997999,North,Product B,4772.39,3334.16,0.184,False
CUST04082,2025-08-11 02:31:31.098219,East,Product A,2981.23,1941.64,0.172,False
CUST04083,2025-08-11 03:49:52.198439,East,Product C,4759.25,3029.22,0.194,False
CUST04084,2025-08-11 05:08:13.298659,North,Product A,5514.17,3204.09,0.13,False
CUST04085,2025-08-11 06:26:34.398879,North,Product A,5576.51,3407.47,0.135,False
CUST04086,2025-08-11 07:44:55.499099,North,Product B,5061.89,2787.35,0.125,False
CUST04087,2025-08-11 09:03:16.599319,East,Product D,5711.41,2896.24,0.125,False
CUST04088,2025-08-11 10:21:37.699539,West,Product A,7036.84,4695.01,0.029,False
CUST04089,2025-08-11 11:39:58.799759,North,Product C,6369.84,4327.02,0.109,False
CUST04090,2025-08-11 12:58:19.899979,East,Product B,4581.98,2439.88,0.077,False
CUST04091,2025-08-11 14:16:41.000200,South,Product A,1343.69,883.36,0.309,False
CUST04092,2025-08-11 15:35:02.100420,South,Product B,1636.28,1060.69,0.325,False
CUST04093,2025-08-11 16:53:23.200640,West,Product C,4242.41,2272.56,0.026,False
CUST04094,2025-08-11 18:11:44.300860,South,Product B,1876.38,1096.49,0.292,False
CUST04095,2025-08-11 19:30:05.401080,South,Product D,1419.27,829.63,0.233,False
CUST04096,2025-08-11 20:48:26.501300,North,Product A,4941.74,3221.98,0.196,False
CUST04097,2025-08-11 22:06:47.601520,North,Product A,5670.41,3785.18,0.024,False
CUST04098,2025-08-11 23:25:08.701740,North,Product D,4919.44,2552.97,0.052,False
CUST04099,2025-08-12 00:43:29.801960,North,Product B,4242.95,2599.2,0.178,False
CUST04100,2025-08-12 02:01:50.902180,East,Product B,5939.85,3874.86,0.097,False
CUST04101,2025-08-12 03:20:12.002400,South,Product C,1223.89,804.38,0.247,False
CUST04102,2025-08-12 04:38:33.102620,South,Product A,1658.22,878.19,0.297,False
CUST04103,2025-08-12 05:56:54.202840,North,Product C,4966.67,3005.34,0.023,False
CUST04104,2025-08-12 07:15:15.303060,North,Product A,5012.73,3366.1,0.04,False
CUST04105,2025-08-12 08:33:36.403280,East,Product A,5144.4,2899.92,0.01,False
CUST04106,2025-08-12 09:51:57.503500,West,Product A,5488.35,3210.81,0.088,False
CUST04107,2025-08-12 11:10:18.603720,North,Product C,4971.67,3285.64,0.161,False
CUST04108,2025-08-12 12:28:39.703940,West,Product A,4705.55,2436.84,0.117,False
CUST04109,2025-08-12 13:47:00.804160,South,Product C,1635.87,1099.14,0.341,False
CUST04110,2025-08-12 15:05:21.904380,South,Product D,1578.78,887.64,0.26,False
CUST04111,2025-08-12 16:23:43.004600,South,Product B,-1970.51,985.83,0.289,False
CUST04112,2025-08-12 17:42:04.104820,North,Product B,4482.78,2451.33,0.169,False
CUST04113,2025-08-12 19:00:25.205041,North,Product B,5677.42,2940.33,0.018,False
CUST04114,2025-08-12 20:18:46.305261,East,Product A,5015.2,2600.27,0.172,False
CUST04115,2025-08-12 21:37:07.405481,South,Product B,,1024.29,0.317,True
CUST04116,2025-08-12 22:55:28.505701,West,Product C,5494.73,2982.51,0.167,False
CUST04117,2025-08-13 00:13:49.605921,South,Product D,1546.31,1062.24,0.284,True
CUST04118,2025-08-13 01:32:10.706141,North,Product D,5510.55,3324.45,0.068,False
CUST04119,2025-08-13 02:50:31.806361,East,Product D,5170.18,3060.85,0.15,False
CUST04120,2025-08-13 04:08:52.906581,North,Product D,4522.94,2654.32,0.157,True
CUST04121,2025-08-13 05:27:14.006801,South,Product B,1898.02,1211.92,0.266,False
CUST04122,2025-08-13 06:45:35.107021,East,Product C,5437.27,3210.45,0.195,False
CUST04123,2025-08-13 08:03:56.207241,West,Product D,5926.02,3115.43,0.017,False
CUST04124,2025-08-13 09:22:17.307461,East,Product B,5772.92,3902.69,0.014,False
CUST04125,2025-08-13 10:40:38.407681,East,Product D,5393.02,3158.58,0.119,False
CUST04126,2025-08-13 11:58:59.507901,East,Product B,4097.93,2109.62,0.145,False
CUST04127,2025-08-13 13:17:20.608121,West,Product C,6958.87,4216.19,0.192,False
CUST04128,2025-08-13 14:35:41.708341,North,Product C,3877.11,2440.52,0.081,False
CUST04129,2025-08-13 15:54:02.808561,North,Product D,5759.41,3197.14,0.005,False
CUST04130,2025-08-13 17:12:23.908781,North,Product A,5345.03,3528.08,0.121,False
CUST04131,2025-08-13 18:30:45.009001,North,Product C,4060.69,2574.29,0.058,False
CUST04132,2025-08-13 19:49:06.109221,East,Product B,4900.56,3087.69,0.087,False
CUST04133,2025-08-13 21:07:27.209441,East,Product A,,2884.02,0.098,False
CUST04134,2025-08-13 22:25:48.309661,South,Product C,2115.56,1464.78,0.233,False
CUST04135,2025-08-13 23:44:09.409881,North,Product B,4429.35,2457.57,0.097,False
CUST04136,2025-08-14 01:02:30.510102,East,Product C,4790.44,2948.72,0.085,False
CUST04137,2025-08-14 02:20:51.610322,South,Product A,1095.9,615.69,0.363,False
CUST04138,2025-08-14 03:39:12.710542,East,Product B,6387.81,4145.44,0.129,False
CUST04139,2025-08-14 04:57:33.810762,South,Product C,1450.27,739.0,0.257,True
CUST04140,2025-08-14 06:15:54.910982,South,Product B,1841.54,937.67,0.261,False
CUST04141,2025-08-14 07:34:16.011202,North,Product A,4918.87,3257.14,0.05,False
CUST04142,2025-08-14 08:52:37.111422,North,Product D,4921.6,2888.26,0.036,False
CUST04143,2025-08-14 10:10:58.211642,West,Product B,5647.89,3209.33,0.131,False
CUST04144,2025-08-14 11:29:19.311862,West,Product C,6337.01,3938.49,0.199,False
CUST04145,2025-08-14 12:47:40.412082,East,Product B,5201.19,3330.74,0.13,False
CUST04146,2025-08-14 14:06:01.512302,North,Product B,5524.06,2984.32,0.121,False
CUST04147,2025-08-14 15:24:22.612522,South,Product B,1842.09,989.36,0.302,False
CUST04148,2025-08-14 16:42:43.712742,East,Product B,5814.03,4021.16,0.063,False
CUST04149,2025-08-14 18:01:04.812962,East,Product B,4629.67,2860.82,0.182,False
CUST04150,2025-08-14 19:19:25.913182,North,Product B,5860.31,3387.4,0.194,False
CUST04151,2025-08-14 20:37:47.013402,North,Product B,5888.4,3888.04,0.099,True
CUST04152,2025-08-14 21:56:08.113622,East,Product A,5866.03,3549.13,0.058,False
CUST04153,2025-08-14 23:14:29.213842,South,Product B,1565.16,858.23,0.374,False
CUST04154,2025-08-15 00:32:50.314062,North,Product A,4865.33,2633.83,0.026,False
CUST04155,2025-08-15 01:51:11.414282,North,Product A,5191.57,3007.85,0.153,False
CUST04156,2025-08-15 03:09:32.514502,South,Product D,1366.16,918.03,0.384,False
CUST04157,2025-08-15 04:27:53.614722,West,Product C,6275.94,3215.1,0.025,False
CUST04158,2025-08-15 05:46:14.714942,West,Product C,4990.18,2713.19,0.195,False
CUST04159,2025-08-15 07:04:35.815163,South,Product B,1829.5,1241.55,0.417,False
CUST04160,2025-08-15 08:22:56.915383,South,Product D,1588.44,832.89,0.407,False
CUST04161,2025-08-15 09:41:18.015603,North,Product C,3938.5,2465.2,0.099,False
CUST04162,2025-08-15 10:59:39.115823,South,Product C,1580.87,857.94,0.269,False
CUST04163,2025-08-15 12:18:00.216043,South,Product B,1811.38,1125.18,0.336,False
CUST04164,2025-08-15 13:36:21.316263,East,Product D,5538.74,3193.75,0.084,False
CUST04165,2025-08-15 14:54:42.416483,South,Product C,1795.3,934.16,0.261,False
CUST04166,2025-08-15 16:13:03.516703,North,Product D,5277.38,3253.48,0.085,False
CUST04167,2025-08-15 17:31:24.616923,North,Product A,4730.38,3011.4,0.133,True
CUST04168,2025-08-15 18:49:45.717143,South,Product A,1888.95,1201.47,0.234,False
CUST04169,2025-08-15 20:08:06.817363,North,Product A,6186.27,3881.31,0.067,False
CUST04170,2025-08-15 21:26:27.917583,North,Product A,5563.83,3338.55,0.004,False
CUST04171,2025-08-15 22:44:49.017803,West,Product D,5647.63,3410.57,0.15,False
CUST04172,2025-08-16 00:03:10.118023,South,Product A,1832.32,1149.1,0.348,True
CUST04173,2025-08-16 01:21:31.218243,South,Product A,1329.12,848.05,0.233,False
CUST04174,2025-08-16 02:39:52.318463,West,Product A,4164.27,2627.55,0.193,False
CUST04175,2025-08-16 03:58:13.418683,West,Product A,5363.9,3311.61,0.005,False
CUST04176,2025-08-16 05:16:34.518903,South,Product A,1746.94,927.92,0.338,True
CUST04177,2025-08-16 06:34:55.619123,West,Product C,5351.87,2901.38,0.155,False
CUST04178,2025-08-16 07:53:16.719343,South,Product B,2219.4,1225.21,0.378,True
CUST04179,2025-08-16 09:11:37.819563,South,Product A,1953.29,1335.92,0.227,False
CUST04180,2025-08-16 10:29:58.919783,South,Product B,2102.49,1370.57,0.401,True
CUST04181,2025-08-16 11:48:20.020004,East,Product B,5075.75,3099.11,0.184,False
CUST04182,2025-08-16 13:06:41.120224,East,Product A,4354.23,2396.62,0.112,False
CUST04183,2025-08-16 14:25:02.220444,South,Product C,1733.8,905.35,0.316,False
CUST04184,2025-08-16 15:43:23.320664,North,Product C,4356.2,2961.13,0.009,False
CUST04185,2025-08-16 17:01:44.420884,East,Product C,6246.64,4238.55,0.112,False
CUST04186,2025-08-16 18:20:05.521104,North,Product C,5632.31,2940.85,0.082,True
CUST04187,2025-08-16 19:38:26.621324,South,Product A,1895.74,1250.14,0.375,True
CUST04188,2025-08-16 20:56:47.721544,East,Product D,5988.75,3529.35,0.081,False
CUST04189,2025-08-16 22:15:08.821764,East,Product C,3383.95,1911.24,0.137,False
CUST04190,2025-08-16 23:33:29.921984,East,Product D,5470.51,3543.91,0.02,False
CUST04191,2025-08-17 00:51:51.022204,West,Product A,3951.48,2461.24,0.027,False
CUST04192,2025-08-17 02:10:12.122424,South,Product D,1747.97,1146.68,0.248,False
CUST04193,2025-08-17 03:28:33.222644,East,Product C,4750.63,2445.94,0.009,False
CUST04194,2025-08-17 04:46:54.322864,East,Product C,5529.39,3117.01,0.108,False
CUST04195,2025-08-17 06:05:15.423084,North,Product A,5182.55,2922.25,0.159,False
CUST04196,2025-08-17 07:23:36.523304,North,Product C,6076.09,3438.77,0.122,False
CUST04197,2025-08-17 08:41:57.623524,North,Product D,4518.48,2713.33,0.115,False
CUST04198,2025-08-17 10:00:18.723744,South,Product C,,1084.57,0.356,False
CUST04199,2025-08-17 11:18:39.823964,East,Product B,5129.78,3020.81,0.068,True
CUST04200,2025-08-17 12:37:00.924184,West,Product D,-3691.77,2117.43,0.072,False
CUST04201,2025-08-17 13:55:22.024404,North,Product B,4265.11,2759.78,0.063,False
CUST04202,2025-08-17 15:13:43.124624,North,Product B,4880.1,3029.08,0.142,False
CUST04203,2025-08-17 16:32:04.224844,West,Product B,5889.83,3714.87,0.032,False
CUST04204,2025-08-17 17:50:25.325065,North,Product D,5370.98,2911.7,0.003,False
CUST04205,2025-08-17 19:08:46.425285,South,Product A,1423.1,804.19,0.339,False
CUST04206,2025-08-17 20:27:07.525505,South,Product B,1710.71,862.6,0.408,False
CUST04207,2025-08-17 21:45:28.625725,South,Product C,2314.99,1207.67,0.342,False
CUST04208,2025-08-17 23:03:49.725945,North,Product C,5088.98,2814.26,0.157,False
CUST04209,2025-08-18 00:22:10.826165,North,Product B,4738.14,2431.11,0.135,True
CUST04210,2025-08-18 01:40:31.926385,North,Product D,5393.39,3346.74,0.099,False
CUST04211,2025-08-18 02:58:53.026605,South,Product D,1963.75,1373.89,0.364,False
CUST04212,2025-08-18 04:17:14.126825,South,Product A,1622.27,843.85,0.385,True
CUST04213,2025-08-18 05:35:35.227045,North,Product B,5402.06,3588.3,0.045,False
CUST04214,2025-08-18 06:53:56.327265,East,Product A,4736.89,2481.01,0.067,False
CUST04215,2025-08-18 08:12:17.427485,West,Product A,5575.46,3534.75,0.045,False
CUST04216,2025-08-18 09:30:38.527705,North,Product B,5135.75,3228.5,0.09,False
CUST04217,2025-08-18 10:48:59.627925,South,Product D,1884.95,1282.79,0.397,False
CUST04218,2025-08-18 12:07:20.728145,East,Product C,4392.65,2296.43,0.069,False
CUST04219,2025-08-18 13:25:41.828365,North,Product A,4342.97,2445.48,0.075,False
CUST04220,2025-08-18 14:44:02.928585,South,Product A,2014.74,1043.95,0.392,False
CUST04221,2025-08-18 16:02:24.028805,East,Product B,4936.48,2870.45,0.103,False
CUST04222,2025-08-18 17:20:45.129025,West,Product B,5228.03,3567.18,0.107,False
CUST04223,2025-08-18 18:39:06.229245,West,Product A,4754.88,3120.65,0.172,False
CUST04224,2025-08-18 19:57:27.329465,South,Product D,2001.64,1290.22,0.318,False
CUST04225,2025-08-18 21:15:48.429685,East,Product D,4513.75,2738.07,0.136,False
CUST04226,2025-08-18 22:34:09.529905,South,Product B,1712.03,1158.53,0.237,True
CUST04227,2025-08-18 23:52:30.630126,East,Product D,5628.79,3320.36,0.036,False
CUST04228,2025-08-19 01:10:51.730346,South,Product B,2078.43,1101.44,0.301,False
CUST04229,2025-08-19 02:29:12.830566,North,Product C,4580.99,3057.89,0.099,False
CUST04230,2025-08-19 03:47:33.930786,East,Product B,6567.75,3651.19,0.193,False
CUST04231,2025-08-19 05:05:55.031006,South,Product A,1837.71,938.57,0.414,True
CUST04232,2025-08-19 06:24:16.131226,South,Product D,1457.98,765.74,0.39,False
CUST04233,2025-08-19 07:42:37.231446,West,Product B,5295.24,3292.64,0.063,False
CUST04234,2025-08-19 09:00:58.331666,North,Product C,4693.6,2916.68,0.193,False
CUST04235,2025-08-19 10:19:19.431886,South,Product B,1871.54,1033.16,0.358,False
CUST04236,2025-08-19 11:37:40.532106,North,Product A,4965.72,3205.05,0.079,False
CUST04237,2025-08-19 12:56:01.632326,East,Product A,5059.42,3312.54,0.14,False
CUST04238,2025-08-19 14:14:22.732546,East,Product B,4270.73,2921.61,0.003,False
CUST04239,2025-08-19 15:32:43.832766,South,Product C,2027.22,1250.77,0.249,False
CUST04240,2025-08-19 16:51:04.932986,East,Product A,4075.1,2672.79,0.166,False
CUST04241,2025-08-19 18:09:26.033206,South,Product C,1439.55,936.6,0.349,False
CUST04242,2025-08-19 19:27:47.133426,East,Product C,5293.89,2919.91,0.073,False
CUST04243,2025-08-19 20:46:08.233646,South,Product C,2198.8,1235.82,0.32,True
CUST04244,2025-08-19 22:04:29.333866,South,Product B,1651.27,983.66,0.401,False
CUST04245,2025-08-19 23:22:50.434086,West,Product D,5560.78,2801.56,0.126,False
CUST04246,2025-08-20 00:41:11.534306,North,Product B,5858.67,3277.81,0.08,False
CUST04247,2025-08-20 01:59:32.634526,North,Product B,5651.75,3361.53,0.024,False
CUST04248,2025-08-20 03:17:53.734746,South,Product A,1662.86,867.37,0.279,True
CUST04249,2025-08-20 04:36:14.834966,West,Product A,4127.16,2167.81,0.196,False
CUST04250,2025-08-20 05:54:35.935187,South,Product A,1131.89,670.81,0.307,False
CUST04251,2025-08-20 07:12:57.035407,North,Product C,4789.73,3095.09,0.094,False
CUST04252,2025-08-20 08:31:18.135627,South,Product A,-2079.86,1386.75,0.32,False
CUST04253,2025-08-20 09:49:39.235847,South,Product A,1435.23,874.43,0.397,False
CUST04254,2025-08-20 11:08:00.336067,North,Product C,5560.17,3308.02,0.121,False
CUST04255,2025-08-20 12:26:21.436287,East,Product A,4239.88,2445.8,0.139,False
CUST04256,2025-08-20 13:44:42.536507,West,Product A,5084.86,2738.65,0.078,False
CUST04257,2025-08-20 15:03:03.636727,South,Product A,1948.18,1031.2,0.226,False
CUST04258,2025-08-20 16:21:24.736947,South,Product C,1565.34,1030.59,0.406,True
CUST04259,2025-08-20 17:39:45.837167,South,Product A,1797.74,1066.06,0.41,True
CUST04260,2025-08-20 18:58:06.937387,North,Product B,4667.93,3071.79,0.19,False
CUST04261,2025-08-20 20:16:28.037607,West,Product B,5564.12,3565.58,0.189,False
CUST04262,2025-08-20 21:34:49.137827,South,Product C,1815.89,978.36,0.383,False
CUST04263,2025-08-20 22:53:10.238047,South,Product C,1765.82,1063.13,0.357,False
CUST04264,2025-08-21 00:11:31.338267,East,Product C,6246.68,3678.07,0.169,False
CUST04265,2025-08-21 01:29:52.438487,South,Product A,1935.45,1131.8,0.34,False
CUST04266,2025-08-21 02:48:13.538707,East,Product A,4447.72,2706.5,0.027,False
CUST04267,2025-08-21 04:06:34.638927,North,Product A,4931.31,3434.24,0.078,False
CUST04268,2025-08-21 05:24:55.739147,West,Product A,4939.28,3272.67,0.194,False
CUST04269,2025-08-21 06:43:16.839367,West,Product A,5064.26,3447.45,0.07,False
CUST04270,2025-08-21 08:01:37.939587,East,Product A,7019.61,3551.42,0.174,False
CUST04271,2025-08-21 09:19:59.039807,West,Product B,5296.68,2797.0,0.019,False
CUST04272,2025-08-21 10:38:20.140028,North,Product C,3371.28,1742.79,0.067,False
CUST04273,2025-08-21 11:56:41.240248,South,Product B,1598.02,883.14,0.29,False
CUST04274,2025-08-21 13:15:02.340468,East,Product C,3454.1,2032.32,0.01,False
CUST04275,2025-08-21 14:33:23.440688,South,Product A,1657.66,1041.69,0.244,False
CUST04276,2025-08-21 15:51:44.540908,South,Product A,1193.55,716.33,0.259,True
CUST04277,2025-08-21 17:10:05.641128,South,Product B,1505.95,1025.01,0.388,False
CUST04278,2025-08-21 18:28:26.741348,North,Product A,3783.42,2602.89,0.013,False
CUST04279,2025-08-21 19:46:47.841568,South,Product A,1857.56,989.53,0.28,False
CUST04280,2025-08-21 21:05:08.941788,North,Product B,5000.43,3353.2,0.002,False
CUST04281,2025-08-21 22:23:30.042008,East,Product D,5242.37,3126.26,0.139,False
CUST04282,2025-08-21 23:41:51.142228,North,Product C,4916.36,2903.93,0.124,False
CUST04283,2025-08-22 01:00:12.242448,North,Product A,3884.56,2552.11,0.129,False
CUST04284,2025-08-22 02:18:33.342668,South,Product C,1893.79,982.17,0.295,False
CUST04285,2025-08-22 03:36:54.442888,South,Product C,2288.22,1547.98,0.262,False
CUST04286,2025-08-22 04:55:15.543108,West,Product C,5327.37,3378.47,0.144,False
CUST04287,2025-08-22 06:13:36.643328,South,Product C,1630.74,1100.84,0.382,True
CUST04288,2025-08-22 07:31:57.743548,South,Product B,1350.14,943.61,0.248,True
CUST04289,2025-08-22 08:50:18.843768,West,Product A,4273.55,2579.52,0.097,False
CUST04290,2025-08-22 10:08:39.943988,South,Product B,1876.85,973.43,0.27,True
CUST04291,2025-08-22 11:27:01.044208,North,Product B,5858.49,3124.36,0.034,False
CUST04292,2025-08-22 12:45:22.144428,South,Product B,1823.04,1029.52,0.367,False
CUST04293,2025-08-22 14:03:43.244648,West,Product B,-5639.91,2936.76,0.108,False
CUST04294,2025-08-22 15:22:04.344868,South,Product D,1948.15,1291.76,0.263,True
CUST04295,2025-08-22 16:40:25.445089,North,Product D,5405.23,3023.54,0.062,False
CUST04296,2025-08-22 17:58:46.545309,North,Product D,4473.22,3109.68,0.193,False
CUST04297,2025-08-22 19:17:07.645529,North,Product C,5139.14,3291.71,0.17,False
CUST04298,2025-08-22 20:35:28.745749,South,Product D,1512.45,808.69,0.396,False
CUST04299,2025-08-22 21:53:49.845969,South,Product A,1754.88,1044.52,0.312,True
CUST04300,2025-08-22 23:12:10.946189,North,Product A,5264.69,3123.95,0.125,False
CUST04301,2025-08-23 00:30:32.046409,West,Product B,6343.03,3796.32,0.075,False
CUST04302,2025-08-23 01:48:53.146629,East,Product C,3952.21,2399.54,0.016,False
CUST04303,2025-08-23 03:07:14.246849,South,Product B,1884.82,954.16,0.3,False
CUST04304,2025-08-23 04:25:35.347069,West,Product C,6184.99,3941.45,0.119,True
CUST04305,2025-08-23 05:43:56.447289,North,Product A,5607.08,3349.88,0.057,False
CUST04306,2025-08-23 07:02:17.547509,South,Product A,1983.22,1305.34,0.39,False
CUST04307,2025-08-23 08:20:38.647729,East,Product C,5470.16,3627.1,0.03,False
CUST04308,2025-08-23 09:38:59.747949,West,Product A,6038.67,3297.76,0.073,False
CUST04309,2025-08-23 10:57:20.848169,East,Product B,4130.02,2105.01,0.025,False
CUST04310,2025-08-23 12:15:41.948389,North,Product A,3891.26,2492.92,0.081,False
CUST04311,2025-08-23 13:34:03.048609,West,Product A,4994.93,3474.24,0.008,False
CUST04312,2025-08-23 14:52:24.148829,North,Product C,3271.07,1927.75,0.055,False
CUST04313,2025-08-23 16:10:45.249049,West,Product B,5984.52,3302.99,0.08,False
CUST04314,2025-08-23 17:29:06.349269,West,Product B,5976.57,3175.56,0.096,False
CUST04315,2025-08-23 18:47:27.449489,North,Product A,4653.32,2594.18,0.109,False
CUST04316,2025-08-23 20:05:48.549709,East,Product C,4703.38,2660.16,0.055,False
CUST04317,2025-08-23 21:24:09.649929,North,Product B,4942.12,2890.03,0.105,False
CUST04318,2025-08-23 22:42:30.750150,South,Product C,1764.57,1113.58,0.322,False
CUST04319,2025-08-24 00:00:51.850370,South,Product C,1785.61,990.36,0.283,False
CUST04320,2025-08-24 01:19:12.950590,South,Product A,1906.3,972.59,0.386,False
CUST04321,2025-08-24 02:37:34.050810,West,Product D,4861.9,2793.92,0.109,False
CUST04322,2025-08-24 03:55:55.151030,East,Product C,5754.55,3862.03,0.066,False
CUST04323,2025-08-24 05:14:16.251250,South,Product B,1874.87,1124.3,0.409,False
CUST04324,2025-08-24 06:32:37.351470,West,Product A,4514.43,3128.3,0.169,False
CUST04325,2025-08-24 07:50:58.451690,West,Product D,6068.09,3645.25,0.197,False
CUST04326,2025-08-24 09:09:19.551910,North,Product C,3913.39,2172.64,0.138,False
CUST04327,2025-08-24 10:27:40.652130,West,Product A,4926.27,2653.6,0.076,False
CUST04328,2025-08-24 11:46:01.752350,North,Product A,5773.53,3688.74,0.056,False
CUST04329,2025-08-24 13:04:22.852570,West,Product C,4421.54,2685.1,0.133,False
CUST04330,2025-08-24 14:22:43.952790,North,Product C,5247.64,3257.74,0.196,False
CUST04331,2025-08-24 15:41:05.053010,North,Product C,5434.67,3538.11,0.125,False
CUST04332,2025-08-24 16:59:26.153230,South,Product B,1509.05,973.61,0.396,False
CUST04333,2025-08-24 18:17:47.253450,East,Product C,4942.02,2513.87,0.066,False
CUST04334,2025-08-24 19:36:08.353670,South,Product B,1706.18,1126.96,0.301,True
CUST04335,2025-08-24 20:54:29.453890,North,Product A,4558.61,2764.98,0.181,False
CUST04336,2025-08-24 22:12:50.554110,South,Product C,2394.47,1384.82,0.371,False
CUST04337,2025-08-24 23:31:11.654330,West,Product D,4389.51,2666.65,0.196,False
CUST04338,2025-08-25 00:49:32.754550,South,Product A,2031.38,1264.51,0.375,False
CUST04339,2025-08-25 02:07:53.854770,North,Product B,4685.76,2482.99,0.09,False
CUST04340,2025-08-25 03:26:14.954991,South,Product C,1445.74,843.57,0.326,True
CUST04341,2025-08-25 04:44:36.055211,North,Product B,5082.25,2882.23,0.18,False
CUST04342,2025-08-25 06:02:57.155431,West,Product C,5519.27,3146.44,0.11,False
CUST04343,2025-08-25 07:21:18.255651,West,Product C,5736.41,2972.99,0.051,False
CUST04344,2025-08-25 08:39:39.355871,South,Product A,2187.43,1163.65,0.307,False
CUST04345,2025-08-25 09:58:00.456091,South,Product D,2574.67,1370.67,0.323,False
CUST04346,2025-08-25 11:16:21.556311,East,Product C,5200.41,2988.39,0.019,False
CUST04347,2025-08-25 12:34:42.656531,South,Product D,1564.33,1062.02,0.369,False
CUST04348,2025-08-25 13:53:03.756751,West,Product C,5362.3,2902.11,0.022,False
CUST04349,2025-08-25 15:11:24.856971,East,Product D,4787.03,2791.98,0.081,False
CUST04350,2025-08-25 16:29:45.957191,East,Product A,5740.77,3228.16,0.161,False
CUST04351,2025-08-25 17:48:07.057411,South,Product A,1386.79,911.78,0.314,False
CUST04352,2025-08-25 19:06:28.157631,South,Product D,2413.13,1230.76,0.388,True
CUST04353,2025-08-25 20:24:49.257851,West,Product A,5684.84,3065.88,0.068,False
CUST04354,2025-08-25 21:43:10.358071,South,Product A,1278.48,693.1,0.412,False
CUST04355,2025-08-25 23:01:31.458291,East,Product C,4432.78,3096.7,0.042,False
CUST04356,2025-08-26 00:19:52.558511,North,Product C,5652.86,3471.74,0.008,False
CUST04357,2025-08-26 01:38:13.658731,East,Product A,5941.08,3135.65,0.174,False
CUST04358,2025-08-26 02:56:34.758951,South,Product D,1393.77,772.76,0.37,True
CUST04359,2025-08-26 04:14:55.859171,North,Product C,5570.42,2972.18,0.046,False
CUST04360,2025-08-26 05:33:16.959391,North,Product B,3442.13,1806.85,0.197,True
CUST04361,2025-08-26 06:51:38.059611,East,Product C,4928.53,3250.05,0.1,False
CUST04362,2025-08-26 08:09:59.159831,East,Product B,5889.64,3528.78,0.19,False
CUST04363,2025-08-26 09:28:20.260052,South,Product A,1595.58,999.22,0.321,True
CUST04364,2025-08-26 10:46:41.360272,North,Product A,3794.46,2148.62,0.094,False
CUST04365,2025-08-26 12:05:02.460492,East,Product B,5116.97,3125.13,0.09,False
CUST04366,2025-08-26 13:23:23.560712,North,Product B,4516.22,2490.76,0.067,False
CUST04367,2025-08-26 14:41:44.660932,South,Product C,1926.28,1081.81,0.327,False
CUST04368,2025-08-26 16:00:05.761152,North,Product C,4291.74,2705.72,0.091,False
CUST04369,2025-08-26 17:18:26.861372,North,Product B,4381.89,2322.71,0.007,False
CUST04370,2025-08-26 18:36:47.961592,North,Product C,3383.2,2109.24,0.052,False
CUST04371,2025-08-26 19:55:09.061812,South,Product A,1797.58,1205.19,0.263,False
CUST04372,2025-08-26 21:13:30.162032,North,Product A,4871.28,2552.96,0.173,False
CUST04373,2025-08-26 22:31:51.262252,South,Product D,1417.25,963.01,0.34,True
CUST04374,2025-08-26 23:50:12.362472,South,Product A,1804.26,930.8,0.373,False
CUST04375,2025-08-27 01:08:33.462692,South,Product A,2037.58,1160.98,0.411,True
CUST04376,2025-08-27 02:26:54.562912,South,Product C,1689.64,1051.13,0.349,False
CUST04377,2025-08-27 03:45:15.663132,West,Product B,,3190.68,0.197,False
CUST04378,2025-08-27 05:03:36.763352,North,Product D,5218.65,2709.93,0.062,False
CUST04379,2025-08-27 06:21:57.863572,South,Product A,1412.79,932.13,0.257,True
CUST04380,2025-08-27 07:40:18.963792,North,Product A,6645.27,4616.01,0.081,False
CUST04381,2025-08-27 08:58:40.064012,North,Product A,4623.32,2479.24,0.094,False
CUST04382,2025-08-27 10:17:01.164232,South,Product B,1933.71,1313.04,0.399,False
CUST04383,2025-08-27 11:35:22.264452,South,Product B,1965.38,1201.56,0.332,True
CUST04384,2025-08-27 12:53:43.364672,West,Product B,4888.32,3359.19,0.058,False
CUST04385,2025-08-27 14:12:04.464892,South,Product D,1919.9,1027.56,0.369,False
CUST04386,2025-08-27 15:30:25.565113,West,Product D,5196.66,3421.5,0.101,False
CUST04387,2025-08-27 16:48:46.665333,North,Product A,3865.89,1979.17,0.032,False
CUST04388,2025-08-27 18:07:07.765553,North,Product B,4734.18,3203.33,0.115,False
CUST04389,2025-08-27 19:25:28.865773,North,Product B,4509.96,2863.07,0.182,False
CUST04390,2025-08-27 20:43:49.965993,North,Product D,4630.6,2658.2,0.169,False
CUST04391,2025-08-27 22:02:11.066213,South,Product D,1384.88,745.19,0.337,False
CUST04392,2025-08-27 23:20:32.166433,East,Product A,5901.15,3914.27,0.075,False
CUST04393,2025-08-28 00:38:53.266653,North,Product C,6281.59,3898.66,0.017,True
CUST04394,2025-08-28 01:57:14.366873,West,Product B,5782.4,3308.02,0.094,False
CUST04395,2025-08-28 03:15:35.467093,West,Product A,6016.42,3542.27,0.15,True
CUST04396,2025-08-28 04:33:56.567313,North,Product A,4724.29,3143.11,0.072,False
CUST04397,2025-08-28 05:52:17.667533,North,Product B,4490.99,2549.92,0.047,False
CUST04398,2025-08-28 07:10:38.767753,North,Product B,4377.13,2267.03,0.186,False
CUST04399,2025-08-28 08:28:59.867973,North,Product A,5515.25,3762.82,0.164,False
CUST04400,2025-08-28 09:47:20.968193,North,Product C,5181.65,2992.24,0.128,False
CUST04401,2025-08-28 11:05:42.068413,South,Product A,1728.38,984.62,0.247,False
CUST04402,2025-08-28 12:24:03.168633,North,Product B,6036.12,3264.82,0.029,False
CUST04403,2025-08-28 13:42:24.268853,South,Product A,1863.38,1266.14,0.241,True
CUST04404,2025-08-28 15:00:45.369073,West,Product A,4329.07,2352.86,0.123,False
CUST04405,2025-08-28 16:19:06.469293,East,Product B,4455.27,2794.95,0.023,False
CUST04406,2025-08-28 17:37:27.569513,West,Product A,5545.59,3749.67,0.169,False
CUST04407,2025-08-28 18:55:48.669733,North,Product B,5833.39,2957.43,0.199,False
CUST04408,2025-08-28 20:14:09.769953,South,Product A,1904.47,1267.92,0.293,False
CUST04409,2025-08-28 21:32:30.870174,South,Product B,2281.13,1327.89,0.311,False
CUST04410,2025-08-28 22:50:51.970394,North,Product A,6308.01,3984.1,0.142,False
CUST04411,2025-08-29 00:09:13.070614,North,Product C,5352.83,3075.1,0.187,False
CUST04412,2025-08-29 01:27:34.170834,East,Product C,4329.14,2766.76,0.179,False
CUST04413,2025-08-29 02:45:55.271054,East,Product A,3952.01,2177.0,0.012,False
CUST04414,2025-08-29 04:04:16.371274,South,Product B,1641.53,827.97,0.254,False
CUST04415,2025-08-29 05:22:37.471494,South,Product A,1960.9,1352.15,0.371,True
CUST04416,2025-08-29 06:40:58.571714,South,Product B,2261.46,1138.13,0.358,False
CUST04417,2025-08-29 07:59:19.671934,North,Product A,5333.96,3546.12,0.027,False
CUST04418,2025-08-29 09:17:40.772154,South,Product B,2077.24,1108.89,0.32,True
CUST04419,2025-08-29 10:36:01.872374,North,Product B,4803.75,2778.7,0.156,False
CUST04420,2025-08-29 11:54:22.972594,North,Product D,5498.22,3653.56,0.044,False
CUST04421,2025-08-29 13:12:44.072814,West,Product B,5658.69,3062.4,0.174,False
CUST04422,2025-08-29 14:31:05.173034,South,Product B,1195.71,804.88,0.231,True
CUST04423,2025-08-29 15:49:26.273254,East,Product B,4669.25,2799.46,0.156,False
CUST04424,2025-08-29 17:07:47.373474,South,Product D,2015.92,1155.58,0.343,True
CUST04425,2025-08-29 18:26:08.473694,South,Product C,1826.85,1155.46,0.283,True
CUST04426,2025-08-29 19:44:29.573914,North,Product A,4042.79,2297.43,0.144,False
CUST04427,2025-08-29 21:02:50.674134,North,Product C,3055.9,1740.21,0.156,False
CUST04428,2025-08-29 22:21:11.774354,North,Product B,4707.38,3044.28,0.187,False
CUST04429,2025-08-29 23:39:32.874574,East,Product C,4942.73,2777.65,0.074,False
CUST04430,2025-08-30 00:57:53.974794,East,Product C,4292.86,2318.81,0.137,False
CUST04431,2025-08-30 02:16:15.075015,South,Product A,1790.06,1184.18,0.341,False
CUST04432,2025-08-30 03:34:36.175235,South,Product C,1891.79,1250.61,0.325,False
CUST04433,2025-08-30 04:52:57.275455,West,Product A,5536.55,3319.26,0.178,True
CUST04434,2025-08-30 06:11:18.375675,North,Product A,3115.26,1885.77,0.001,False
CUST04435,2025-08-30 07:29:39.475895,North,Product A,3948.57,2523.99,0.056,False
CUST04436,2025-08-30 08:48:00.576115,South,Product C,1664.71,1001.91,0.328,True
CUST04437,2025-08-30 10:06:21.676335,East,Product A,,3184.09,0.036,False
CUST04438,2025-08-30 11:24:42.776555,West,Product A,5391.39,3768.47,0.182,False
CUST04439,2025-08-30 12:43:03.876775,North,Product C,5377.5,2847.54,0.13,True
CUST04440,2025-08-30 14:01:24.976995,West,Product A,4693.27,2903.0,0.096,False
CUST04441,2025-08-30 15:19:46.077215,West,Product A,4737.89,3208.37,0.163,False
CUST04442,2025-08-30 16:38:07.177435,North,Product A,4417.34,2815.8,0.09,False
CUST04443,2025-08-30 17:56:28.277655,South,Product B,1965.09,1328.77,0.332,False
CUST04444,2025-08-30 19:14:49.377875,South,Product B,1492.26,846.51,0.221,False
CUST04445,2025-08-30 20:33:10.478095,West,Product A,5680.03,3149.0,0.073,False
CUST04446,2025-08-30 21:51:31.578315,North,Product D,5166.28,3462.72,0.028,False
CUST04447,2025-08-30 23:09:52.678535,East,Product C,4963.96,2873.26,0.138,False
CUST04448,2025-08-31 00:28:13.778755,South,Product A,1566.12,1005.35,0.316,False
CUST04449,2025-08-31 01:46:34.878975,East,Product A,3915.57,2073.49,0.06,False
CUST04450,2025-08-31 03:04:55.979195,South,Product B,1568.66,1021.46,0.314,False
CUST04451,2025-08-31 04:23:17.079415,South,Product C,1657.6,1010.8,0.262,False
CUST04452,2025-08-31 05:41:38.179635,West,Product A,3104.78,1719.19,0.185,False
CUST04453,2025-08-31 06:59:59.279855,West,Product A,4842.12,2899.95,0.011,False
CUST04454,2025-08-31 08:18:20.380076,West,Product D,5739.49,3669.76,0.173,False
CUST04455,2025-08-31 09:36:41.480296,North,Product A,5453.77,2739.85,0.102,False
CUST04456,2025-08-31 10:55:02.580516,East,Product B,4603.04,2888.37,0.124,False
CUST04457,2025-08-31 12:13:23.680736,North,Product D,5037.55,3064.43,0.061,False
CUST04458,2025-08-31 13:31:44.780956,South,Product C,1594.27,867.38,0.413,True
CUST04459,2025-08-31 14:50:05.881176,South,Product A,1791.65,1165.64,0.276,False
CUST04460,2025-08-31 16:08:26.981396,South,Product C,2181.23,1223.0,0.338,True
CUST04461,2025-08-31 17:26:48.081616,South,Product A,2021.18,1122.51,0.419,False
CUST04462,2025-08-31 18:45:09.181836,West,Product C,5416.64,3218.8,0.176,False
CUST04463,2025-08-31 20:03:30.282056,North,Product B,4605.69,2925.67,0.107,False
CUST04464,2025-08-31 21:21:51.382276,East,Product C,5599.95,3840.27,0.198,False
CUST04465,2025-08-31 22:40:12.482496,South,Product D,1277.67,674.96,0.36,False
CUST04466,2025-08-31 23:58:33.582716,North,Product D,4798.12,2779.52,0.042,False
CUST04467,2025-09-01 01:16:54.682936,North,Product D,5466.97,2806.73,0.081,False
CUST04468,2025-09-01 02:35:15.783156,West,Product B,5592.34,3644.58,0.067,False
CUST04469,2025-09-01 03:53:36.883376,West,Product B,5535.91,3263.68,0.069,False
CUST04470,2025-09-01 05:11:57.983596,West,Product B,5235.86,3358.21,0.152,False
CUST04471,2025-09-01 06:30:19.083816,West,Product C,4843.42,2733.81,0.117,False
CUST04472,2025-09-01 07:48:40.184036,North,Product D,5430.38,3632.18,0.008,False
CUST04473,2025-09-01 09:07:01.284256,South,Product A,1483.2,900.25,0.395,False
CUST04474,2025-09-01 10:25:22.384476,East,Product D,4324.26,2978.21,0.059,False
CUST04475,2025-09-01 11:43:43.484696,South,Product C,1767.29,911.5,0.419,True
CUST04476,2025-09-01 13:02:04.584916,South,Product D,1798.5,1084.23,0.411,True
CUST04477,2025-09-01 14:20:25.685137,South,Product D,1238.83,809.32,0.408,False
CUST04478,2025-09-01 15:38:46.785357,South,Product A,1877.44,1164.07,0.382,False
CUST04479,2025-09-01 16:57:07.885577,South,Product A,1966.36,992.3,0.264,True
CUST04480,2025-09-01 18:15:28.985797,North,Product A,4938.17,3429.4,0.107,False
CUST04481,2025-09-01 19:33:50.086017,South,Product A,2414.85,1351.48,0.265,False
CUST04482,2025-09-01 20:52:11.186237,South,Product C,1558.78,857.1,0.272,False
CUST04483,2025-09-01 22:10:32.286457,South,Product C,1648.9,984.61,0.342,False
CUST04484,2025-09-01 23:28:53.386677,North,Product D,4683.95,2849.86,0.008,False
CUST04485,2025-09-02 00:47:14.486897,East,Product C,4939.05,3226.47,0.194,True
CUST04486,2025-09-02 02:05:35.587117,North,Product A,4737.02,2741.1,0.184,False
CUST04487,2025-09-02 03:23:56.687337,South,Product A,1356.09,797.37,0.296,False
CUST04488,2025-09-02 04:42:17.787557,East,Product A,4562.76,2769.56,0.103,False
CUST04489,2025-09-02 06:00:38.887777,South,Product B,1722.67,997.21,0.313,True
CUST04490,2025-09-02 07:18:59.987997,North,Product B,5982.86,4085.75,0.176,False
CUST04491,2025-09-02 08:37:21.088217,East,Product A,6761.79,4532.1,0.138,False
CUST04492,2025-09-02 09:55:42.188437,South,Product A,2123.93,1255.23,0.276,False
CUST04493,2025-09-02 11:14:03.288657,East,Product A,4379.7,2190.02,0.089,False
CUST04494,2025-09-02 12:32:24.388877,East,Product C,,3022.31,0.086,False
CUST04495,2025-09-02 13:50:45.489097,East,Product B,4872.54,2557.44,0.192,False
CUST04496,2025-09-02 15:09:06.589317,South,Product B,2249.68,1234.85,0.255,True
CUST04497,2025-09-02 16:27:27.689537,North,Product B,4867.66,2582.16,0.018,False
CUST04498,2025-09-02 17:45:48.789757,North,Product D,3937.99,2110.62,0.176,False
CUST04499,2025-09-02 19:04:09.889977,South,Product A,1609.67,1063.31,0.399,False
CUST04500,2025-09-02 20:22:30.990198,South,Product B,1961.98,1208.38,0.394,False
CUST04501,2025-09-02 21:40:52.090418,South,Product C,1943.18,1343.17,0.322,False
CUST04502,2025-09-02 22:59:13.190638,North,Product B,4839.83,2643.95,0.132,False
CUST04503,2025-09-03 00:17:34.290858,North,Product D,5546.73,3312.1,0.113,False
CUST04504,2025-09-03 01:35:55.391078,South,Product B,1113.51,774.43,0.234,False
CUST04505,2025-09-03 02:54:16.491298,North,Product B,5083.06,3381.7,0.119,False
CUST04506,2025-09-03 04:12:37.591518,East,Product A,5688.55,3673.23,0.003,False
CUST04507,2025-09-03 05:30:58.691738,North,Product C,4333.71,2330.65,0.065,False
CUST04508,2025-09-03 06:49:19.791958,South,Product A,1515.83,991.17,0.406,False
CUST04509,2025-09-03 08:07:40.892178,West,Product A,3506.84,1997.19,0.061,False
CUST04510,2025-09-03 09:26:01.992398,North,Product B,6271.92,3801.45,0.188,False
CUST04511,2025-09-03 10:44:23.092618,South,Product B,1548.36,962.82,0.27,False
CUST04512,2025-09-03 12:02:44.192838,North,Product A,5192.83,3229.28,0.063,False
CUST04513,2025-09-03 13:21:05.293058,East,Product C,5483.13,3538.29,0.126,False
CUST04514,2025-09-03 14:39:26.393278,South,Product C,2173.38,1374.32,0.372,False
CUST04515,2025-09-03 15:57:47.493498,South,Product A,1706.91,876.79,0.32,False
CUST04516,2025-09-03 17:16:08.593718,South,Product B,1598.96,945.74,0.396,True
CUST04517,2025-09-03 18:34:29.693938,West,Product C,5138.45,3251.64,0.008,False
CUST04518,2025-09-03 19:52:50.794158,North,Product B,6027.26,3370.44,0.184,False
CUST04519,2025-09-03 21:11:11.894378,North,Product B,4863.86,2736.46,0.039,False
CUST04520,2025-09-03 22:29:32.994598,West,Product A,4236.1,2223.59,0.177,False
CUST04521,2025-09-03 23:47:54.094818,South,Product C,1318.59,769.69,0.3,False
CUST04522,2025-09-04 01:06:15.195039,West,Product D,4022.96,2805.48,0.167,False
CUST04523,2025-09-04 02:24:36.295259,South,Product C,1992.03,1109.69,0.354,False
CUST04524,2025-09-04 03:42:57.395479,West,Product A,4743.5,2875.92,0.035,False
CUST04525,2025-09-04 05:01:18.495699,South,Product B,1579.89,1024.79,0.404,True
CUST04526,2025-09-04 06:19:39.595919,East,Product D,4427.23,2225.56,0.049,False
CUST04527,2025-09-04 07:38:00.696139,West,Product A,5068.04,3446.71,0.049,False
CUST04528,2025-09-04 08:56:21.796359,South,Product D,1682.95,971.59,0.383,False
CUST04529,2025-09-04 10:14:42.896579,North,Product D,4781.49,3221.88,0.021,True
CUST04530,2025-09-04 11:33:03.996799,North,Product A,6079.46,3087.09,0.044,False
CUST04531,2025-09-04 12:51:25.097019,North,Product D,6230.41,3296.72,0.101,False
CUST04532,2025-09-04 14:09:46.197239,North,Product B,3711.98,2095.44,0.166,False
CUST04533,2025-09-04 15:28:07.297459,South,Product C,1841.73,1048.11,0.249,False
CUST04534,2025-09-04 16:46:28.397679,South,Product B,1532.48,1026.08,0.33,True
CUST04535,2025-09-04 18:04:49.497899,South,Product B,1680.49,844.01,0.362,False
CUST04536,2025-09-04 19:23:10.598119,South,Product C,1836.6,1153.79,0.392,False
CUST04537,2025-09-04 20:41:31.698339,East,Product C,4829.82,2541.76,0.187,False
CUST04538,2025-09-04 21:59:52.798559,North,Product A,5184.37,3445.75,0.157,False
CUST04539,2025-09-04 23:18:13.898779,North,Product B,5538.38,3631.59,0.131,False
CUST04540,2025-09-05 00:36:34.998999,North,Product A,5235.66,3141.31,0.087,False
CUST04541,2025-09-05 01:54:56.099219,South,Product A,1568.89,851.18,0.242,True
CUST04542,2025-09-05 03:13:17.199439,North,Product A,4496.64,2818.94,0.142,False
CUST04543,2025-09-05 04:31:38.299659,North,Product B,3848.24,2044.38,0.199,False
CUST04544,2025-09-05 05:49:59.399879,South,Product A,1510.9,812.87,0.367,False
CUST04545,2025-09-05 07:08:20.500100,West,Product A,6569.65,4108.25,0.003,False
CUST04546,2025-09-05 08:26:41.600320,North,Product A,4366.4,3048.82,0.099,False
CUST04547,2025-09-05 09:45:02.700540,East,Product A,4045.3,2743.57,0.123,False
CUST04548,2025-09-05 11:03:23.800760,East,Product B,5255.94,3251.44,0.138,False
CUST04549,2025-09-05 12:21:44.900980,East,Product D,4911.71,2984.88,0.144,False
CUST04550,2025-09-05 13:40:06.001200,West,Product A,4843.53,3388.9,0.112,False
CUST04551,2025-09-05 14:58:27.101420,North,Product D,6127.24,3734.42,0.045,False
CUST04552,2025-09-05 16:16:48.201640,North,Product C,5439.3,3176.68,0.188,False
CUST04553,2025-09-05 17:35:09.301860,West,Product C,4576.01,3120.43,0.139,False
CUST04554,2025-09-05 18:53:30.402080,South,Product C,1631.15,891.97,0.267,False
CUST04555,2025-09-05 20:11:51.502300,South,Product C,1609.28,836.03,0.284,False
CUST04556,2025-09-05 21:30:12.602520,East,Product A,5699.79,3572.73,0.184,False
CUST04557,2025-09-05 22:48:33.702740,East,Product B,4753.48,2467.86,0.177,False
CUST04558,2025-09-06 00:06:54.802960,West,Product C,3565.48,2048.83,0.081,False
CUST04559,2025-09-06 01:25:15.903180,West,Product B,4961.34,2900.97,0.008,False
CUST04560,2025-09-06 02:43:37.003400,East,Product C,3770.38,2298.07,0.01,False
CUST04561,2025-09-06 04:01:58.103620,North,Product A,6747.38,4711.91,0.057,False
CUST04562,2025-09-06 05:20:19.203840,West,Product C,4227.47,2300.57,0.126,False
CUST04563,2025-09-06 06:38:40.304060,North,Product B,4870.51,2801.28,0.117,False
CUST04564,2025-09-06 07:57:01.404280,North,Product B,5206.56,2740.98,0.127,False
CUST04565,2025-09-06 09:15:22.504500,West,Product A,4769.07,2964.09,0.143,True
CUST04566,2025-09-06 10:33:43.604720,North,Product C,4767.98,3077.89,0.004,False
CUST04567,2025-09-06 11:52:04.704940,North,Product D,5337.46,3183.34,0.021,False
CUST04568,2025-09-06 13:10:25.805161,North,Product B,6220.97,3416.35,0.072,True
CUST04569,2025-09-06 14:28:46.905381,West,Product C,5614.01,3504.14,0.031,False
CUST04570,2025-09-06 15:47:08.005601,South,Product B,2163.98,1315.34,0.235,False
CUST04571,2025-09-06 17:05:29.105821,East,Product A,4162.7,2223.87,0.128,False
CUST04572,2025-09-06 18:23:50.206041,North,Product A,5253.89,3053.23,0.163,False
CUST04573,2025-09-06 19:42:11.306261,East,Product A,5124.2,3008.11,0.151,False
CUST04574,2025-09-06 21:00:32.406481,East,Product B,5280.87,3678.25,0.163,False
CUST04575,2025-09-06 22:18:53.506701,South,Product A,2135.34,1430.38,0.353,False
CUST04576,2025-09-06 23:37:14.606921,South,Product C,1688.18,1092.04,0.367,False
CUST04577,2025-09-07 00:55:35.707141,North,Product C,4675.6,3168.91,0.054,False
CUST04578,2025-09-07 02:13:56.807361,West,Product A,5427.18,3511.91,0.199,False
CUST04579,2025-09-07 03:32:17.907581,East,Product A,3577.44,2435.09,0.037,False
CUST04580,2025-09-07 04:50:39.007801,West,Product A,4810.52,2457.74,0.043,False
CUST04581,2025-09-07 06:09:00.108021,South,Product B,1712.42,1012.41,0.278,True
CUST04582,2025-09-07 07:27:21.208241,East,Product A,4263.71,2768.77,0.195,False
CUST04583,2025-09-07 08:45:42.308461,East,Product A,5845.65,3604.77,0.198,False
CUST04584,2025-09-07 10:04:03.408681,East,Product D,4150.21,2220.5,0.159,False
CUST04585,2025-09-07 11:22:24.508901,West,Product C,4891.3,2778.74,0.126,False
CUST04586,2025-09-07 12:40:45.609121,South,Product A,1832.08,1032.48,0.324,True
CUST04587,2025-09-07 13:59:06.709341,North,Product B,6082.76,3359.32,0.194,False
CUST04588,2025-09-07 15:17:27.809561,East,Product B,4991.55,2838.33,0.139,False
CUST04589,2025-09-07 16:35:48.909781,East,Product C,,3466.43,0.189,False
CUST04590,2025-09-07 17:54:10.010002,South,Product B,1946.17,1305.83,0.283,False
CUST04591,2025-09-07 19:12:31.110222,North,Product A,5098.77,3306.07,0.067,False
CUST04592,2025-09-07 20:30:52.210442,South,Product C,1444.94,963.84,0.391,False
CUST04593,2025-09-07 21:49:13.310662,South,Product B,1348.32,912.43,0.25,False
CUST04594,2025-09-07 23:07:34.410882,South,Product A,1779.82,1038.05,0.409,False
CUST04595,2025-09-08 00:25:55.511102,East,Product B,4565.84,2598.9,0.101,False
CUST04596,2025-09-08 01:44:16.611322,East,Product B,5735.41,2933.8,0.185,False
CUST04597,2025-09-08 03:02:37.711542,North,Product A,5596.69,3839.88,0.067,False
CUST04598,2025-09-08 04:20:58.811762,South,Product A,1698.31,871.51,0.363,False
CUST04599,2025-09-08 05:39:19.911982,North,Product B,4073.83,2640.77,0.097,False
CUST04600,2025-09-08 06:57:41.012202,North,Product A,5408.59,3113.3,0.125,False
CUST04601,2025-09-08 08:16:02.112422,East,Product C,4185.64,2887.07,0.101,False
CUST04602,2025-09-08 09:34:23.212642,West,Product A,4393.23,2565.3,0.193,False
CUST04603,2025-09-08 10:52:44.312862,South,Product A,1475.76,978.91,0.358,False
CUST04604,2025-09-08 12:11:05.413082,East,Product C,4889.2,2720.99,0.05,False
CUST04605,2025-09-08 13:29:26.513302,West,Product C,5936.15,3323.16,0.182,False
CUST04606,2025-09-08 14:47:47.613522,West,Product C,4995.97,3093.02,0.059,False
CUST04607,2025-09-08 16:06:08.713742,North,Product B,4645.43,3249.92,0.074,False
CUST04608,2025-09-08 17:24:29.813962,West,Product A,3779.51,2280.99,0.02,False
CUST04609,2025-09-08 18:42:50.914182,South,Product C,1904.59,1308.96,0.4,True
CUST04610,2025-09-08 20:01:12.014402,South,Product C,1531.49,1006.57,0.277,False
CUST04611,2025-09-08 21:19:33.114622,North,Product A,5094.01,3357.84,0.052,False
CUST04612,2025-09-08 22:37:54.214842,South,Product D,1650.82,969.35,0.404,False
CUST04613,2025-09-08 23:56:15.315063,North,Product A,5670.54,3273.65,0.161,False
CUST04614,2025-09-09 01:14:36.415283,North,Product D,4874.21,2624.2,0.028,False
CUST04615,2025-09-09 02:32:57.515503,South,Product D,1733.5,1200.95,0.374,True
CUST04616,2025-09-09 03:51:18.615723,West,Product C,5388.6,3728.26,0.183,False
CUST04617,2025-09-09 05:09:39.715943,West,Product D,6685.55,4341.69,0.016,False
CUST04618,2025-09-09 06:28:00.816163,South,Product C,1998.77,1117.81,0.385,False
CUST04619,2025-09-09 07:46:21.916383,West,Product A,4929.12,2706.26,0.109,False
CUST04620,2025-09-09 09:04:43.016603,West,Product B,5002.56,3490.4,0.134,False
CUST04621,2025-09-09 10:23:04.116823,East,Product A,4580.11,2351.01,0.099,False
CUST04622,2025-09-09 11:41:25.217043,North,Product B,4240.0,2835.34,0.14,False
CUST04623,2025-09-09 12:59:46.317263,East,Product C,4557.8,2602.92,0.007,False
CUST04624,2025-09-09 14:18:07.417483,West,Product B,4382.28,2558.26,0.153,False
CUST04625,2025-09-09 15:36:28.517703,East,Product A,5522.69,3680.3,0.007,False
CUST04626,2025-09-09 16:54:49.617923,South,Product B,1450.07,751.31,0.311,True
CUST04627,2025-09-09 18:13:10.718143,South,Product D,2123.3,1212.05,0.25,False
CUST04628,2025-09-09 19:31:31.818363,East,Product A,5601.64,3867.4,0.165,False
CUST04629,2025-09-09 20:49:52.918583,South,Product B,1755.74,1123.35,0.283,False
CUST04630,2025-09-09 22:08:14.018803,North,Product A,5000.25,3255.11,0.091,False
CUST04631,2025-09-09 23:26:35.119023,South,Product C,1593.96,1038.47,0.306,False
CUST04632,2025-09-10 00:44:56.219243,West,Product A,5216.07,2671.22,0.155,False
CUST04633,2025-09-10 02:03:17.319463,West,Product C,5870.47,3173.82,0.096,True
CUST04634,2025-09-10 03:21:38.419683,North,Product A,4437.47,2654.73,0.158,False
CUST04635,2025-09-10 04:39:59.519903,West,Product A,3773.29,2164.47,0.015,False
CUST04636,2025-09-10 05:58:20.620124,South,Product D,1946.9,1133.45,0.258,True
CUST04637,2025-09-10 07:16:41.720344,East,Product A,5259.49,3451.75,0.11,False
CUST04638,2025-09-10 08:35:02.820564,East,Product B,4103.84,2063.97,0.189,False
CUST04639,2025-09-10 09:53:23.920784,West,Product A,4413.29,2789.63,0.015,False
CUST04640,2025-09-10 11:11:45.021004,West,Product B,4312.72,2156.45,0.009,False
CUST04641,2025-09-10 12:30:06.121224,South,Product B,1547.13,793.08,0.251,False
CUST04642,2025-09-10 13:48:27.221444,West,Product A,4741.05,2757.67,0.128,False
CUST04643,2025-09-10 15:06:48.321664,North,Product A,4786.76,3198.47,0.08,False
CUST04644,2025-09-10 16:25:09.421884,East,Product B,4479.37,2369.58,0.165,True
CUST04645,2025-09-10 17:43:30.522104,East,Product C,4393.47,2684.08,0.014,False
CUST04646,2025-09-10 19:01:51.622324,East,Product C,4816.97,3062.15,0.039,False
CUST04647,2025-09-10 20:20:12.722544,North,Product B,5134.15,2802.77,0.06,False
CUST04648,2025-09-10 21:38:33.822764,West,Product B,4746.96,2859.88,0.125,False
CUST04649,2025-09-10 22:56:54.922984,North,Product A,5926.93,4043.84,0.137,False
CUST04650,2025-09-11 00:15:16.023204,North,Product A,5406.47,3257.1,0.025,False
CUST04651,2025-09-11 01:33:37.123424,East,Product A,3727.32,1980.94,0.189,False
CUST04652,2025-09-11 02:51:58.223644,South,Product A,1896.64,1186.47,0.288,True
CUST04653,2025-09-11 04:10:19.323864,West,Product A,5484.44,3391.79,0.143,False
CUST04654,2025-09-11 05:28:40.424084,South,Product B,1628.27,822.92,0.325,False
CUST04655,2025-09-11 06:47:01.524304,North,Product B,3803.84,1970.84,0.045,False
CUST04656,2025-09-11 08:05:22.624524,West,Product D,5006.45,2660.21,0.169,False
CUST04657,2025-09-11 09:23:43.724744,South,Product A,1747.84,921.56,0.384,False
CUST04658,2025-09-11 10:42:04.824964,North,Product C,4102.68,2264.24,0.079,False
CUST04659,2025-09-11 12:00:25.925185,East,Product C,3839.02,2268.18,0.118,False
CUST04660,2025-09-11 13:18:47.025405,South,Product B,1725.49,991.02,0.272,True
CUST04661,2025-09-11 14:37:08.125625,East,Product A,4813.54,3264.2,0.138,False
CUST04662,2025-09-11 15:55:29.225845,South,Product A,1633.17,1016.52,0.282,True
CUST04663,2025-09-11 17:13:50.326065,West,Product A,4933.27,3331.09,0.169,False
CUST04664,2025-09-11 18:32:11.426285,West,Product A,4117.78,2492.94,0.043,False
CUST04665,2025-09-11 19:50:32.526505,East,Product C,4652.14,2409.69,0.003,False
CUST04666,2025-09-11 21:08:53.626725,North,Product A,5426.66,3216.15,0.054,False
CUST04667,2025-09-11 22:27:14.726945,West,Product A,4720.02,3136.01,0.038,False
CUST04668,2025-09-11 23:45:35.827165,East,Product C,3662.42,1973.39,0.102,False
CUST04669,2025-09-12 01:03:56.927385,East,Product C,4621.85,2395.24,0.041,False
CUST04670,2025-09-12 02:22:18.027605,South,Product B,1450.36,820.74,0.373,False
CUST04671,2025-09-12 03:40:39.127825,West,Product C,5213.71,3012.37,0.048,False
CUST04672,2025-09-12 04:59:00.228045,East,Product B,5255.07,2949.42,0.141,False
CUST04673,2025-09-12 06:17:21.328265,North,Product A,3672.98,1935.84,0.116,False
CUST04674,2025-09-12 07:35:42.428485,South,Product B,1962.52,1079.72,0.417,False
CUST04675,2025-09-12 08:54:03.528705,West,Product B,4110.25,2616.0,0.2,False
CUST04676,2025-09-12 10:12:24.628925,North,Product D,6247.35,3605.88,0.174,False
CUST04677,2025-09-12 11:30:45.729145,West,Product A,4960.98,3108.1,0.152,False
CUST04678,2025-09-12 12:49:06.829365,East,Product B,4002.89,2430.8,0.077,False
CUST04679,2025-09-12 14:07:27.929585,East,Product A,4086.41,2491.94,0.151,False
CUST04680,2025-09-12 15:25:49.029805,North,Product B,5278.48,2901.63,0.191,False
CUST04681,2025-09-12 16:44:10.130026,North,Product A,4686.96,2832.37,0.005,False
CUST04682,2025-09-12 18:02:31.230246,West,Product A,4922.68,2484.57,0.108,False
CUST04683,2025-09-12 19:20:52.330466,North,Product C,6290.22,3688.27,0.044,False
CUST04684,2025-09-12 20:39:13.430686,East,Product B,4440.6,2728.86,0.112,False
CUST04685,2025-09-12 21:57:34.530906,South,Product B,1766.79,947.7,0.313,False
CUST04686,2025-09-12 23:15:55.631126,North,Product A,6135.88,3382.78,0.115,False
CUST04687,2025-09-13 00:34:16.731346,North,Product A,5216.41,2837.24,0.11,False
CUST04688,2025-09-13 01:52:37.831566,South,Product B,1300.15,668.42,0.412,False
CUST04689,2025-09-13 03:10:58.931786,West,Product C,5404.31,3078.14,0.11,False
CUST04690,2025-09-13 04:29:20.032006,South,Product D,1424.36,991.06,0.389,False
CUST04691,2025-09-13 05:47:41.132226,South,Product B,2143.91,1223.69,0.284,True
CUST04692,2025-09-13 07:06:02.232446,South,Product B,1519.6,899.76,0.308,False
CUST04693,2025-09-13 08:24:23.332666,South,Product C,2581.46,1627.92,0.314,False
CUST04694,2025-09-13 09:42:44.432886,South,Product B,2160.87,1360.7,0.276,False
CUST04695,2025-09-13 11:01:05.533106,West,Product B,4362.71,3010.18,0.076,False
CUST04696,2025-09-13 12:19:26.633326,South,Product A,1755.6,1178.91,0.34,True
CUST04697,2025-09-13 13:37:47.733546,South,Product C,1961.02,1291.9,0.336,False
CUST04698,2025-09-13 14:56:08.833766,North,Product B,5626.93,3884.41,0.127,False
CUST04699,2025-09-13 16:14:29.933986,West,Product C,5353.87,2924.03,0.07,False
CUST04700,2025-09-13 17:32:51.034206,North,Product C,6001.73,3741.54,0.063,False
CUST04701,2025-09-13 18:51:12.134426,North,Product A,4901.62,3320.55,0.122,False
CUST04702,2025-09-13 20:09:33.234646,East,Product C,4706.63,2940.83,0.027,False
CUST04703,2025-09-13 21:27:54.334866,South,Product C,,1149.55,0.271,True
CUST04704,2025-09-13 22:46:15.435087,South,Product A,1990.34,1035.12,0.228,False
CUST04705,2025-09-14 00:04:36.535307,South,Product A,1852.25,1088.88,0.235,False
CUST04706,2025-09-14 01:22:57.635527,East,Product A,5233.03,3639.43,0.049,False
CUST04707,2025-09-14 02:41:18.735747,North,Product B,5636.19,3245.96,0.004,False
CUST04708,2025-09-14 03:59:39.835967,West,Product B,3359.16,2176.44,0.049,False
CUST04709,2025-09-14 05:18:00.936187,East,Product B,5248.06,2655.94,0.131,False
CUST04710,2025-09-14 06:36:22.036407,South,Product A,1811.2,1157.3,0.232,False
CUST04711,2025-09-14 07:54:43.136627,South,Product D,2217.27,1523.1,0.307,True
CUST04712,2025-09-14 09:13:04.236847,North,Product A,3777.13,2177.67,0.183,False
CUST04713,2025-09-14 10:31:25.337067,East,Product A,6245.75,3149.48,0.158,False
CUST04714,2025-09-14 11:49:46.437287,South,Product B,1771.11,895.44,0.281,True
CUST04715,2025-09-14 13:08:07.537507,South,Product B,1886.92,1280.09,0.405,False
CUST04716,2025-09-14 14:26:28.637727,South,Product A,2219.26,1430.32,0.286,False
CUST04717,2025-09-14 15:44:49.737947,West,Product A,5448.61,2840.56,0.015,False
CUST04718,2025-09-14 17:03:10.838167,South,Product A,1862.1,951.38,0.419,False
CUST04719,2025-09-14 18:21:31.938387,West,Product C,5193.83,3432.94,0.174,False
CUST04720,2025-09-14 19:39:53.038607,South,Product C,1614.63,1068.84,0.313,True
CUST04721,2025-09-14 20:58:14.138827,North,Product B,4977.21,2608.58,0.133,False
CUST04722,2025-09-14 22:16:35.239047,North,Product C,4427.59,2480.8,0.134,False
CUST04723,2025-09-14 23:34:56.339267,South,Product C,1737.52,1139.82,0.259,False
CUST04724,2025-09-15 00:53:17.439487,North,Product A,3131.26,1894.67,0.04,False
CUST04725,2025-09-15 02:11:38.539707,North,Product D,5343.23,3693.87,0.094,False
CUST04726,2025-09-15 03:29:59.639927,West,Product C,4902.61,2923.0,0.182,False
CUST04727,2025-09-15 04:48:20.740148,West,Product A,4731.04,3006.06,0.002,False
CUST04728,2025-09-15 06:06:41.840368,East,Product A,5175.81,3115.61,0.157,False
CUST04729,2025-09-15 07:25:02.940588,North,Product A,3853.15,2653.25,0.012,False
CUST04730,2025-09-15 08:43:24.040808,North,Product A,6543.42,3793.43,0.096,False
CUST04731,2025-09-15 10:01:45.141028,North,Product C,4917.79,2684.91,0.128,False
CUST04732,2025-09-15 11:20:06.241248,East,Product B,4883.32,2760.67,0.137,False
CUST04733,2025-09-15 12:38:27.341468,West,Product C,4227.68,2834.89,0.012,False
CUST04734,2025-09-15 13:56:48.441688,South,Product C,1756.7,1053.3,0.304,False
CUST04735,2025-09-15 15:15:09.541908,North,Product C,6109.57,3487.65,0.117,False
CUST04736,2025-09-15 16:33:30.642128,South,Product C,2040.06,1242.09,0.233,False
CUST04737,2025-09-15 17:51:51.742348,South,Product A,1989.24,1047.63,0.247,False
CUST04738,2025-09-15 19:10:12.842568,South,Product A,1902.99,953.54,0.353,False
CUST04739,2025-09-15 20:28:33.942788,East,Product C,4713.17,2621.07,0.104,False
CUST04740,2025-09-15 21:46:55.043008,East,Product A,3839.87,2384.56,0.032,False
CUST04741,2025-09-15 23:05:16.143228,North,Product A,4839.17,3108.37,0.107,False
CUST04742,2025-09-16 00:23:37.243448,North,Product D,4811.3,3201.07,0.183,False
CUST04743,2025-09-16 01:41:58.343668,West,Product C,5839.04,4001.68,0.003,False
CUST04744,2025-09-16 03:00:19.443888,North,Product A,5247.51,3056.27,0.129,False
CUST04745,2025-09-16 04:18:40.544108,North,Product C,6289.85,4076.47,0.015,False
CUST04746,2025-09-16 05:37:01.644328,North,Product C,5957.99,3067.98,0.001,False
CUST04747,2025-09-16 06:55:22.744548,North,Product A,4634.8,2370.73,0.03,False
CUST04748,2025-09-16 08:13:43.844768,South,Product A,1247.36,654.82,0.305,False
CUST04749,2025-09-16 09:32:04.944989,West,Product D,6108.46,3602.24,0.16,False
CUST04750,2025-09-16 10:50:26.045209,South,Product A,2130.63,1155.35,0.276,False
CUST04751,2025-09-16 12:08:47.145429,South,Product A,1367.46,762.2,0.345,False
CUST04752,2025-09-16 13:27:08.245649,East,Product B,6207.39,3908.03,0.082,False
CUST04753,2025-09-16 14:45:29.345869,South,Product C,1856.99,1061.65,0.267,False
CUST04754,2025-09-16 16:03:50.446089,West,Product A,5128.55,3135.98,0.103,False
CUST04755,2025-09-16 17:22:11.546309,West,Product A,6291.83,3664.87,0.159,False
CUST04756,2025-09-16 18:40:32.646529,North,Product A,6075.75,3243.2,0.166,False
CUST04757,2025-09-16 19:58:53.746749,East,Product D,5521.06,2842.27,0.169,False
CUST04758,2025-09-16 21:17:14.846969,South,Product A,1882.5,1030.19,0.288,False
CUST04759,2025-09-16 22:35:35.947189,West,Product B,5493.12,2809.95,0.159,True
CUST04760,2025-09-16 23:53:57.047409,South,Product D,1637.98,1021.65,0.262,False
CUST04761,2025-09-17 01:12:18.147629,West,Product A,4955.92,3266.66,0.148,False
CUST04762,2025-09-17 02:30:39.247849,East,Product D,4278.15,2429.77,0.19,False
CUST04763,2025-09-17 03:49:00.348069,North,Product D,4733.57,2733.27,0.003,False
CUST04764,2025-09-17 05:07:21.448289,South,Product D,1647.34,1092.58,0.308,False
CUST04765,2025-09-17 06:25:42.548509,West,Product A,4491.76,2445.86,0.13,False
CUST04766,2025-09-17 07:44:03.648729,West,Product C,5109.4,2676.47,0.14,False
CUST04767,2025-09-17 09:02:24.748949,North,Product C,,2845.55,0.035,False
CUST04768,2025-09-17 10:20:45.849169,East,Product D,5401.79,3399.01,0.194,False
CUST04769,2025-09-17 11:39:06.949389,South,Product A,1295.75,803.28,0.343,False
CUST04770,2025-09-17 12:57:28.049609,North,Product C,4909.32,3155.58,0.033,False
CUST04771,2025-09-17 14:15:49.149829,South,Product A,1786.83,913.7,0.224,True
CUST04772,2025-09-17 15:34:10.250050,North,Product A,4751.5,2782.67,0.157,False
CUST04773,2025-09-17 16:52:31.350270,West,Product B,4862.09,2663.03,0.016,False
CUST04774,2025-09-17 18:10:52.450490,South,Product C,1306.13,851.37,0.248,True
CUST04775,2025-09-17 19:29:13.550710,West,Product B,5285.18,3565.1,0.115,False
CUST04776,2025-09-17 20:47:34.650930,North,Product B,5518.08,3069.53,0.121,False
CUST04777,2025-09-17 22:05:55.751150,South,Product D,1888.19,980.05,0.357,False
CUST04778,2025-09-17 23:24:16.851370,North,Product B,5830.98,3211.04,0.079,False
CUST04779,2025-09-18 00:42:37.951590,North,Product C,5161.22,2687.97,0.155,False
CUST04780,2025-09-18 02:00:59.051810,North,Product B,5382.94,3038.59,0.195,False
CUST04781,2025-09-18 03:19:20.152030,North,Product B,5124.87,3114.08,0.054,False
CUST04782,2025-09-18 04:37:41.252250,South,Product C,1942.51,1349.53,0.361,True
CUST04783,2025-09-18 05:56:02.352470,North,Product D,3738.22,2167.69,0.186,True
CUST04784,2025-09-18 07:14:23.452690,South,Product B,1499.8,815.9,0.357,False
CUST04785,2025-09-18 08:32:44.552910,South,Product C,2194.33,1170.37,0.356,False
CUST04786,2025-09-18 09:51:05.653130,West,Product A,3031.65,1620.74,0.045,False
CUST04787,2025-09-18 11:09:26.753350,West,Product A,4887.86,2632.21,0.107,True
CUST04788,2025-09-18 12:27:47.853570,South,Product B,2078.24,1355.95,0.333,False
CUST04789,2025-09-18 13:46:08.953790,South,Product A,1723.89,882.98,0.36,True
CUST04790,2025-09-18 15:04:30.054010,North,Product A,4675.99,3270.76,0.199,False
CUST04791,2025-09-18 16:22:51.154230,West,Product B,5103.54,3085.28,0.007,False
CUST04792,2025-09-18 17:41:12.254450,North,Product A,4717.5,2872.27,0.013,False
CUST04793,2025-09-18 18:59:33.354670,North,Product A,5024.68,2871.67,0.016,False
CUST04794,2025-09-18 20:17:54.454890,North,Product B,4453.3,2841.43,0.149,False
CUST04795,2025-09-18 21:36:15.555111,South,Product B,2060.43,1224.49,0.247,False
CUST04796,2025-09-18 22:54:36.655331,North,Product D,6138.61,3473.3,0.124,False
CUST04797,2025-09-19 00:12:57.755551,East,Product C,4893.29,2706.12,0.065,False
CUST04798,2025-09-19 01:31:18.855771,North,Product B,3890.81,2665.71,0.091,True
CUST04799,2025-09-19 02:49:39.955991,East,Product D,4580.93,2557.06,0.043,False
CUST04800,2025-09-19 04:08:01.056211,North,Product C,4852.81,2849.95,0.173,False
CUST04801,2025-09-19 05:26:22.156431,North,Product A,5404.43,3080.89,0.117,False
CUST04802,2025-09-19 06:44:43.256651,West,Product A,4193.59,2169.07,0.189,False
CUST04803,2025-09-19 08:03:04.356871,North,Product C,4384.67,2355.39,0.115,False
CUST04804,2025-09-19 09:21:25.457091,West,Product B,5408.54,2909.26,0.025,False
CUST04805,2025-09-19 10:39:46.557311,South,Product C,2012.89,1285.7,0.254,False
CUST04806,2025-09-19 11:58:07.657531,North,Product C,4502.72,2617.51,0.198,False
CUST04807,2025-09-19 13:16:28.757751,West,Product C,3933.43,2581.88,0.145,False
CUST04808,2025-09-19 14:34:49.857971,North,Product D,7627.29,4895.12,0.01,False
CUST04809,2025-09-19 15:53:10.958191,West,Product B,5626.64,3029.44,0.141,False
CUST04810,2025-09-19 17:11:32.058411,North,Product A,4786.4,2932.07,0.082,False
CUST04811,2025-09-19 18:29:53.158631,West,Product C,5695.23,3693.82,0.061,False
CUST04812,2025-09-19 19:48:14.258851,North,Product A,4900.43,3070.65,0.031,False
CUST04813,2025-09-19 21:06:35.359071,South,Product C,1992.8,1235.55,0.388,False
CUST04814,2025-09-19 22:24:56.459291,East,Product D,5127.51,3322.23,0.013,True
CUST04815,2025-09-19 23:43:17.559511,West,Product C,5073.02,2594.12,0.058,False
CUST04816,2025-09-20 01:01:38.659731,West,Product B,4909.13,3172.7,0.061,False
CUST04817,2025-09-20 02:19:59.759951,West,Product B,3842.09,2130.56,0.032,False
CUST04818,2025-09-20 03:38:20.860172,West,Product B,6550.48,4024.45,0.102,False
CUST04819,2025-09-20 04:56:41.960392,North,Product B,4246.77,2329.19,0.002,False
CUST04820,2025-09-20 06:15:03.060612,North,Product C,3911.98,2612.28,0.06,False
CUST04821,2025-09-20 07:33:24.160832,North,Product C,4829.71,2879.05,0.187,False
CUST04822,2025-09-20 08:51:45.261052,South,Product C,1480.79,930.81,0.282,False
CUST04823,2025-09-20 10:10:06.361272,South,Product A,1735.52,1143.39,0.292,False
CUST04824,2025-09-20 11:28:27.461492,South,Product B,1942.57,1319.13,0.315,False
CUST04825,2025-09-20 12:46:48.561712,North,Product C,5796.24,3746.76,0.112,False
CUST04826,2025-09-20 14:05:09.661932,East,Product B,5651.78,2994.05,0.162,False
CUST04827,2025-09-20 15:23:30.762152,North,Product B,4755.49,3190.49,0.038,False
CUST04828,2025-09-20 16:41:51.862372,South,Product C,,1100.16,0.394,False
CUST04829,2025-09-20 18:00:12.962592,South,Product C,1864.21,1159.33,0.372,False
CUST04830,2025-09-20 19:18:34.062812,East,Product B,3593.77,2459.1,0.145,False
CUST04831,2025-09-20 20:36:55.163032,East,Product D,5456.47,2999.78,0.017,False
CUST04832,2025-09-20 21:55:16.263252,East,Product A,3834.16,2100.8,0.004,False
CUST04833,2025-09-20 23:13:37.363472,North,Product D,6632.28,3996.87,0.119,False
CUST04834,2025-09-21 00:31:58.463692,South,Product A,1636.74,1064.16,0.393,False
CUST04835,2025-09-21 01:50:19.563912,North,Product A,4852.1,2860.06,0.117,False
CUST04836,2025-09-21 03:08:40.664132,South,Product D,1534.48,961.78,0.263,False
CUST04837,2025-09-21 04:27:01.764352,South,Product A,1573.61,929.22,0.238,True
CUST04838,2025-09-21 05:45:22.864572,North,Product C,,4242.12,0.14,False
CUST04839,2025-09-21 07:03:43.964792,North,Product C,5752.3,3822.13,0.144,False
CUST04840,2025-09-21 08:22:05.065013,West,Product D,3760.64,2016.06,0.035,False
CUST04841,2025-09-21 09:40:26.165233,West,Product D,6203.37,3964.42,0.006,False
CUST04842,2025-09-21 10:58:47.265453,South,Product A,2084.11,1370.27,0.302,True
CUST04843,2025-09-21 12:17:08.365673,North,Product C,4775.03,2814.51,0.117,False
CUST04844,2025-09-21 13:35:29.465893,North,Product A,5245.36,2961.77,0.141,False
CUST04845,2025-09-21 14:53:50.566113,South,Product B,1745.82,877.64,0.382,False
CUST04846,2025-09-21 16:12:11.666333,West,Product C,6578.06,4337.71,0.122,False
CUST04847,2025-09-21 17:30:32.766553,North,Product B,4362.97,2467.64,0.022,False
CUST04848,2025-09-21 18:48:53.866773,East,Product B,5116.81,2924.06,0.137,False
CUST04849,2025-09-21 20:07:14.966993,North,Product B,4657.48,2641.73,0.197,False
CUST04850,2025-09-21 21:25:36.067213,West,Product C,3853.57,2311.17,0.181,False
CUST04851,2025-09-21 22:43:57.167433,South,Product D,2363.66,1513.92,0.394,False
CUST04852,2025-09-22 00:02:18.267653,East,Product A,4054.75,2653.32,0.06,False
CUST04853,2025-09-22 01:20:39.367873,South,Product B,1811.64,1048.06,0.37,False
CUST04854,2025-09-22 02:39:00.468093,East,Product D,3607.44,2282.14,0.17,False
CUST04855,2025-09-22 03:57:21.568313,North,Product B,4680.74,3015.04,0.136,False
CUST04856,2025-09-22 05:15:42.668533,North,Product A,5337.58,2985.75,0.05,False
CUST04857,2025-09-22 06:34:03.768753,West,Product B,4340.21,2253.98,0.191,False
CUST04858,2025-09-22 07:52:24.868973,West,Product A,5469.44,3713.39,0.09,False
CUST04859,2025-09-22 09:10:45.969193,West,Product A,4784.77,3040.35,0.026,False
CUST04860,2025-09-22 10:29:07.069413,East,Product C,5928.07,3732.44,0.022,False
CUST04861,2025-09-22 11:47:28.169633,West,Product B,6089.41,3116.44,0.13,False
CUST04862,2025-09-22 13:05:49.269853,North,Product D,4530.6,3006.39,0.088,False
CUST04863,2025-09-22 14:24:10.370074,South,Product C,1771.49,1086.29,0.239,False
CUST04864,2025-09-22 15:42:31.470294,South,Product C,1801.37,1206.15,0.368,False
CUST04865,2025-09-22 17:00:52.570514,East,Product A,5495.48,3818.88,0.16,False
CUST04866,2025-09-22 18:19:13.670734,South,Product B,1754.03,1212.77,0.365,False
CUST04867,2025-09-22 19:37:34.770954,North,Product A,5152.17,3458.23,0.04,True
CUST04868,2025-09-22 20:55:55.871174,South,Product D,1681.85,844.61,0.358,False
CUST04869,2025-09-22 22:14:16.971394,West,Product A,5092.19,3448.15,0.002,False
CUST04870,2025-09-22 23:32:38.071614,South,Product A,2113.42,1088.44,0.281,False
CUST04871,2025-09-23 00:50:59.171834,North,Product B,5516.87,3697.62,0.08,False
CUST04872,2025-09-23 02:09:20.272054,North,Product A,5561.0,3092.11,0.167,False
CUST04873,2025-09-23 03:27:41.372274,North,Product A,5578.46,3469.88,0.078,False
CUST04874,2025-09-23 04:46:02.472494,North,Product B,4876.95,2475.61,0.002,True
CUST04875,2025-09-23 06:04:23.572714,East,Product A,5255.06,3438.05,0.07,False
CUST04876,2025-09-23 07:22:44.672934,East,Product A,4131.86,2158.24,0.1,False
CUST04877,2025-09-23 08:41:05.773154,East,Product B,6015.05,3501.58,0.19,False
CUST04878,2025-09-23 09:59:26.873374,South,Product C,970.77,644.1,0.408,False
CUST04879,2025-09-23 11:17:47.973594,West,Product B,4930.28,3150.79,0.036,False
CUST04880,2025-09-23 12:36:09.073814,North,Product B,5912.72,2963.5,0.037,False
CUST04881,2025-09-23 13:54:30.174034,South,Product B,1368.12,794.34,0.253,False
CUST04882,2025-09-23 15:12:51.274254,West,Product B,5319.82,2704.52,0.158,False
CUST04883,2025-09-23 16:31:12.374474,North,Product D,4455.39,2827.83,0.001,False
CUST04884,2025-09-23 17:49:33.474694,North,Product A,4704.96,3264.25,0.025,False
CUST04885,2025-09-23 19:07:54.574914,West,Product C,5756.75,3632.81,0.108,False
CUST04886,2025-09-23 20:26:15.675135,South,Product D,1805.46,983.75,0.27,False
CUST04887,2025-09-23 21:44:36.775355,East,Product C,3372.52,1925.86,0.018,True
CUST04888,2025-09-23 23:02:57.875575,North,Product A,4218.86,2933.5,0.072,False
CUST04889,2025-09-24 00:21:18.975795,East,Product A,5780.27,3149.15,0.055,False
CUST04890,2025-09-24 01:39:40.076015,South,Product C,1875.7,1148.5,0.322,True
CUST04891,2025-09-24 02:58:01.176235,North,Product A,6398.51,3711.72,0.196,False
CUST04892,2025-09-24 04:16:22.276455,East,Product C,6346.12,4148.22,0.025,False
CUST04893,2025-09-24 05:34:43.376675,North,Product C,4726.2,3182.99,0.075,False
CUST04894,2025-09-24 06:53:04.476895,South,Product C,2450.91,1392.53,0.406,False
CUST04895,2025-09-24 08:11:25.577115,North,Product A,5019.58,3172.77,0.175,False
CUST04896,2025-09-24 09:29:46.677335,North,Product C,4229.87,2579.41,0.079,False
CUST04897,2025-09-24 10:48:07.777555,North,Product C,4493.09,2496.76,0.14,False
CUST04898,2025-09-24 12:06:28.877775,North,Product C,3194.62,1771.06,0.018,False
CUST04899,2025-09-24 13:24:49.977995,West,Product A,6285.62,3819.93,0.143,False
CUST04900,2025-09-24 14:43:11.078215,North,Product A,6275.81,3331.2,0.195,False
CUST04901,2025-09-24 16:01:32.178435,South,Product B,1465.66,970.5,0.327,True
CUST04902,2025-09-24 17:19:53.278655,North,Product A,4817.69,2475.34,0.1,False
CUST04903,2025-09-24 18:38:14.378875,South,Product B,1776.77,921.99,0.257,True
CUST04904,2025-09-24 19:56:35.479095,West,Product D,4231.72,2405.5,0.127,False
CUST04905,2025-09-24 21:14:56.579315,North,Product B,3595.92,1882.89,0.118,False
CUST04906,2025-09-24 22:33:17.679535,West,Product C,4831.71,2875.55,0.13,False
CUST04907,2025-09-24 23:51:38.779755,North,Product A,4743.14,2750.71,0.005,False
CUST04908,2025-09-25 01:09:59.879975,East,Product A,4689.27,3021.59,0.11,False
CUST04909,2025-09-25 02:28:20.980196,South,Product A,1812.36,1251.62,0.339,False
CUST04910,2025-09-25 03:46:42.080416,West,Product A,6143.62,3997.72,0.042,False
CUST04911,2025-09-25 05:05:03.180636,South,Product D,1665.13,892.33,0.262,True
CUST04912,2025-09-25 06:23:24.280856,South,Product A,1797.72,1235.22,0.275,False
CUST04913,2025-09-25 07:41:45.381076,North,Product C,5581.5,3228.49,0.142,False
CUST04914,2025-09-25 09:00:06.481296,North,Product B,5443.31,3237.89,0.121,False
CUST04915,2025-09-25 10:18:27.581516,West,Product D,4508.46,2634.36,0.169,False
CUST04916,2025-09-25 11:36:48.681736,South,Product A,1776.99,988.2,0.279,False
CUST04917,2025-09-25 12:55:09.781956,South,Product A,1903.31,1292.37,0.402,False
CUST04918,2025-09-25 14:13:30.882176,East,Product A,4097.32,2320.92,0.149,False
CUST04919,2025-09-25 15:31:51.982396,South,Product B,2103.79,1295.34,0.299,True
CUST04920,2025-09-25 16:50:13.082616,West,Product A,6145.27,3367.65,0.019,False
CUST04921,2025-09-25 18:08:34.182836,East,Product D,4421.78,2916.05,0.051,False
CUST04922,2025-09-25 19:26:55.283056,South,Product C,1804.23,1181.48,0.411,False
CUST04923,2025-09-25 20:45:16.383276,West,Product C,5513.82,3083.67,0.062,False
CUST04924,2025-09-25 22:03:37.483496,North,Product B,4563.51,2903.81,0.066,False
CUST04925,2025-09-25 23:21:58.583716,North,Product A,5385.29,3450.76,0.038,False
CUST04926,2025-09-26 00:40:19.683936,South,Product B,1795.71,1099.88,0.381,False
CUST04927,2025-09-26 01:58:40.784156,North,Product D,3825.67,2372.37,0.055,False
CUST04928,2025-09-26 03:17:01.884376,East,Product C,5367.33,3300.32,0.066,False
CUST04929,2025-09-26 04:35:22.984596,West,Product D,4119.89,2127.4,0.083,False
CUST04930,2025-09-26 05:53:44.084816,South,Product C,2012.98,1276.33,0.307,True
CUST04931,2025-09-26 07:12:05.185037,South,Product A,1562.06,927.79,0.302,False
CUST04932,2025-09-26 08:30:26.285257,West,Product A,4870.97,2862.63,0.101,False
CUST04933,2025-09-26 09:48:47.385477,South,Product A,2134.24,1434.21,0.383,False
CUST04934,2025-09-26 11:07:08.485697,South,Product A,1888.99,953.27,0.384,True
CUST04935,2025-09-26 12:25:29.585917,South,Product A,1447.75,796.64,0.38,False
CUST04936,2025-09-26 13:43:50.686137,West,Product B,4188.07,2195.72,0.02,False
CUST04937,2025-09-26 15:02:11.786357,South,Product C,1582.2,802.28,0.38,False
CUST04938,2025-09-26 16:20:32.886577,East,Product D,5315.72,2950.94,0.024,False
CUST04939,2025-09-26 17:38:53.986797,West,Product C,5286.64,3688.46,0.025,False
CUST04940,2025-09-26 18:57:15.087017,South,Product D,1513.93,838.79,0.41,True
CUST04941,2025-09-26 20:15:36.187237,South,Product A,1423.18,900.51,0.384,False
CUST04942,2025-09-26 21:33:57.287457,West,Product A,5225.27,2736.26,0.11,False
CUST04943,2025-09-26 22:52:18.387677,South,Product C,1699.08,1054.06,0.395,False
CUST04944,2025-09-27 00:10:39.487897,East,Product A,6725.77,4687.17,0.198,False
CUST04945,2025-09-27 01:29:00.588117,West,Product A,5029.28,2808.19,0.122,False
CUST04946,2025-09-27 02:47:21.688337,East,Product A,6451.4,4319.96,0.123,False
CUST04947,2025-09-27 04:05:42.788557,East,Product A,4063.69,2842.61,0.151,False
CUST04948,2025-09-27 05:24:03.888777,West,Product B,3741.43,2311.12,0.046,False
CUST04949,2025-09-27 06:42:24.988997,West,Product B,4103.93,2305.92,0.033,False
CUST04950,2025-09-27 08:00:46.089217,South,Product B,2082.96,1322.07,0.372,False
CUST04951,2025-09-27 09:19:07.189437,North,Product C,6404.88,4284.67,0.069,False
CUST04952,2025-09-27 10:37:28.289657,South,Product B,1530.99,817.96,0.247,False
CUST04953,2025-09-27 11:55:49.389877,East,Product A,4631.55,2734.94,0.063,False
CUST04954,2025-09-27 13:14:10.490098,South,Product A,1422.69,802.16,0.292,False
CUST04955,2025-09-27 14:32:31.590318,East,Product A,3550.69,1976.57,0.193,False
CUST04956,2025-09-27 15:50:52.690538,South,Product C,1951.16,1311.5,0.36,False
CUST04957,2025-09-27 17:09:13.790758,East,Product C,5178.42,3025.91,0.106,False
CUST04958,2025-09-27 18:27:34.890978,North,Product C,5008.39,2843.84,0.194,False
CUST04959,2025-09-27 19:45:55.991198,East,Product A,3879.95,2408.3,0.181,False
CUST04960,2025-09-27 21:04:17.091418,South,Product B,2209.19,1201.53,0.322,True
CUST04961,2025-09-27 22:22:38.191638,North,Product B,4597.31,2510.04,0.181,False
CUST04962,2025-09-27 23:40:59.291858,North,Product B,5426.9,3278.16,0.081,False
CUST04963,2025-09-28 00:59:20.392078,East,Product B,3836.35,2232.2,0.046,False
CUST04964,2025-09-28 02:17:41.492298,South,Product B,1696.65,948.42,0.267,False
CUST04965,2025-09-28 03:36:02.592518,North,Product B,5233.1,2673.02,0.132,False
CUST04966,2025-09-28 04:54:23.692738,West,Product C,5261.66,3178.86,0.1,False
CUST04967,2025-09-28 06:12:44.792958,East,Product A,5123.72,3398.67,0.132,False
CUST04968,2025-09-28 07:31:05.893178,West,Product C,5395.62,3616.55,0.137,False
CUST04969,2025-09-28 08:49:26.993398,South,Product A,1433.45,784.23,0.224,False
CUST04970,2025-09-28 10:07:48.093618,South,Product A,1805.26,1119.13,0.231,False
CUST04971,2025-09-28 11:26:09.193838,West,Product D,5091.01,3416.96,0.107,False
CUST04972,2025-09-28 12:44:30.294058,South,Product D,1814.87,1055.79,0.258,False
CUST04973,2025-09-28 14:02:51.394278,East,Product A,5057.88,3471.86,0.127,False
CUST04974,2025-09-28 15:21:12.494498,North,Product B,3981.43,2709.74,0.11,False
CUST04975,2025-09-28 16:39:33.594718,South,Product A,1381.02,748.0,0.337,False
CUST04976,2025-09-28 17:57:54.694938,North,Product B,3228.59,1781.51,0.06,False
CUST04977,2025-09-28 19:16:15.795159,North,Product C,5654.03,3031.06,0.128,False
CUST04978,2025-09-28 20:34:36.895379,North,Product D,5662.13,3053.08,0.166,False
CUST04979,2025-09-28 21:52:57.995599,North,Product C,5674.84,3867.81,0.2,False
CUST04980,2025-09-28 23:11:19.095819,West,Product B,5245.43,3599.56,0.168,False
CUST04981,2025-09-29 00:29:40.196039,North,Product C,3293.5,1680.94,0.111,False
CUST04982,2025-09-29 01:48:01.296259,East,Product A,4178.63,2585.41,0.039,False
CUST04983,2025-09-29 03:06:22.396479,West,Product D,5136.33,3147.78,0.136,False
CUST04984,2025-09-29 04:24:43.496699,South,Product D,1787.95,1033.63,0.408,True
CUST04985,2025-09-29 05:43:04.596919,North,Product B,4821.8,3020.08,0.042,False
CUST04986,2025-09-29 07:01:25.697139,East,Product A,5295.13,3650.85,0.051,False
CUST04987,2025-09-29 08:19:46.797359,East,Product A,5009.32,2675.23,0.03,False
CUST04988,2025-09-29 09:38:07.897579,East,Product A,5096.62,2671.05,0.147,False
CUST04989,2025-09-29 10:56:28.997799,East,Product C,4488.75,2274.35,0.081,False
CUST04990,2025-09-29 12:14:50.098019,West,Product B,5785.61,3313.8,0.013,False
CUST04991,2025-09-29 13:33:11.198239,South,Product A,1629.38,924.72,0.395,False
CUST04992,2025-09-29 14:51:32.298459,South,Product B,1377.42,807.39,0.332,False
CUST04993,2025-09-29 16:09:53.398679,East,Product C,4383.2,2632.82,0.066,False
CUST04994,2025-09-29 17:28:14.498899,North,Product A,4721.23,3076.19,0.069,False
CUST04995,2025-09-29 18:46:35.599119,West,Product D,5795.2,3352.08,0.058,False
CUST04996,2025-09-29 20:04:56.699339,North,Product D,4966.19,2811.47,0.091,False
CUST04997,2025-09-29 21:23:17.799559,South,Product D,1697.88,1129.73,0.287,True
CUST04998,2025-09-29 22:41:38.899779,West,Product B,4001.07,2680.55,0.11,False
CUST04999,2025-09-30 00:00:00.000000,South,Product A,1969.94,1076.67,0.375,False
CUST02584,2025-05-21 14:20:42.968593,South,Product B,5455.43,3246.19,0.179,False
CUST04338,2025-08-25 00:49:32.754550,South,Product A,2031.38,1264.51,0.375,False
CUST04556,2025-09-05 21:30:12.602520,East,Product A,5699.79,3572.73,0.184,False
CUST03438,2025-07-07 01:33:02.556511,West,Product C,7702.21,4687.36,0.125,False
CUST00737,2025-02-10 02:25:10.862172,West,Product A,4091.49,2352.86,0.151,False
CUST02676,2025-05-26 14:29:04.188837,South,Product C,4850.85,2789.47,0.101,False
CUST00285,2025-01-16 12:10:13.562712,North,Product C,3938.99,2141.86,0.188,False
CUST02972,2025-06-11 17:01:09.853970,East,Product A,5550.97,3654.59,0.169,False
CUST00241,2025-01-14 02:42:45.153030,West,Product B,4412.67,2557.27,0.105,False
CUST00519,2025-01-29 05:44:31.014202,North,Product C,4591.95,2939.11,0.112,False
CUST04074,2025-08-10 16:04:42.296459,East,Product B,4469.33,2569.25,0.056,True
CUST03654,2025-07-18 19:37:00.204040,North,Product B,5344.11,3375.03,0.065,False
CUST02317,2025-05-07 01:40:49.209841,South,Product C,2807.66,1559.09,0.022,False
CUST04594,2025-09-07 23:07:34.410882,South,Product A,1779.82,1038.05,0.409,False
CUST04668,2025-09-11 23:45:35.827165,East,Product C,3662.42,1973.39,0.102,False
CUST02320,2025-05-07 05:35:52.510502,West,Product A,6052.94,3095.87,0.094,False
CUST04812,2025-09-19 19:48:14.258851,North,Product A,4900.43,3070.65,0.031,False
CUST03685,2025-07-20 12:05:54.310862,South,Product B,2053.31,1140.71,0.305,False
CUST02799,2025-06-02 07:06:19.515903,North,Product A,3332.53,2192.57,0.077,False
CUST02338,2025-05-08 05:06:12.314462,North,Product C,3795.4,2008.14,0.069,False
CUST01569,2025-03-27 08:53:46.245249,South,Product B,4924.58,3247.71,0.093,False
CUST02096,2025-04-25 01:05:06.061212,South,Product C,3401.32,1837.15,0.075,False
CUST04835,2025-09-21 01:50:19.563912,North,Product A,4852.1,2860.06,0.117,False
CUST04435,2025-08-30 07:29:39.475895,North,Product A,3948.57,2523.99,0.056,False
CUST00979,2025-02-23 06:26:17.115423,South,Product B,4481.22,2635.06,0.139,False
CUST01931,2025-04-16 01:37:04.524904,South,Product A,4348.25,2416.51,0.149,False
CUST02120,2025-04-26 08:25:32.466493,West,Product D,6235.87,4036.29,0.155,False
CUST01233,2025-03-09 02:07:36.571314,North,Product A,5219.13,3649.98,0.132,True
CUST02964,2025-06-11 06:34:21.052210,West,Product B,4959.94,3249.51,0.118,False
CUST04188,2025-08-16 20:56:47.721544,East,Product D,5988.75,3529.35,0.081,False
CUST01456,2025-03-21 05:20:01.920384,East,Product C,5528.27,2930.65,0.023,False
CUST00849,2025-02-16 04:40:34.086817,South,Product B,4751.68,3079.0,0.172,False
CUST00350,2025-01-20 01:03:05.077015,South,Product C,4672.53,2756.54,0.06,False
CUST03697,2025-07-21 03:46:07.513502,East,Product B,7018.7,3900.5,0.085,True
CUST00020,2025-01-02 02:07:02.004400,East,Product C,6048.48,3653.5,0.069,False
CUST01522,2025-03-24 19:31:14.534906,South,Product C,5233.74,3428.69,0.071,False
CUST00261,2025-01-15 04:49:47.157431,West,Product C,5702.26,3891.86,0.054,True
CUST02877,2025-06-06 12:57:45.333066,North,Product B,4754.03,2878.94,0.199,False
CUST04701,2025-09-13 18:51:12.134426,North,Product A,4901.62,3320.55,0.122,False
CUST02911,2025-06-08 09:21:42.740548,North,Product B,5181.04,2971.37,0.082,False
CUST00894,2025-02-18 15:26:23.596719,East,Product B,4073.12,2167.91,0.15,False
CUST04194,2025-08-17 04:46:54.322864,East,Product C,5529.39,3117.01,0.108,False
CUST02563,2025-05-20 10:55:19.863972,North,Product C,4323.45,2414.47,0.184,False
CUST01376,2025-03-16 20:51:53.902780,South,Product C,4660.32,2771.36,0.071,False
CUST02835,2025-06-04 06:06:59.123824,West,Product B,2413.95,1562.74,0.009,False
CUST04620,2025-09-09 09:04:43.016603,West,Product B,5002.56,3490.4,0.134,False
CUST04418,2025-08-29 09:17:40.772154,South,Product B,2077.24,1108.89,0.32,True
CUST03647,2025-07-18 10:28:32.502500,South,Product A,1334.49,823.77,0.4,True
CUST02326,2025-05-07 13:25:59.111822,West,Product A,4469.85,2856.35,0.093,False
CUST00471,2025-01-26 15:03:38.203640,West,Product A,4267.4,2550.69,0.171,False
CUST04772,2025-09-17 15:34:10.250050,North,Product A,4751.5,2782.67,0.157,False
CUST01041,2025-02-26 15:24:05.329065,East,Product A,6473.45,3918.42,0.094,False
CUST02504,2025-05-17 05:52:34.950990,North,Product B,4662.73,3070.46,0.14,False
CUST04466,2025-08-31 23:58:33.582716,North,Product D,4798.12,2779.52,0.042,False
CUST00023,2025-01-02 06:02:05.305061,South,Product C,6031.36,3067.63,0.062,False
CUST02370,2025-05-09 22:53:27.521504,East,Product C,4706.38,2736.86,0.183,False
CUST00033,2025-01-02 19:05:36.307261,West,Product C,6088.13,3933.66,0.159,False
CUST04583,2025-09-07 08:45:42.308461,East,Product A,5845.65,3604.77,0.198,False
CUST01575,2025-03-27 16:43:52.846569,North,Product C,-5025.3,3153.19,0.115,False
CUST02421,2025-05-12 17:29:23.632726,North,Product C,5479.27,3323.97,0.087,False
